"SampleID","Subject","Treatment","Assay","UniProt","OlinkID","NPX","LOD","MissingFreq","QC_Warning","PlateID"
"A1","ID1","Untreated","IL8","P10145","OID00471",6.24395726062122,0,0.06875,"Pass","Example_Data_13_INFI.csv"
"A4","ID2","Untreated","IL8","P10145","OID00471",8.80245033653295,0,0.06875,"Pass","Example_Data_13_INFI.csv"
"A7","ID3","Untreated","IL8","P10145","OID00471",13.8925294096151,0,0.06875,"Pass","Example_Data_13_INFI.csv"
"A10","ID4","Untreated","IL8","P10145","OID00471",4.72308138370673,0,0.06875,"Pass","Example_Data_13_INFI.csv"
"A13","ID5","Untreated","IL8","P10145","OID00471",6.5411578126483,0,0.06875,"Pass","Example_Data_13_INFI.csv"
"A16","ID6","Treated","IL8","P10145","OID00471",6.3401670496798,0,0.06875,"Pass","Example_Data_13_INFI.csv"
"A19","ID7","Untreated","IL8","P10145","OID00471",10.9478327850051,0,0.06875,"Pass","Example_Data_13_INFI.csv"
"A22","ID8","Treated","IL8","P10145","OID00471",1.93886557307254,0,0.06875,"Pass","Example_Data_13_INFI.csv"
"A25","ID9","Untreated","IL8","P10145","OID00471",15.1489428840524,0,0.06875,"Pass","Example_Data_13_INFI.csv"
"A28","ID10","Treated","IL8","P10145","OID00471",-1.8549760548057,0,0.06875,"Pass","Example_Data_13_INFI.csv"
"A31","ID11","Treated","IL8","P10145","OID00471",4.83111568597583,0,0.06875,"Pass","Example_Data_13_INFI.csv"
"A37","ID13","Untreated","IL8","P10145","OID00471",1.80764930804217,0,0.06875,"Pass","Example_Data_13_INFI.csv"
"A40","ID14","Untreated","IL8","P10145","OID00471",9.29762472714904,0,0.06875,"Pass","Example_Data_13_INFI.csv"
"A43","ID15","Treated","IL8","P10145","OID00471",6.8644480235806,0,0.06875,"Pass","Example_Data_13_INFI.csv"
"A46","ID16","Untreated","IL8","P10145","OID00471",9.70725980171149,0,0.06875,"Pass","Example_Data_13_INFI.csv"
"A49","ID17","Untreated","IL8","P10145","OID00471",9.65375442116103,0,0.06875,"Pass","Example_Data_13_INFI.csv"
"A52","ID18","Treated","IL8","P10145","OID00471",6.64399661119183,0,0.06875,"Pass","Example_Data_13_INFI.csv"
"A55","ID19","Treated","IL8","P10145","OID00471",5.03218977247,0,0.06875,"Pass","Example_Data_13_INFI.csv"
"A58","ID20","Untreated","IL8","P10145","OID00471",10.4204176611742,0,0.06875,"Pass","Example_Data_13_INFI.csv"
"A61","ID21","Untreated","IL8","P10145","OID00471",3.38334080188716,0,0.06875,"Pass","Example_Data_13_INFI.csv"
"A64","ID22","Untreated","IL8","P10145","OID00471",8.15590967149497,0,0.06875,"Pass","Example_Data_13_INFI.csv"
"A67","ID23","Treated","IL8","P10145","OID00471",8.92934932831946,0,0.06875,"Pass","Example_Data_13_INFI.csv"
"A70","ID24","Untreated","IL8","P10145","OID00471",11.1268298278829,0,0.06875,"Pass","Example_Data_13_INFI.csv"
"A73","ID25","Untreated","IL8","P10145","OID00471",3.35783907737843,0,0.06875,"Pass","Example_Data_13_INFI.csv"
"A76","ID26","Untreated","IL8","P10145","OID00471",-6.88986018528718,0,0.06875,"Pass","Example_Data_13_INFI.csv"
"B2","ID27","Treated","IL8","P10145","OID00471",10.5076130215231,0,0.06875,"Pass","Example_Data_14_INFI.csv"
"B5","ID28","Treated","IL8","P10145","OID00471",2.65148363334655,0,0.06875,"Pass","Example_Data_14_INFI.csv"
"B8","ID29","Untreated","IL8","P10145","OID00471",9.46168288982716,0,0.06875,"Pass","Example_Data_14_INFI.csv"
"B11","ID30","Untreated","IL8","P10145","OID00471",6.91032701467097,0,0.06875,"Pass","Example_Data_14_INFI.csv"
"B14","ID31","Untreated","IL8","P10145","OID00471",6.17562263228188,0,0.06875,"Pass","Example_Data_14_INFI.csv"
"B17","ID32","Treated","IL8","P10145","OID00471",11.1512762361814,0,0.06875,"Pass","Example_Data_14_INFI.csv"
"B20","ID33","Untreated","IL8","P10145","OID00471",10.2719918034023,0,0.06875,"Pass","Example_Data_14_INFI.csv"
"B23","ID34","Untreated","IL8","P10145","OID00471",-1.79217454253858,0,0.06875,"Pass","Example_Data_14_INFI.csv"
"B26","ID35","Untreated","IL8","P10145","OID00471",9.17331058274939,0,0.06875,"Pass","Example_Data_14_INFI.csv"
"B29","ID36","Untreated","IL8","P10145","OID00471",-0.773261144524748,0,0.06875,"Pass","Example_Data_14_INFI.csv"
"B32","ID37","Treated","IL8","P10145","OID00471",0.707355406707015,0,0.06875,"Pass","Example_Data_14_INFI.csv"
"B35","ID38","Treated","IL8","P10145","OID00471",1.45129005861367,0,0.06875,"Pass","Example_Data_14_INFI.csv"
"B38","ID39","Untreated","IL8","P10145","OID00471",-1.33472855739939,0,0.06875,"Pass","Example_Data_14_INFI.csv"
"B41","ID40","Untreated","IL8","P10145","OID00471",8.16581923162389,0,0.06875,"Pass","Example_Data_14_INFI.csv"
"B44","ID41","Untreated","IL8","P10145","OID00471",0.216229282729007,0,0.06875,"Pass","Example_Data_14_INFI.csv"
"B47","ID42","Treated","IL8","P10145","OID00471",6.5684498274771,0,0.06875,"Pass","Example_Data_14_INFI.csv"
"B50","ID43","Treated","IL8","P10145","OID00471",2.33621623927336,0,0.06875,"Pass","Example_Data_14_INFI.csv"
"B53","ID44","Treated","IL8","P10145","OID00471",10.0279459815485,0,0.06875,"Pass","Example_Data_14_INFI.csv"
"B56","ID45","Treated","IL8","P10145","OID00471",10.5034927795334,0,0.06875,"Pass","Example_Data_14_INFI.csv"
"B59","ID46","Treated","IL8","P10145","OID00471",2.13313175870874,0,0.06875,"Pass","Example_Data_14_INFI.csv"
"B62","ID47","Treated","IL8","P10145","OID00471",11.3870539025108,0,0.06875,"Pass","Example_Data_14_INFI.csv"
"B65","ID48","Treated","IL8","P10145","OID00471",4.45459758696636,0,0.06875,"Pass","Example_Data_14_INFI.csv"
"B68","ID49","Treated","IL8","P10145","OID00471",7.22210492526777,0,0.06875,"Pass","Example_Data_14_INFI.csv"
"B71","ID50","Treated","IL8","P10145","OID00471",13.9778561464761,0,0.06875,"Pass","Example_Data_14_INFI.csv"
"B74","ID51","Untreated","IL8","P10145","OID00471",9.1695729742629,0,0.06875,"Pass","Example_Data_14_INFI.csv"
"B77","ID52","Treated","IL8","P10145","OID00471",12.3435006246542,0,0.06875,"Pass","Example_Data_14_INFI.csv"
"A1","ID1","Untreated","VEGFA","P15692","OID00472",4.12878270628313,0,0.01875,"Pass","Example_Data_13_INFI.csv"
"A4","ID2","Untreated","VEGFA","P15692","OID00472",3.44739179249347,0,0.01875,"Pass","Example_Data_13_INFI.csv"
"A7","ID3","Untreated","VEGFA","P15692","OID00472",2.67865047289931,0,0.01875,"Pass","Example_Data_13_INFI.csv"
"A10","ID4","Untreated","VEGFA","P15692","OID00472",-0.194175322643201,0,0.01875,"Pass","Example_Data_13_INFI.csv"
"A13","ID5","Untreated","VEGFA","P15692","OID00472",3.04760960644267,0,0.01875,"Pass","Example_Data_13_INFI.csv"
"A16","ID6","Treated","VEGFA","P15692","OID00472",7.42641831565595,0,0.01875,"Pass","Example_Data_13_INFI.csv"
"A19","ID7","Untreated","VEGFA","P15692","OID00472",4.1529804574045,0,0.01875,"Pass","Example_Data_13_INFI.csv"
"A22","ID8","Treated","VEGFA","P15692","OID00472",2.20013595417079,0,0.01875,"Pass","Example_Data_13_INFI.csv"
"A25","ID9","Untreated","VEGFA","P15692","OID00472",4.77634488563417,0,0.01875,"Pass","Example_Data_13_INFI.csv"
"A28","ID10","Treated","VEGFA","P15692","OID00472",4.38262594665919,0,0.01875,"Pass","Example_Data_13_INFI.csv"
"A31","ID11","Treated","VEGFA","P15692","OID00472",2.73117501314293,0,0.01875,"Pass","Example_Data_13_INFI.csv"
"A37","ID13","Untreated","VEGFA","P15692","OID00472",6.42332445777102,0,0.01875,"Pass","Example_Data_13_INFI.csv"
"A40","ID14","Untreated","VEGFA","P15692","OID00472",3.85439901553063,0,0.01875,"Pass","Example_Data_13_INFI.csv"
"A43","ID15","Treated","VEGFA","P15692","OID00472",1.68846779196447,0,0.01875,"Pass","Example_Data_13_INFI.csv"
"A46","ID16","Untreated","VEGFA","P15692","OID00472",0.699758741014247,0,0.01875,"Pass","Example_Data_13_INFI.csv"
"A49","ID17","Untreated","VEGFA","P15692","OID00472",7.39258827322237,0,0.01875,"Pass","Example_Data_13_INFI.csv"
"A52","ID18","Treated","VEGFA","P15692","OID00472",3.85866934521585,0,0.01875,"Pass","Example_Data_13_INFI.csv"
"A55","ID19","Treated","VEGFA","P15692","OID00472",5.15144897479807,0,0.01875,"Pass","Example_Data_13_INFI.csv"
"A58","ID20","Untreated","VEGFA","P15692","OID00472",3.17593250385857,0,0.01875,"Pass","Example_Data_13_INFI.csv"
"A61","ID21","Untreated","VEGFA","P15692","OID00472",6.5216248148075,0,0.01875,"Pass","Example_Data_13_INFI.csv"
"A64","ID22","Untreated","VEGFA","P15692","OID00472",4.66906520781235,0,0.01875,"Pass","Example_Data_13_INFI.csv"
"A67","ID23","Treated","VEGFA","P15692","OID00472",2.77799580046003,0,0.01875,"Pass","Example_Data_13_INFI.csv"
"A70","ID24","Untreated","VEGFA","P15692","OID00472",5.37605685702829,0,0.01875,"Pass","Example_Data_13_INFI.csv"
"A73","ID25","Untreated","VEGFA","P15692","OID00472",5.31464326247914,0,0.01875,"Pass","Example_Data_13_INFI.csv"
"A76","ID26","Untreated","VEGFA","P15692","OID00472",5.31632923222692,0,0.01875,"Pass","Example_Data_13_INFI.csv"
"B2","ID27","Treated","VEGFA","P15692","OID00472",3.04321194017016,0,0.01875,"Pass","Example_Data_14_INFI.csv"
"B5","ID28","Treated","VEGFA","P15692","OID00472",4.58162185511978,0,0.01875,"Pass","Example_Data_14_INFI.csv"
"B8","ID29","Untreated","VEGFA","P15692","OID00472",4.99919890235722,0,0.01875,"Pass","Example_Data_14_INFI.csv"
"B11","ID30","Untreated","VEGFA","P15692","OID00472",2.43544482159249,0,0.01875,"Pass","Example_Data_14_INFI.csv"
"B14","ID31","Untreated","VEGFA","P15692","OID00472",1.37606464914019,0,0.01875,"Pass","Example_Data_14_INFI.csv"
"B17","ID32","Treated","VEGFA","P15692","OID00472",5.68251285585702,0,0.01875,"Pass","Example_Data_14_INFI.csv"
"B20","ID33","Untreated","VEGFA","P15692","OID00472",4.20841970828178,0,0.01875,"Pass","Example_Data_14_INFI.csv"
"B23","ID34","Untreated","VEGFA","P15692","OID00472",4.7637104036221,0,0.01875,"Pass","Example_Data_14_INFI.csv"
"B26","ID35","Untreated","VEGFA","P15692","OID00472",5.15274428277583,0,0.01875,"Pass","Example_Data_14_INFI.csv"
"B29","ID36","Untreated","VEGFA","P15692","OID00472",1.85991444218744,0,0.01875,"Pass","Example_Data_14_INFI.csv"
"B32","ID37","Treated","VEGFA","P15692","OID00472",4.82882257087565,0,0.01875,"Pass","Example_Data_14_INFI.csv"
"B35","ID38","Treated","VEGFA","P15692","OID00472",4.17281328487302,0,0.01875,"Pass","Example_Data_14_INFI.csv"
"B38","ID39","Untreated","VEGFA","P15692","OID00472",2.44448807583506,0,0.01875,"Pass","Example_Data_14_INFI.csv"
"B41","ID40","Untreated","VEGFA","P15692","OID00472",3.9111107159025,0,0.01875,"Pass","Example_Data_14_INFI.csv"
"B44","ID41","Untreated","VEGFA","P15692","OID00472",4.33611443275806,0,0.01875,"Pass","Example_Data_14_INFI.csv"
"B47","ID42","Treated","VEGFA","P15692","OID00472",2.33965059920482,0,0.01875,"Pass","Example_Data_14_INFI.csv"
"B50","ID43","Treated","VEGFA","P15692","OID00472",6.70553592033031,0,0.01875,"Pass","Example_Data_14_INFI.csv"
"B53","ID44","Treated","VEGFA","P15692","OID00472",4.54826920670673,0,0.01875,"Pass","Example_Data_14_INFI.csv"
"B56","ID45","Treated","VEGFA","P15692","OID00472",4.15771154303715,0,0.01875,"Pass","Example_Data_14_INFI.csv"
"B59","ID46","Treated","VEGFA","P15692","OID00472",6.14136884248344,0,0.01875,"Pass","Example_Data_14_INFI.csv"
"B62","ID47","Treated","VEGFA","P15692","OID00472",3.40488021407388,0,0.01875,"Pass","Example_Data_14_INFI.csv"
"B65","ID48","Treated","VEGFA","P15692","OID00472",2.33969572779555,0,0.01875,"Pass","Example_Data_14_INFI.csv"
"B68","ID49","Treated","VEGFA","P15692","OID00472",4.53292837728426,0,0.01875,"Pass","Example_Data_14_INFI.csv"
"B71","ID50","Treated","VEGFA","P15692","OID00472",3.52925741642053,0,0.01875,"Pass","Example_Data_14_INFI.csv"
"B74","ID51","Untreated","VEGFA","P15692","OID00472",3.722389246172,0,0.01875,"Pass","Example_Data_14_INFI.csv"
"B77","ID52","Treated","VEGFA","P15692","OID00472",1.92289176736183,0,0.01875,"Pass","Example_Data_14_INFI.csv"
"A1","ID1","Untreated","MCP-3","P80098","OID00474",8.277223619609,0,0.03125,"Pass","Example_Data_13_INFI.csv"
"A4","ID2","Untreated","MCP-3","P80098","OID00474",3.08655423986104,0,0.03125,"Pass","Example_Data_13_INFI.csv"
"A7","ID3","Untreated","MCP-3","P80098","OID00474",11.4319350532565,0,0.03125,"Pass","Example_Data_13_INFI.csv"
"A10","ID4","Untreated","MCP-3","P80098","OID00474",7.66667781727168,0,0.03125,"Pass","Example_Data_13_INFI.csv"
"A13","ID5","Untreated","MCP-3","P80098","OID00474",3.94236456497438,0,0.03125,"Pass","Example_Data_13_INFI.csv"
"A16","ID6","Treated","MCP-3","P80098","OID00474",5.05761559967368,0,0.03125,"Pass","Example_Data_13_INFI.csv"
"A19","ID7","Untreated","MCP-3","P80098","OID00474",9.86496971791621,0,0.03125,"Pass","Example_Data_13_INFI.csv"
"A22","ID8","Treated","MCP-3","P80098","OID00474",6.2028026746678,0,0.03125,"Pass","Example_Data_13_INFI.csv"
"A25","ID9","Untreated","MCP-3","P80098","OID00474",3.1842881192311,0,0.03125,"Pass","Example_Data_13_INFI.csv"
"A28","ID10","Treated","MCP-3","P80098","OID00474",10.8043237845112,0,0.03125,"Pass","Example_Data_13_INFI.csv"
"A31","ID11","Treated","MCP-3","P80098","OID00474",6.49789042434531,0,0.03125,"Pass","Example_Data_13_INFI.csv"
"A37","ID13","Untreated","MCP-3","P80098","OID00474",1.16453320474239,0,0.03125,"Pass","Example_Data_13_INFI.csv"
"A40","ID14","Untreated","MCP-3","P80098","OID00474",0.289425531915556,0,0.03125,"Pass","Example_Data_13_INFI.csv"
"A43","ID15","Treated","MCP-3","P80098","OID00474",0.36375410120771,0,0.03125,"Pass","Example_Data_13_INFI.csv"
"A46","ID16","Untreated","MCP-3","P80098","OID00474",0.0179665459823666,0,0.03125,"Pass","Example_Data_13_INFI.csv"
"A49","ID17","Untreated","MCP-3","P80098","OID00474",0.650253862189222,0,0.03125,"Pass","Example_Data_13_INFI.csv"
"A52","ID18","Treated","MCP-3","P80098","OID00474",8.61349818797826,0,0.03125,"Pass","Example_Data_13_INFI.csv"
"A55","ID19","Treated","MCP-3","P80098","OID00474",2.44328631928016,0,0.03125,"Pass","Example_Data_13_INFI.csv"
"A58","ID20","Untreated","MCP-3","P80098","OID00474",3.05158852852298,0,0.03125,"Pass","Example_Data_13_INFI.csv"
"A61","ID21","Untreated","MCP-3","P80098","OID00474",6.94153381492936,0,0.03125,"Pass","Example_Data_13_INFI.csv"
"A64","ID22","Untreated","MCP-3","P80098","OID00474",8.21503622206285,0,0.03125,"Pass","Example_Data_13_INFI.csv"
"A67","ID23","Treated","MCP-3","P80098","OID00474",2.27782971713935,0,0.03125,"Pass","Example_Data_13_INFI.csv"
"A70","ID24","Untreated","MCP-3","P80098","OID00474",4.20734424791471,0,0.03125,"Pass","Example_Data_13_INFI.csv"
"A73","ID25","Untreated","MCP-3","P80098","OID00474",1.3615716925689,0,0.03125,"Pass","Example_Data_13_INFI.csv"
"A76","ID26","Untreated","MCP-3","P80098","OID00474",5.38599640692485,0,0.03125,"Pass","Example_Data_13_INFI.csv"
"B2","ID27","Treated","MCP-3","P80098","OID00474",3.83806083613331,0,0.03125,"Pass","Example_Data_14_INFI.csv"
"B5","ID28","Treated","MCP-3","P80098","OID00474",3.89943450894818,0,0.03125,"Pass","Example_Data_14_INFI.csv"
"B8","ID29","Untreated","MCP-3","P80098","OID00474",4.77042606752887,0,0.03125,"Pass","Example_Data_14_INFI.csv"
"B11","ID30","Untreated","MCP-3","P80098","OID00474",-2.28692550179954,0,0.03125,"Pass","Example_Data_14_INFI.csv"
"B14","ID31","Untreated","MCP-3","P80098","OID00474",7.46607324831292,0,0.03125,"Pass","Example_Data_14_INFI.csv"
"B17","ID32","Treated","MCP-3","P80098","OID00474",6.10320028219071,0,0.03125,"Pass","Example_Data_14_INFI.csv"
"B20","ID33","Untreated","MCP-3","P80098","OID00474",0.506597170818604,0,0.03125,"Pass","Example_Data_14_INFI.csv"
"B23","ID34","Untreated","MCP-3","P80098","OID00474",6.3250032089153,0,0.03125,"Pass","Example_Data_14_INFI.csv"
"B26","ID35","Untreated","MCP-3","P80098","OID00474",6.10485804774423,0,0.03125,"Pass","Example_Data_14_INFI.csv"
"B29","ID36","Untreated","MCP-3","P80098","OID00474",5.62124540892114,0,0.03125,"Pass","Example_Data_14_INFI.csv"
"B32","ID37","Treated","MCP-3","P80098","OID00474",7.90494121837359,0,0.03125,"Pass","Example_Data_14_INFI.csv"
"B35","ID38","Treated","MCP-3","P80098","OID00474",8.19864845157867,0,0.03125,"Pass","Example_Data_14_INFI.csv"
"B38","ID39","Untreated","MCP-3","P80098","OID00474",3.55181639322315,0,0.03125,"Pass","Example_Data_14_INFI.csv"
"B41","ID40","Untreated","MCP-3","P80098","OID00474",6.84455649578151,0,0.03125,"Pass","Example_Data_14_INFI.csv"
"B44","ID41","Untreated","MCP-3","P80098","OID00474",5.01872124061636,0,0.03125,"Pass","Example_Data_14_INFI.csv"
"B47","ID42","Treated","MCP-3","P80098","OID00474",6.87272384759555,0,0.03125,"Pass","Example_Data_14_INFI.csv"
"B50","ID43","Treated","MCP-3","P80098","OID00474",6.8203766464207,0,0.03125,"Pass","Example_Data_14_INFI.csv"
"B53","ID44","Treated","MCP-3","P80098","OID00474",2.73175052693693,0,0.03125,"Pass","Example_Data_14_INFI.csv"
"B56","ID45","Treated","MCP-3","P80098","OID00474",3.24869983772432,0,0.03125,"Pass","Example_Data_14_INFI.csv"
"B59","ID46","Treated","MCP-3","P80098","OID00474",2.36285888383413,0,0.03125,"Pass","Example_Data_14_INFI.csv"
"B62","ID47","Treated","MCP-3","P80098","OID00474",5.54529530314942,0,0.03125,"Pass","Example_Data_14_INFI.csv"
"B65","ID48","Treated","MCP-3","P80098","OID00474",10.8029115554012,0,0.03125,"Pass","Example_Data_14_INFI.csv"
"B68","ID49","Treated","MCP-3","P80098","OID00474",4.23002555411304,0,0.03125,"Pass","Example_Data_14_INFI.csv"
"B71","ID50","Treated","MCP-3","P80098","OID00474",4.52204909690451,0,0.03125,"Pass","Example_Data_14_INFI.csv"
"B74","ID51","Untreated","MCP-3","P80098","OID00474",4.72376872825767,0,0.03125,"Pass","Example_Data_14_INFI.csv"
"B77","ID52","Treated","MCP-3","P80098","OID00474",9.17220067771033,0,0.03125,"Pass","Example_Data_14_INFI.csv"
"A1","ID1","Untreated","GDNF","P39905","OID00475",9.45238208054727,2.96282258985035,0.08125,"Pass","Example_Data_13_INFI.csv"
"A4","ID2","Untreated","GDNF","P39905","OID00475",11.4016785673346,2.96282258985035,0.08125,"Pass","Example_Data_13_INFI.csv"
"A7","ID3","Untreated","GDNF","P39905","OID00475",9.98092759542773,2.96282258985035,0.08125,"Pass","Example_Data_13_INFI.csv"
"A10","ID4","Untreated","GDNF","P39905","OID00475",0.733906654360151,2.96282258985035,0.08125,"Pass","Example_Data_13_INFI.csv"
"A13","ID5","Untreated","GDNF","P39905","OID00475",9.70011132036443,2.96282258985035,0.08125,"Pass","Example_Data_13_INFI.csv"
"A16","ID6","Treated","GDNF","P39905","OID00475",13.6955425876424,2.96282258985035,0.08125,"Pass","Example_Data_13_INFI.csv"
"A19","ID7","Untreated","GDNF","P39905","OID00475",15.0244917506402,2.96282258985035,0.08125,"Pass","Example_Data_13_INFI.csv"
"A22","ID8","Treated","GDNF","P39905","OID00475",8.7378961774893,2.96282258985035,0.08125,"Pass","Example_Data_13_INFI.csv"
"A25","ID9","Untreated","GDNF","P39905","OID00475",14.0153210499198,2.96282258985035,0.08125,"Pass","Example_Data_13_INFI.csv"
"A28","ID10","Treated","GDNF","P39905","OID00475",10.9347794529545,2.96282258985035,0.08125,"Pass","Example_Data_13_INFI.csv"
"A31","ID11","Treated","GDNF","P39905","OID00475",12.2969830823322,2.96282258985035,0.08125,"Pass","Example_Data_13_INFI.csv"
"A37","ID13","Untreated","GDNF","P39905","OID00475",18.8402634553181,2.96282258985035,0.08125,"Pass","Example_Data_13_INFI.csv"
"A40","ID14","Untreated","GDNF","P39905","OID00475",10.7876550774294,2.96282258985035,0.08125,"Pass","Example_Data_13_INFI.csv"
"A43","ID15","Treated","GDNF","P39905","OID00475",2.66322953965426,2.96282258985035,0.08125,"Pass","Example_Data_13_INFI.csv"
"A46","ID16","Untreated","GDNF","P39905","OID00475",5.81366120056927,2.96282258985035,0.08125,"Pass","Example_Data_13_INFI.csv"
"A49","ID17","Untreated","GDNF","P39905","OID00475",18.1791756304495,2.96282258985035,0.08125,"Pass","Example_Data_13_INFI.csv"
"A52","ID18","Treated","GDNF","P39905","OID00475",18.1413724190856,2.96282258985035,0.08125,"Pass","Example_Data_13_INFI.csv"
"A55","ID19","Treated","GDNF","P39905","OID00475",11.3284204811101,2.96282258985035,0.08125,"Pass","Example_Data_13_INFI.csv"
"A58","ID20","Untreated","GDNF","P39905","OID00475",7.28188232578345,2.96282258985035,0.08125,"Pass","Example_Data_13_INFI.csv"
"A61","ID21","Untreated","GDNF","P39905","OID00475",3.99002859063525,2.96282258985035,0.08125,"Pass","Example_Data_13_INFI.csv"
"A64","ID22","Untreated","GDNF","P39905","OID00475",6.2200150101514,2.96282258985035,0.08125,"Pass","Example_Data_13_INFI.csv"
"A67","ID23","Treated","GDNF","P39905","OID00475",11.7207250057584,2.96282258985035,0.08125,"Pass","Example_Data_13_INFI.csv"
"A70","ID24","Untreated","GDNF","P39905","OID00475",16.8482293958436,2.96282258985035,0.08125,"Pass","Example_Data_13_INFI.csv"
"A73","ID25","Untreated","GDNF","P39905","OID00475",9.91283820223688,2.96282258985035,0.08125,"Pass","Example_Data_13_INFI.csv"
"A76","ID26","Untreated","GDNF","P39905","OID00475",12.0360421191001,2.96282258985035,0.08125,"Pass","Example_Data_13_INFI.csv"
"B2","ID27","Treated","GDNF","P39905","OID00475",8.084196476794,2.96282258985035,0.08125,"Pass","Example_Data_14_INFI.csv"
"B5","ID28","Treated","GDNF","P39905","OID00475",-0.635953890998723,2.96282258985035,0.08125,"Pass","Example_Data_14_INFI.csv"
"B8","ID29","Untreated","GDNF","P39905","OID00475",14.4735534626411,2.96282258985035,0.08125,"Pass","Example_Data_14_INFI.csv"
"B11","ID30","Untreated","GDNF","P39905","OID00475",2.90557894135447,2.96282258985035,0.08125,"Pass","Example_Data_14_INFI.csv"
"B14","ID31","Untreated","GDNF","P39905","OID00475",17.0472209793777,2.96282258985035,0.08125,"Pass","Example_Data_14_INFI.csv"
"B17","ID32","Treated","GDNF","P39905","OID00475",21.775040256742,2.96282258985035,0.08125,"Pass","Example_Data_14_INFI.csv"
"B20","ID33","Untreated","GDNF","P39905","OID00475",13.5824403805613,2.96282258985035,0.08125,"Pass","Example_Data_14_INFI.csv"
"B23","ID34","Untreated","GDNF","P39905","OID00475",13.9917889973455,2.96282258985035,0.08125,"Pass","Example_Data_14_INFI.csv"
"B26","ID35","Untreated","GDNF","P39905","OID00475",11.9362639053493,2.96282258985035,0.08125,"Pass","Example_Data_14_INFI.csv"
"B29","ID36","Untreated","GDNF","P39905","OID00475",5.73927433201861,2.96282258985035,0.08125,"Pass","Example_Data_14_INFI.csv"
"B32","ID37","Treated","GDNF","P39905","OID00475",-3.28534144421519,2.96282258985035,0.08125,"Pass","Example_Data_14_INFI.csv"
"B35","ID38","Treated","GDNF","P39905","OID00475",18.894104913078,2.96282258985035,0.08125,"Pass","Example_Data_14_INFI.csv"
"B38","ID39","Untreated","GDNF","P39905","OID00475",9.31082188615501,2.96282258985035,0.08125,"Pass","Example_Data_14_INFI.csv"
"B41","ID40","Untreated","GDNF","P39905","OID00475",12.3080977165768,2.96282258985035,0.08125,"Pass","Example_Data_14_INFI.csv"
"B44","ID41","Untreated","GDNF","P39905","OID00475",13.5792574389846,2.96282258985035,0.08125,"Pass","Example_Data_14_INFI.csv"
"B47","ID42","Treated","GDNF","P39905","OID00475",6.09812929610742,2.96282258985035,0.08125,"Pass","Example_Data_14_INFI.csv"
"B50","ID43","Treated","GDNF","P39905","OID00475",7.44617155528096,2.96282258985035,0.08125,"Pass","Example_Data_14_INFI.csv"
"B53","ID44","Treated","GDNF","P39905","OID00475",15.1384357421162,2.96282258985035,0.08125,"Pass","Example_Data_14_INFI.csv"
"B56","ID45","Treated","GDNF","P39905","OID00475",10.4384042917759,2.96282258985035,0.08125,"Pass","Example_Data_14_INFI.csv"
"B59","ID46","Treated","GDNF","P39905","OID00475",10.2677563664328,2.96282258985035,0.08125,"Pass","Example_Data_14_INFI.csv"
"B62","ID47","Treated","GDNF","P39905","OID00475",14.5979319413727,2.96282258985035,0.08125,"Pass","Example_Data_14_INFI.csv"
"B65","ID48","Treated","GDNF","P39905","OID00475",12.6974608375794,2.96282258985035,0.08125,"Pass","Example_Data_14_INFI.csv"
"B68","ID49","Treated","GDNF","P39905","OID00475",11.1782303880277,2.96282258985035,0.08125,"Pass","Example_Data_14_INFI.csv"
"B71","ID50","Treated","GDNF","P39905","OID00475",16.3166491600666,2.96282258985035,0.08125,"Pass","Example_Data_14_INFI.csv"
"B74","ID51","Untreated","GDNF","P39905","OID00475",4.54736774921758,2.96282258985035,0.08125,"Pass","Example_Data_14_INFI.csv"
"B77","ID52","Treated","GDNF","P39905","OID00475",11.6028444390726,2.96282258985035,0.08125,"Pass","Example_Data_14_INFI.csv"
"A1","ID1","Untreated","CDCP1","Q9H5V8","OID00476",2.63948591285038,1.56849572515348,0.05,"Pass","Example_Data_13_INFI.csv"
"A4","ID2","Untreated","CDCP1","Q9H5V8","OID00476",14.5281167694454,1.56849572515348,0.05,"Pass","Example_Data_13_INFI.csv"
"A7","ID3","Untreated","CDCP1","Q9H5V8","OID00476",5.0421598834274,1.56849572515348,0.05,"Pass","Example_Data_13_INFI.csv"
"A10","ID4","Untreated","CDCP1","Q9H5V8","OID00476",8.12996486290181,1.56849572515348,0.05,"Pass","Example_Data_13_INFI.csv"
"A13","ID5","Untreated","CDCP1","Q9H5V8","OID00476",3.25590962999878,1.56849572515348,0.05,"Pass","Example_Data_13_INFI.csv"
"A16","ID6","Treated","CDCP1","Q9H5V8","OID00476",6.3147116106555,1.56849572515348,0.05,"Pass","Example_Data_13_INFI.csv"
"A19","ID7","Untreated","CDCP1","Q9H5V8","OID00476",15.337787947462,1.56849572515348,0.05,"Pass","Example_Data_13_INFI.csv"
"A22","ID8","Treated","CDCP1","Q9H5V8","OID00476",14.7050265908735,1.56849572515348,0.05,"Pass","Example_Data_13_INFI.csv"
"A25","ID9","Untreated","CDCP1","Q9H5V8","OID00476",11.7663876094532,1.56849572515348,0.05,"Pass","Example_Data_13_INFI.csv"
"A28","ID10","Treated","CDCP1","Q9H5V8","OID00476",14.1525944333721,1.56849572515348,0.05,"Pass","Example_Data_13_INFI.csv"
"A31","ID11","Treated","CDCP1","Q9H5V8","OID00476",8.73889447831361,1.56849572515348,0.05,"Pass","Example_Data_13_INFI.csv"
"A37","ID13","Untreated","CDCP1","Q9H5V8","OID00476",14.315432862214,1.56849572515348,0.05,"Pass","Example_Data_13_INFI.csv"
"A40","ID14","Untreated","CDCP1","Q9H5V8","OID00476",6.7481074819935,1.56849572515348,0.05,"Pass","Example_Data_13_INFI.csv"
"A43","ID15","Treated","CDCP1","Q9H5V8","OID00476",4.06472068287272,1.56849572515348,0.05,"Pass","Example_Data_13_INFI.csv"
"A46","ID16","Untreated","CDCP1","Q9H5V8","OID00476",4.68902027897145,1.56849572515348,0.05,"Pass","Example_Data_13_INFI.csv"
"A49","ID17","Untreated","CDCP1","Q9H5V8","OID00476",15.6885782203618,1.56849572515348,0.05,"Pass","Example_Data_13_INFI.csv"
"A52","ID18","Treated","CDCP1","Q9H5V8","OID00476",11.792457451578,1.56849572515348,0.05,"Pass","Example_Data_13_INFI.csv"
"A55","ID19","Treated","CDCP1","Q9H5V8","OID00476",13.217355294684,1.56849572515348,0.05,"Pass","Example_Data_13_INFI.csv"
"A58","ID20","Untreated","CDCP1","Q9H5V8","OID00476",4.68183716593607,1.56849572515348,0.05,"Pass","Example_Data_13_INFI.csv"
"A61","ID21","Untreated","CDCP1","Q9H5V8","OID00476",8.96695216996901,1.56849572515348,0.05,"Pass","Example_Data_13_INFI.csv"
"A64","ID22","Untreated","CDCP1","Q9H5V8","OID00476",2.51523479022674,1.56849572515348,0.05,"Pass","Example_Data_13_INFI.csv"
"A67","ID23","Treated","CDCP1","Q9H5V8","OID00476",7.38087612814782,1.56849572515348,0.05,"Pass","Example_Data_13_INFI.csv"
"A70","ID24","Untreated","CDCP1","Q9H5V8","OID00476",9.209449618854,1.56849572515348,0.05,"Pass","Example_Data_13_INFI.csv"
"A73","ID25","Untreated","CDCP1","Q9H5V8","OID00476",11.5037641057858,1.56849572515348,0.05,"Pass","Example_Data_13_INFI.csv"
"A76","ID26","Untreated","CDCP1","Q9H5V8","OID00476",8.9165341577424,1.56849572515348,0.05,"Pass","Example_Data_13_INFI.csv"
"B2","ID27","Treated","CDCP1","Q9H5V8","OID00476",13.4578703926613,1.56849572515348,0.05,"Pass","Example_Data_14_INFI.csv"
"B5","ID28","Treated","CDCP1","Q9H5V8","OID00476",9.2541977187868,1.56849572515348,0.05,"Pass","Example_Data_14_INFI.csv"
"B8","ID29","Untreated","CDCP1","Q9H5V8","OID00476",6.75374492639483,1.56849572515348,0.05,"Pass","Example_Data_14_INFI.csv"
"B11","ID30","Untreated","CDCP1","Q9H5V8","OID00476",8.34683714334288,1.56849572515348,0.05,"Pass","Example_Data_14_INFI.csv"
"B14","ID31","Untreated","CDCP1","Q9H5V8","OID00476",16.9201862685319,1.56849572515348,0.05,"Pass","Example_Data_14_INFI.csv"
"B17","ID32","Treated","CDCP1","Q9H5V8","OID00476",12.1274747593108,1.56849572515348,0.05,"Pass","Example_Data_14_INFI.csv"
"B20","ID33","Untreated","CDCP1","Q9H5V8","OID00476",-4.87791815680085,1.56849572515348,0.05,"Pass","Example_Data_14_INFI.csv"
"B23","ID34","Untreated","CDCP1","Q9H5V8","OID00476",7.41300426099136,1.56849572515348,0.05,"Pass","Example_Data_14_INFI.csv"
"B26","ID35","Untreated","CDCP1","Q9H5V8","OID00476",7.64719956089758,1.56849572515348,0.05,"Pass","Example_Data_14_INFI.csv"
"B29","ID36","Untreated","CDCP1","Q9H5V8","OID00476",15.1327692295642,1.56849572515348,0.05,"Pass","Example_Data_14_INFI.csv"
"B32","ID37","Treated","CDCP1","Q9H5V8","OID00476",6.80063658080424,1.56849572515348,0.05,"Pass","Example_Data_14_INFI.csv"
"B35","ID38","Treated","CDCP1","Q9H5V8","OID00476",-2.10275184794143,1.56849572515348,0.05,"Pass","Example_Data_14_INFI.csv"
"B38","ID39","Untreated","CDCP1","Q9H5V8","OID00476",6.28252717525864,1.56849572515348,0.05,"Pass","Example_Data_14_INFI.csv"
"B41","ID40","Untreated","CDCP1","Q9H5V8","OID00476",8.71954377809628,1.56849572515348,0.05,"Pass","Example_Data_14_INFI.csv"
"B44","ID41","Untreated","CDCP1","Q9H5V8","OID00476",2.11147151922766,1.56849572515348,0.05,"Pass","Example_Data_14_INFI.csv"
"B47","ID42","Treated","CDCP1","Q9H5V8","OID00476",13.5722157346794,1.56849572515348,0.05,"Pass","Example_Data_14_INFI.csv"
"B50","ID43","Treated","CDCP1","Q9H5V8","OID00476",11.0323989999482,1.56849572515348,0.05,"Pass","Example_Data_14_INFI.csv"
"B53","ID44","Treated","CDCP1","Q9H5V8","OID00476",12.6534871144532,1.56849572515348,0.05,"Pass","Example_Data_14_INFI.csv"
"B56","ID45","Treated","CDCP1","Q9H5V8","OID00476",8.42436677892906,1.56849572515348,0.05,"Pass","Example_Data_14_INFI.csv"
"B59","ID46","Treated","CDCP1","Q9H5V8","OID00476",4.1552362568969,1.56849572515348,0.05,"Pass","Example_Data_14_INFI.csv"
"B62","ID47","Treated","CDCP1","Q9H5V8","OID00476",7.92671417534498,1.56849572515348,0.05,"Pass","Example_Data_14_INFI.csv"
"B65","ID48","Treated","CDCP1","Q9H5V8","OID00476",6.67439599863277,1.56849572515348,0.05,"Pass","Example_Data_14_INFI.csv"
"B68","ID49","Treated","CDCP1","Q9H5V8","OID00476",12.0994524936251,1.56849572515348,0.05,"Pass","Example_Data_14_INFI.csv"
"B71","ID50","Treated","CDCP1","Q9H5V8","OID00476",5.37350725345897,1.56849572515348,0.05,"Pass","Example_Data_14_INFI.csv"
"B74","ID51","Untreated","CDCP1","Q9H5V8","OID00476",13.284780056334,1.56849572515348,0.05,"Pass","Example_Data_14_INFI.csv"
"B77","ID52","Treated","CDCP1","Q9H5V8","OID00476",-2.79088228252628,1.56849572515348,0.05,"Pass","Example_Data_14_INFI.csv"
"A1","ID1","Untreated","CD244","Q9BZW8","OID00477",0.355061460800385,0,0.09375,"Pass","Example_Data_13_INFI.csv"
"A4","ID2","Untreated","CD244","Q9BZW8","OID00477",0.0392505964518719,0,0.09375,"Pass","Example_Data_13_INFI.csv"
"A7","ID3","Untreated","CD244","Q9BZW8","OID00477",-0.163027711722994,0,0.09375,"Pass","Example_Data_13_INFI.csv"
"A10","ID4","Untreated","CD244","Q9BZW8","OID00477",1.38672119300569,0,0.09375,"Pass","Example_Data_13_INFI.csv"
"A13","ID5","Untreated","CD244","Q9BZW8","OID00477",1.02121593033182,0,0.09375,"Pass","Example_Data_13_INFI.csv"
"A16","ID6","Treated","CD244","Q9BZW8","OID00477",1.30809684957127,0,0.09375,"Pass","Example_Data_13_INFI.csv"
"A19","ID7","Untreated","CD244","Q9BZW8","OID00477",-0.523145209233707,0,0.09375,"Pass","Example_Data_13_INFI.csv"
"A22","ID8","Treated","CD244","Q9BZW8","OID00477",1.40165622935804,0,0.09375,"Pass","Example_Data_13_INFI.csv"
"A25","ID9","Untreated","CD244","Q9BZW8","OID00477",1.24260984642207,0,0.09375,"Pass","Example_Data_13_INFI.csv"
"A28","ID10","Treated","CD244","Q9BZW8","OID00477",0.593102710659127,0,0.09375,"Pass","Example_Data_13_INFI.csv"
"A31","ID11","Treated","CD244","Q9BZW8","OID00477",1.06721210273237,0,0.09375,"Pass","Example_Data_13_INFI.csv"
"A37","ID13","Untreated","CD244","Q9BZW8","OID00477",0.732423874210617,0,0.09375,"Pass","Example_Data_13_INFI.csv"
"A40","ID14","Untreated","CD244","Q9BZW8","OID00477",0.7071474420022,0,0.09375,"Pass","Example_Data_13_INFI.csv"
"A43","ID15","Treated","CD244","Q9BZW8","OID00477",2.07042710222281,0,0.09375,"Pass","Example_Data_13_INFI.csv"
"A46","ID16","Untreated","CD244","Q9BZW8","OID00477",-0.681954872436616,0,0.09375,"Pass","Example_Data_13_INFI.csv"
"A49","ID17","Untreated","CD244","Q9BZW8","OID00477",0.614557040907547,0,0.09375,"Pass","Example_Data_13_INFI.csv"
"A52","ID18","Treated","CD244","Q9BZW8","OID00477",0.337182121971768,0,0.09375,"Pass","Example_Data_13_INFI.csv"
"A55","ID19","Treated","CD244","Q9BZW8","OID00477",1.68697832309958,0,0.09375,"Pass","Example_Data_13_INFI.csv"
"A58","ID20","Untreated","CD244","Q9BZW8","OID00477",0.677004421908091,0,0.09375,"Pass","Example_Data_13_INFI.csv"
"A61","ID21","Untreated","CD244","Q9BZW8","OID00477",0.524697471291115,0,0.09375,"Pass","Example_Data_13_INFI.csv"
"A64","ID22","Untreated","CD244","Q9BZW8","OID00477",1.78566746379455,0,0.09375,"Pass","Example_Data_13_INFI.csv"
"A67","ID23","Treated","CD244","Q9BZW8","OID00477",0.234548972839923,0,0.09375,"Pass","Example_Data_13_INFI.csv"
"A70","ID24","Untreated","CD244","Q9BZW8","OID00477",1.29617859315357,0,0.09375,"Pass","Example_Data_13_INFI.csv"
"A73","ID25","Untreated","CD244","Q9BZW8","OID00477",0.533198835839189,0,0.09375,"Pass","Example_Data_13_INFI.csv"
"A76","ID26","Untreated","CD244","Q9BZW8","OID00477",2.14804406399515,0,0.09375,"Pass","Example_Data_13_INFI.csv"
"B2","ID27","Treated","CD244","Q9BZW8","OID00477",0.841430207366001,0,0.09375,"Pass","Example_Data_14_INFI.csv"
"B5","ID28","Treated","CD244","Q9BZW8","OID00477",0.735971807185314,0,0.09375,"Pass","Example_Data_14_INFI.csv"
"B8","ID29","Untreated","CD244","Q9BZW8","OID00477",3.54687455881009,0,0.09375,"Pass","Example_Data_14_INFI.csv"
"B11","ID30","Untreated","CD244","Q9BZW8","OID00477",1.71818421067137,0,0.09375,"Pass","Example_Data_14_INFI.csv"
"B14","ID31","Untreated","CD244","Q9BZW8","OID00477",0.307406942322275,0,0.09375,"Pass","Example_Data_14_INFI.csv"
"B17","ID32","Treated","CD244","Q9BZW8","OID00477",1.39309151432972,0,0.09375,"Pass","Example_Data_14_INFI.csv"
"B20","ID33","Untreated","CD244","Q9BZW8","OID00477",0.369740240279386,0,0.09375,"Pass","Example_Data_14_INFI.csv"
"B23","ID34","Untreated","CD244","Q9BZW8","OID00477",1.6135719893225,0,0.09375,"Pass","Example_Data_14_INFI.csv"
"B26","ID35","Untreated","CD244","Q9BZW8","OID00477",-0.471683986677292,0,0.09375,"Pass","Example_Data_14_INFI.csv"
"B29","ID36","Untreated","CD244","Q9BZW8","OID00477",1.43227673143625,0,0.09375,"Pass","Example_Data_14_INFI.csv"
"B32","ID37","Treated","CD244","Q9BZW8","OID00477",1.81884852822998,0,0.09375,"Pass","Example_Data_14_INFI.csv"
"B35","ID38","Treated","CD244","Q9BZW8","OID00477",1.53111418103921,0,0.09375,"Pass","Example_Data_14_INFI.csv"
"B38","ID39","Untreated","CD244","Q9BZW8","OID00477",2.00524201838339,0,0.09375,"Pass","Example_Data_14_INFI.csv"
"B41","ID40","Untreated","CD244","Q9BZW8","OID00477",1.82635101536227,0,0.09375,"Pass","Example_Data_14_INFI.csv"
"B44","ID41","Untreated","CD244","Q9BZW8","OID00477",0.544328006008969,0,0.09375,"Pass","Example_Data_14_INFI.csv"
"B47","ID42","Treated","CD244","Q9BZW8","OID00477",-0.205397894460559,0,0.09375,"Pass","Example_Data_14_INFI.csv"
"B50","ID43","Treated","CD244","Q9BZW8","OID00477",1.44029313413594,0,0.09375,"Pass","Example_Data_14_INFI.csv"
"B53","ID44","Treated","CD244","Q9BZW8","OID00477",0.491947562165682,0,0.09375,"Pass","Example_Data_14_INFI.csv"
"B56","ID45","Treated","CD244","Q9BZW8","OID00477",1.38297767900831,0,0.09375,"Pass","Example_Data_14_INFI.csv"
"B59","ID46","Treated","CD244","Q9BZW8","OID00477",1.56408431995551,0,0.09375,"Pass","Example_Data_14_INFI.csv"
"B62","ID47","Treated","CD244","Q9BZW8","OID00477",0.0960374072349728,0,0.09375,"Pass","Example_Data_14_INFI.csv"
"B65","ID48","Treated","CD244","Q9BZW8","OID00477",0.554303728799636,0,0.09375,"Pass","Example_Data_14_INFI.csv"
"B68","ID49","Treated","CD244","Q9BZW8","OID00477",0.365133031002467,0,0.09375,"Pass","Example_Data_14_INFI.csv"
"B71","ID50","Treated","CD244","Q9BZW8","OID00477",1.40035308352264,0,0.09375,"Pass","Example_Data_14_INFI.csv"
"B74","ID51","Untreated","CD244","Q9BZW8","OID00477",1.22625028404407,0,0.09375,"Pass","Example_Data_14_INFI.csv"
"B77","ID52","Treated","CD244","Q9BZW8","OID00477",3.07647500225746,0,0.09375,"Pass","Example_Data_14_INFI.csv"
"A1","ID1","Untreated","IL7","P13232","OID00478",14.1468958732696,3.38258241298973,0.04375,"Pass","Example_Data_13_INFI.csv"
"A4","ID2","Untreated","IL7","P13232","OID00478",7.23475572209352,3.38258241298973,0.04375,"Pass","Example_Data_13_INFI.csv"
"A7","ID3","Untreated","IL7","P13232","OID00478",11.7521671020733,3.38258241298973,0.04375,"Pass","Example_Data_13_INFI.csv"
"A10","ID4","Untreated","IL7","P13232","OID00478",11.8558790409815,3.38258241298973,0.04375,"Pass","Example_Data_13_INFI.csv"
"A13","ID5","Untreated","IL7","P13232","OID00478",9.01496852953015,3.38258241298973,0.04375,"Pass","Example_Data_13_INFI.csv"
"A16","ID6","Treated","IL7","P13232","OID00478",12.1351455785733,3.38258241298973,0.04375,"Pass","Example_Data_13_INFI.csv"
"A19","ID7","Untreated","IL7","P13232","OID00478",8.7273346345004,3.38258241298973,0.04375,"Pass","Example_Data_13_INFI.csv"
"A22","ID8","Treated","IL7","P13232","OID00478",6.1071650090363,3.38258241298973,0.04375,"Pass","Example_Data_13_INFI.csv"
"A25","ID9","Untreated","IL7","P13232","OID00478",11.3911119602842,3.38258241298973,0.04375,"Pass","Example_Data_13_INFI.csv"
"A28","ID10","Treated","IL7","P13232","OID00478",4.28456436300024,3.38258241298973,0.04375,"Pass","Example_Data_13_INFI.csv"
"A31","ID11","Treated","IL7","P13232","OID00478",3.41234289693553,3.38258241298973,0.04375,"Pass","Example_Data_13_INFI.csv"
"A37","ID13","Untreated","IL7","P13232","OID00478",14.1717949736524,3.38258241298973,0.04375,"Pass","Example_Data_13_INFI.csv"
"A40","ID14","Untreated","IL7","P13232","OID00478",12.9397293162596,3.38258241298973,0.04375,"Pass","Example_Data_13_INFI.csv"
"A43","ID15","Treated","IL7","P13232","OID00478",10.154053904267,3.38258241298973,0.04375,"Pass","Example_Data_13_INFI.csv"
"A46","ID16","Untreated","IL7","P13232","OID00478",15.0500784956103,3.38258241298973,0.04375,"Pass","Example_Data_13_INFI.csv"
"A49","ID17","Untreated","IL7","P13232","OID00478",8.80510597808657,3.38258241298973,0.04375,"Pass","Example_Data_13_INFI.csv"
"A52","ID18","Treated","IL7","P13232","OID00478",10.3181043039969,3.38258241298973,0.04375,"Pass","Example_Data_13_INFI.csv"
"A55","ID19","Treated","IL7","P13232","OID00478",19.47171095761,3.38258241298973,0.04375,"Pass","Example_Data_13_INFI.csv"
"A58","ID20","Untreated","IL7","P13232","OID00478",13.5583071755426,3.38258241298973,0.04375,"Pass","Example_Data_13_INFI.csv"
"A61","ID21","Untreated","IL7","P13232","OID00478",2.75902332313121,3.38258241298973,0.04375,"Pass","Example_Data_13_INFI.csv"
"A64","ID22","Untreated","IL7","P13232","OID00478",2.99512984123464,3.38258241298973,0.04375,"Pass","Example_Data_13_INFI.csv"
"A67","ID23","Treated","IL7","P13232","OID00478",11.4065606528457,3.38258241298973,0.04375,"Pass","Example_Data_13_INFI.csv"
"A70","ID24","Untreated","IL7","P13232","OID00478",15.8791764674644,3.38258241298973,0.04375,"Pass","Example_Data_13_INFI.csv"
"A73","ID25","Untreated","IL7","P13232","OID00478",9.87312531402498,3.38258241298973,0.04375,"Pass","Example_Data_13_INFI.csv"
"A76","ID26","Untreated","IL7","P13232","OID00478",10.6255237261154,3.38258241298973,0.04375,"Pass","Example_Data_13_INFI.csv"
"B2","ID27","Treated","IL7","P13232","OID00478",10.5313626805391,3.38258241298973,0.04375,"Pass","Example_Data_14_INFI.csv"
"B5","ID28","Treated","IL7","P13232","OID00478",3.75183799664989,3.38258241298973,0.04375,"Pass","Example_Data_14_INFI.csv"
"B8","ID29","Untreated","IL7","P13232","OID00478",4.02409604739933,3.38258241298973,0.04375,"Pass","Example_Data_14_INFI.csv"
"B11","ID30","Untreated","IL7","P13232","OID00478",13.2472354088967,3.38258241298973,0.04375,"Pass","Example_Data_14_INFI.csv"
"B14","ID31","Untreated","IL7","P13232","OID00478",12.1704526489603,3.38258241298973,0.04375,"Pass","Example_Data_14_INFI.csv"
"B17","ID32","Treated","IL7","P13232","OID00478",11.0537242190433,3.38258241298973,0.04375,"Pass","Example_Data_14_INFI.csv"
"B20","ID33","Untreated","IL7","P13232","OID00478",13.8013097174605,3.38258241298973,0.04375,"Pass","Example_Data_14_INFI.csv"
"B23","ID34","Untreated","IL7","P13232","OID00478",18.8935844204954,3.38258241298973,0.04375,"Pass","Example_Data_14_INFI.csv"
"B26","ID35","Untreated","IL7","P13232","OID00478",12.3379949483474,3.38258241298973,0.04375,"Pass","Example_Data_14_INFI.csv"
"B29","ID36","Untreated","IL7","P13232","OID00478",10.3310421464547,3.38258241298973,0.04375,"Pass","Example_Data_14_INFI.csv"
"B32","ID37","Treated","IL7","P13232","OID00478",4.89833494215155,3.38258241298973,0.04375,"Pass","Example_Data_14_INFI.csv"
"B35","ID38","Treated","IL7","P13232","OID00478",11.3551861709853,3.38258241298973,0.04375,"Pass","Example_Data_14_INFI.csv"
"B38","ID39","Untreated","IL7","P13232","OID00478",10.1787588749648,3.38258241298973,0.04375,"Pass","Example_Data_14_INFI.csv"
"B41","ID40","Untreated","IL7","P13232","OID00478",19.5995864253307,3.38258241298973,0.04375,"Pass","Example_Data_14_INFI.csv"
"B44","ID41","Untreated","IL7","P13232","OID00478",11.6182629887273,3.38258241298973,0.04375,"Pass","Example_Data_14_INFI.csv"
"B47","ID42","Treated","IL7","P13232","OID00478",9.43373359349065,3.38258241298973,0.04375,"Pass","Example_Data_14_INFI.csv"
"B50","ID43","Treated","IL7","P13232","OID00478",10.700732299958,3.38258241298973,0.04375,"Pass","Example_Data_14_INFI.csv"
"B53","ID44","Treated","IL7","P13232","OID00478",12.8438730100391,3.38258241298973,0.04375,"Pass","Example_Data_14_INFI.csv"
"B56","ID45","Treated","IL7","P13232","OID00478",5.50199841339002,3.38258241298973,0.04375,"Pass","Example_Data_14_INFI.csv"
"B59","ID46","Treated","IL7","P13232","OID00478",11.3430345584593,3.38258241298973,0.04375,"Pass","Example_Data_14_INFI.csv"
"B62","ID47","Treated","IL7","P13232","OID00478",5.19665830889983,3.38258241298973,0.04375,"Pass","Example_Data_14_INFI.csv"
"B65","ID48","Treated","IL7","P13232","OID00478",7.75240610242152,3.38258241298973,0.04375,"Pass","Example_Data_14_INFI.csv"
"B68","ID49","Treated","IL7","P13232","OID00478",23.6924360628354,3.38258241298973,0.04375,"Pass","Example_Data_14_INFI.csv"
"B71","ID50","Treated","IL7","P13232","OID00478",2.93528978916878,3.38258241298973,0.04375,"Pass","Example_Data_14_INFI.csv"
"B74","ID51","Untreated","IL7","P13232","OID00478",3.99107190399294,3.38258241298973,0.04375,"Pass","Example_Data_14_INFI.csv"
"B77","ID52","Treated","IL7","P13232","OID00478",6.91637800855485,3.38258241298973,0.04375,"Pass","Example_Data_14_INFI.csv"
"A1","ID1","Untreated","OPG","O00300","OID00479",3.70670009238143,0,0.00625,"Pass","Example_Data_13_INFI.csv"
"A4","ID2","Untreated","OPG","O00300","OID00479",2.8014779088652,0,0.00625,"Pass","Example_Data_13_INFI.csv"
"A7","ID3","Untreated","OPG","O00300","OID00479",2.50293362043495,0,0.00625,"Pass","Example_Data_13_INFI.csv"
"A10","ID4","Untreated","OPG","O00300","OID00479",4.76678431401352,0,0.00625,"Pass","Example_Data_13_INFI.csv"
"A13","ID5","Untreated","OPG","O00300","OID00479",6.78945391544481,0,0.00625,"Pass","Example_Data_13_INFI.csv"
"A16","ID6","Treated","OPG","O00300","OID00479",1.74587433264434,0,0.00625,"Pass","Example_Data_13_INFI.csv"
"A19","ID7","Untreated","OPG","O00300","OID00479",2.37332027633813,0,0.00625,"Pass","Example_Data_13_INFI.csv"
"A22","ID8","Treated","OPG","O00300","OID00479",6.16529704240175,0,0.00625,"Pass","Example_Data_13_INFI.csv"
"A25","ID9","Untreated","OPG","O00300","OID00479",1.80625507804589,0,0.00625,"Pass","Example_Data_13_INFI.csv"
"A28","ID10","Treated","OPG","O00300","OID00479",4.97724457322177,0,0.00625,"Pass","Example_Data_13_INFI.csv"
"A31","ID11","Treated","OPG","O00300","OID00479",3.85894119952465,0,0.00625,"Pass","Example_Data_13_INFI.csv"
"A37","ID13","Untreated","OPG","O00300","OID00479",5.52276154901515,0,0.00625,"Pass","Example_Data_13_INFI.csv"
"A40","ID14","Untreated","OPG","O00300","OID00479",4.69356909460635,0,0.00625,"Pass","Example_Data_13_INFI.csv"
"A43","ID15","Treated","OPG","O00300","OID00479",0.152933470451011,0,0.00625,"Pass","Example_Data_13_INFI.csv"
"A46","ID16","Untreated","OPG","O00300","OID00479",4.44715593251309,0,0.00625,"Pass","Example_Data_13_INFI.csv"
"A49","ID17","Untreated","OPG","O00300","OID00479",4.34035987170213,0,0.00625,"Pass","Example_Data_13_INFI.csv"
"A52","ID18","Treated","OPG","O00300","OID00479",3.6801245386725,0,0.00625,"Pass","Example_Data_13_INFI.csv"
"A55","ID19","Treated","OPG","O00300","OID00479",2.55834159264618,0,0.00625,"Pass","Example_Data_13_INFI.csv"
"A58","ID20","Untreated","OPG","O00300","OID00479",4.16394471982639,0,0.00625,"Pass","Example_Data_13_INFI.csv"
"A61","ID21","Untreated","OPG","O00300","OID00479",2.1368950679917,0,0.00625,"Pass","Example_Data_13_INFI.csv"
"A64","ID22","Untreated","OPG","O00300","OID00479",2.25764799639637,0,0.00625,"Pass","Example_Data_13_INFI.csv"
"A67","ID23","Treated","OPG","O00300","OID00479",2.36615335093462,0,0.00625,"Pass","Example_Data_13_INFI.csv"
"A70","ID24","Untreated","OPG","O00300","OID00479",3.01097343470121,0,0.00625,"Pass","Example_Data_13_INFI.csv"
"A73","ID25","Untreated","OPG","O00300","OID00479",2.90983091810275,0,0.00625,"Pass","Example_Data_13_INFI.csv"
"A76","ID26","Untreated","OPG","O00300","OID00479",5.76032246697499,0,0.00625,"Pass","Example_Data_13_INFI.csv"
"B2","ID27","Treated","OPG","O00300","OID00479",4.65638682590649,0,0.00625,"Pass","Example_Data_14_INFI.csv"
"B5","ID28","Treated","OPG","O00300","OID00479",4.76840079104355,0,0.00625,"Pass","Example_Data_14_INFI.csv"
"B8","ID29","Untreated","OPG","O00300","OID00479",4.8613760361449,0,0.00625,"Pass","Example_Data_14_INFI.csv"
"B11","ID30","Untreated","OPG","O00300","OID00479",5.94176126781154,0,0.00625,"Pass","Example_Data_14_INFI.csv"
"B14","ID31","Untreated","OPG","O00300","OID00479",4.38603777182408,0,0.00625,"Pass","Example_Data_14_INFI.csv"
"B17","ID32","Treated","OPG","O00300","OID00479",1.77150232854502,0,0.00625,"Pass","Example_Data_14_INFI.csv"
"B20","ID33","Untreated","OPG","O00300","OID00479",3.23990762283895,0,0.00625,"Pass","Example_Data_14_INFI.csv"
"B23","ID34","Untreated","OPG","O00300","OID00479",2.93317249570792,0,0.00625,"Pass","Example_Data_14_INFI.csv"
"B26","ID35","Untreated","OPG","O00300","OID00479",3.6426336595566,0,0.00625,"Pass","Example_Data_14_INFI.csv"
"B29","ID36","Untreated","OPG","O00300","OID00479",0.405147351377497,0,0.00625,"Pass","Example_Data_14_INFI.csv"
"B32","ID37","Treated","OPG","O00300","OID00479",2.34454340321167,0,0.00625,"Pass","Example_Data_14_INFI.csv"
"B35","ID38","Treated","OPG","O00300","OID00479",3.95768372428151,0,0.00625,"Pass","Example_Data_14_INFI.csv"
"B38","ID39","Untreated","OPG","O00300","OID00479",6.83974957663833,0,0.00625,"Pass","Example_Data_14_INFI.csv"
"B41","ID40","Untreated","OPG","O00300","OID00479",5.55647040448021,0,0.00625,"Pass","Example_Data_14_INFI.csv"
"B44","ID41","Untreated","OPG","O00300","OID00479",3.86902374098005,0,0.00625,"Pass","Example_Data_14_INFI.csv"
"B47","ID42","Treated","OPG","O00300","OID00479",2.30364031834557,0,0.00625,"Pass","Example_Data_14_INFI.csv"
"B50","ID43","Treated","OPG","O00300","OID00479",3.48395744695659,0,0.00625,"Pass","Example_Data_14_INFI.csv"
"B53","ID44","Treated","OPG","O00300","OID00479",3.75593281098322,0,0.00625,"Pass","Example_Data_14_INFI.csv"
"B56","ID45","Treated","OPG","O00300","OID00479",4.2908507088088,0,0.00625,"Pass","Example_Data_14_INFI.csv"
"B59","ID46","Treated","OPG","O00300","OID00479",2.6483124551107,0,0.00625,"Pass","Example_Data_14_INFI.csv"
"B62","ID47","Treated","OPG","O00300","OID00479",3.09927599450059,0,0.00625,"Pass","Example_Data_14_INFI.csv"
"B65","ID48","Treated","OPG","O00300","OID00479",2.73101654075447,0,0.00625,"Pass","Example_Data_14_INFI.csv"
"B68","ID49","Treated","OPG","O00300","OID00479",3.72194464956069,0,0.00625,"Pass","Example_Data_14_INFI.csv"
"B71","ID50","Treated","OPG","O00300","OID00479",4.29778308385437,0,0.00625,"Pass","Example_Data_14_INFI.csv"
"B74","ID51","Untreated","OPG","O00300","OID00479",3.67247217990032,0,0.00625,"Pass","Example_Data_14_INFI.csv"
"B77","ID52","Treated","OPG","O00300","OID00479",3.64284572080831,0,0.00625,"Pass","Example_Data_14_INFI.csv"
"A1","ID1","Untreated","LAP TGF-beta-1","P01137","OID00480",0.38577353674055,0.18027996927563,0.0125,"Pass","Example_Data_13_INFI.csv"
"A4","ID2","Untreated","LAP TGF-beta-1","P01137","OID00480",0.525223211449426,0.18027996927563,0.0125,"Pass","Example_Data_13_INFI.csv"
"A7","ID3","Untreated","LAP TGF-beta-1","P01137","OID00480",1.29881662532402,0.18027996927563,0.0125,"Pass","Example_Data_13_INFI.csv"
"A10","ID4","Untreated","LAP TGF-beta-1","P01137","OID00480",1.0525470537456,0.18027996927563,0.0125,"Pass","Example_Data_13_INFI.csv"
"A13","ID5","Untreated","LAP TGF-beta-1","P01137","OID00480",0.556997659780306,0.18027996927563,0.0125,"Pass","Example_Data_13_INFI.csv"
"A16","ID6","Treated","LAP TGF-beta-1","P01137","OID00480",1.71954412274254,0.18027996927563,0.0125,"Pass","Example_Data_13_INFI.csv"
"A19","ID7","Untreated","LAP TGF-beta-1","P01137","OID00480",1.76118768598219,0.18027996927563,0.0125,"Pass","Example_Data_13_INFI.csv"
"A22","ID8","Treated","LAP TGF-beta-1","P01137","OID00480",2.1102090305494,0.18027996927563,0.0125,"Pass","Example_Data_13_INFI.csv"
"A25","ID9","Untreated","LAP TGF-beta-1","P01137","OID00480",1.02896086766294,0.18027996927563,0.0125,"Pass","Example_Data_13_INFI.csv"
"A28","ID10","Treated","LAP TGF-beta-1","P01137","OID00480",2.63317495750385,0.18027996927563,0.0125,"Pass","Example_Data_13_INFI.csv"
"A31","ID11","Treated","LAP TGF-beta-1","P01137","OID00480",2.12223353528011,0.18027996927563,0.0125,"Pass","Example_Data_13_INFI.csv"
"A37","ID13","Untreated","LAP TGF-beta-1","P01137","OID00480",0.569146264443789,0.18027996927563,0.0125,"Pass","Example_Data_13_INFI.csv"
"A40","ID14","Untreated","LAP TGF-beta-1","P01137","OID00480",0.670006672071242,0.18027996927563,0.0125,"Pass","Example_Data_13_INFI.csv"
"A43","ID15","Treated","LAP TGF-beta-1","P01137","OID00480",0.689102250836869,0.18027996927563,0.0125,"Pass","Example_Data_13_INFI.csv"
"A46","ID16","Untreated","LAP TGF-beta-1","P01137","OID00480",1.27289097085275,0.18027996927563,0.0125,"Pass","Example_Data_13_INFI.csv"
"A49","ID17","Untreated","LAP TGF-beta-1","P01137","OID00480",0.697291849414627,0.18027996927563,0.0125,"Pass","Example_Data_13_INFI.csv"
"A52","ID18","Treated","LAP TGF-beta-1","P01137","OID00480",2.55289516550993,0.18027996927563,0.0125,"Pass","Example_Data_13_INFI.csv"
"A55","ID19","Treated","LAP TGF-beta-1","P01137","OID00480",1.71627085735888,0.18027996927563,0.0125,"Pass","Example_Data_13_INFI.csv"
"A58","ID20","Untreated","LAP TGF-beta-1","P01137","OID00480",3.79934328216039,0.18027996927563,0.0125,"Pass","Example_Data_13_INFI.csv"
"A61","ID21","Untreated","LAP TGF-beta-1","P01137","OID00480",0.856911187432832,0.18027996927563,0.0125,"Pass","Example_Data_13_INFI.csv"
"A64","ID22","Untreated","LAP TGF-beta-1","P01137","OID00480",2.0378200545871,0.18027996927563,0.0125,"Pass","Example_Data_13_INFI.csv"
"A67","ID23","Treated","LAP TGF-beta-1","P01137","OID00480",2.17065957588462,0.18027996927563,0.0125,"Pass","Example_Data_13_INFI.csv"
"A70","ID24","Untreated","LAP TGF-beta-1","P01137","OID00480",1.26967399678934,0.18027996927563,0.0125,"Pass","Example_Data_13_INFI.csv"
"A73","ID25","Untreated","LAP TGF-beta-1","P01137","OID00480",0.638709726565255,0.18027996927563,0.0125,"Pass","Example_Data_13_INFI.csv"
"A76","ID26","Untreated","LAP TGF-beta-1","P01137","OID00480",1.87650724264666,0.18027996927563,0.0125,"Pass","Example_Data_13_INFI.csv"
"B2","ID27","Treated","LAP TGF-beta-1","P01137","OID00480",1.56090691174829,0.18027996927563,0.0125,"Pass","Example_Data_14_INFI.csv"
"B5","ID28","Treated","LAP TGF-beta-1","P01137","OID00480",1.51333963852023,0.18027996927563,0.0125,"Pass","Example_Data_14_INFI.csv"
"B8","ID29","Untreated","LAP TGF-beta-1","P01137","OID00480",0.510610137026361,0.18027996927563,0.0125,"Pass","Example_Data_14_INFI.csv"
"B11","ID30","Untreated","LAP TGF-beta-1","P01137","OID00480",1.70391158968396,0.18027996927563,0.0125,"Pass","Example_Data_14_INFI.csv"
"B14","ID31","Untreated","LAP TGF-beta-1","P01137","OID00480",2.45305604537653,0.18027996927563,0.0125,"Pass","Example_Data_14_INFI.csv"
"B17","ID32","Treated","LAP TGF-beta-1","P01137","OID00480",1.24044491569788,0.18027996927563,0.0125,"Pass","Example_Data_14_INFI.csv"
"B20","ID33","Untreated","LAP TGF-beta-1","P01137","OID00480",1.33114691644935,0.18027996927563,0.0125,"Pass","Example_Data_14_INFI.csv"
"B23","ID34","Untreated","LAP TGF-beta-1","P01137","OID00480",0.625649013984565,0.18027996927563,0.0125,"Pass","Example_Data_14_INFI.csv"
"B26","ID35","Untreated","LAP TGF-beta-1","P01137","OID00480",0.63702767287416,0.18027996927563,0.0125,"Pass","Example_Data_14_INFI.csv"
"B29","ID36","Untreated","LAP TGF-beta-1","P01137","OID00480",0.773520314967718,0.18027996927563,0.0125,"Pass","Example_Data_14_INFI.csv"
"B32","ID37","Treated","LAP TGF-beta-1","P01137","OID00480",0.887323533004476,0.18027996927563,0.0125,"Pass","Example_Data_14_INFI.csv"
"B35","ID38","Treated","LAP TGF-beta-1","P01137","OID00480",1.85189951581003,0.18027996927563,0.0125,"Pass","Example_Data_14_INFI.csv"
"B38","ID39","Untreated","LAP TGF-beta-1","P01137","OID00480",1.53809677512563,0.18027996927563,0.0125,"Pass","Example_Data_14_INFI.csv"
"B41","ID40","Untreated","LAP TGF-beta-1","P01137","OID00480",1.20936523016228,0.18027996927563,0.0125,"Pass","Example_Data_14_INFI.csv"
"B44","ID41","Untreated","LAP TGF-beta-1","P01137","OID00480",2.00986292600478,0.18027996927563,0.0125,"Pass","Example_Data_14_INFI.csv"
"B47","ID42","Treated","LAP TGF-beta-1","P01137","OID00480",1.08403224233311,0.18027996927563,0.0125,"Pass","Example_Data_14_INFI.csv"
"B50","ID43","Treated","LAP TGF-beta-1","P01137","OID00480",0.853597154108071,0.18027996927563,0.0125,"Pass","Example_Data_14_INFI.csv"
"B53","ID44","Treated","LAP TGF-beta-1","P01137","OID00480",1.19244539429971,0.18027996927563,0.0125,"Pass","Example_Data_14_INFI.csv"
"B56","ID45","Treated","LAP TGF-beta-1","P01137","OID00480",1.16591402602758,0.18027996927563,0.0125,"Pass","Example_Data_14_INFI.csv"
"B59","ID46","Treated","LAP TGF-beta-1","P01137","OID00480",0.473391300808808,0.18027996927563,0.0125,"Pass","Example_Data_14_INFI.csv"
"B62","ID47","Treated","LAP TGF-beta-1","P01137","OID00480",1.79525082206101,0.18027996927563,0.0125,"Pass","Example_Data_14_INFI.csv"
"B65","ID48","Treated","LAP TGF-beta-1","P01137","OID00480",2.24201499250415,0.18027996927563,0.0125,"Pass","Example_Data_14_INFI.csv"
"B68","ID49","Treated","LAP TGF-beta-1","P01137","OID00480",1.51077718597081,0.18027996927563,0.0125,"Pass","Example_Data_14_INFI.csv"
"B71","ID50","Treated","LAP TGF-beta-1","P01137","OID00480",0.937716248970283,0.18027996927563,0.0125,"Pass","Example_Data_14_INFI.csv"
"B74","ID51","Untreated","LAP TGF-beta-1","P01137","OID00480",0.493432016760427,0.18027996927563,0.0125,"Pass","Example_Data_14_INFI.csv"
"B77","ID52","Treated","LAP TGF-beta-1","P01137","OID00480",2.01898538830981,0.18027996927563,0.0125,"Pass","Example_Data_14_INFI.csv"
"A1","ID1","Untreated","uPA","P00749","OID00481",7.10478107179405,1.67962929807242,0.025,"Pass","Example_Data_13_INFI.csv"
"A4","ID2","Untreated","uPA","P00749","OID00481",9.71280104739781,1.67962929807242,0.025,"Pass","Example_Data_13_INFI.csv"
"A7","ID3","Untreated","uPA","P00749","OID00481",1.02011054875594,1.67962929807242,0.025,"Pass","Example_Data_13_INFI.csv"
"A10","ID4","Untreated","uPA","P00749","OID00481",12.9884890921651,1.67962929807242,0.025,"Pass","Example_Data_13_INFI.csv"
"A13","ID5","Untreated","uPA","P00749","OID00481",9.11457327323853,1.67962929807242,0.025,"Pass","Example_Data_13_INFI.csv"
"A16","ID6","Treated","uPA","P00749","OID00481",6.97837615869472,1.67962929807242,0.025,"Pass","Example_Data_13_INFI.csv"
"A19","ID7","Untreated","uPA","P00749","OID00481",-1.73753052856373,1.67962929807242,0.025,"Pass","Example_Data_13_INFI.csv"
"A22","ID8","Treated","uPA","P00749","OID00481",11.7138575124515,1.67962929807242,0.025,"Pass","Example_Data_13_INFI.csv"
"A25","ID9","Untreated","uPA","P00749","OID00481",6.3473979349744,1.67962929807242,0.025,"Pass","Example_Data_13_INFI.csv"
"A28","ID10","Treated","uPA","P00749","OID00481",5.96045383370657,1.67962929807242,0.025,"Pass","Example_Data_13_INFI.csv"
"A31","ID11","Treated","uPA","P00749","OID00481",11.3831832430209,1.67962929807242,0.025,"Pass","Example_Data_13_INFI.csv"
"A37","ID13","Untreated","uPA","P00749","OID00481",7.41649690744955,1.67962929807242,0.025,"Pass","Example_Data_13_INFI.csv"
"A40","ID14","Untreated","uPA","P00749","OID00481",8.27329249644485,1.67962929807242,0.025,"Pass","Example_Data_13_INFI.csv"
"A43","ID15","Treated","uPA","P00749","OID00481",7.67659601409125,1.67962929807242,0.025,"Pass","Example_Data_13_INFI.csv"
"A46","ID16","Untreated","uPA","P00749","OID00481",17.9350179889144,1.67962929807242,0.025,"Pass","Example_Data_13_INFI.csv"
"A49","ID17","Untreated","uPA","P00749","OID00481",9.05632756172987,1.67962929807242,0.025,"Pass","Example_Data_13_INFI.csv"
"A52","ID18","Treated","uPA","P00749","OID00481",8.33649805849012,1.67962929807242,0.025,"Pass","Example_Data_13_INFI.csv"
"A55","ID19","Treated","uPA","P00749","OID00481",6.90480346937136,1.67962929807242,0.025,"Pass","Example_Data_13_INFI.csv"
"A58","ID20","Untreated","uPA","P00749","OID00481",11.9631647159134,1.67962929807242,0.025,"Pass","Example_Data_13_INFI.csv"
"A61","ID21","Untreated","uPA","P00749","OID00481",13.4056878140413,1.67962929807242,0.025,"Pass","Example_Data_13_INFI.csv"
"A64","ID22","Untreated","uPA","P00749","OID00481",13.5259793892652,1.67962929807242,0.025,"Pass","Example_Data_13_INFI.csv"
"A67","ID23","Treated","uPA","P00749","OID00481",10.6671815539375,1.67962929807242,0.025,"Pass","Example_Data_13_INFI.csv"
"A70","ID24","Untreated","uPA","P00749","OID00481",19.4191297020521,1.67962929807242,0.025,"Pass","Example_Data_13_INFI.csv"
"A73","ID25","Untreated","uPA","P00749","OID00481",7.40283793522884,1.67962929807242,0.025,"Pass","Example_Data_13_INFI.csv"
"A76","ID26","Untreated","uPA","P00749","OID00481",12.5463596403155,1.67962929807242,0.025,"Pass","Example_Data_13_INFI.csv"
"B2","ID27","Treated","uPA","P00749","OID00481",8.55302471787072,1.67962929807242,0.025,"Pass","Example_Data_14_INFI.csv"
"B5","ID28","Treated","uPA","P00749","OID00481",10.1856008379276,1.67962929807242,0.025,"Pass","Example_Data_14_INFI.csv"
"B8","ID29","Untreated","uPA","P00749","OID00481",18.2686240651772,1.67962929807242,0.025,"Pass","Example_Data_14_INFI.csv"
"B11","ID30","Untreated","uPA","P00749","OID00481",9.48180380423407,1.67962929807242,0.025,"Pass","Example_Data_14_INFI.csv"
"B14","ID31","Untreated","uPA","P00749","OID00481",4.43764026745915,1.67962929807242,0.025,"Pass","Example_Data_14_INFI.csv"
"B17","ID32","Treated","uPA","P00749","OID00481",12.1108503031368,1.67962929807242,0.025,"Pass","Example_Data_14_INFI.csv"
"B20","ID33","Untreated","uPA","P00749","OID00481",6.7708675558702,1.67962929807242,0.025,"Pass","Example_Data_14_INFI.csv"
"B23","ID34","Untreated","uPA","P00749","OID00481",6.80345411906737,1.67962929807242,0.025,"Pass","Example_Data_14_INFI.csv"
"B26","ID35","Untreated","uPA","P00749","OID00481",12.9044968986351,1.67962929807242,0.025,"Pass","Example_Data_14_INFI.csv"
"B29","ID36","Untreated","uPA","P00749","OID00481",15.4922321203507,1.67962929807242,0.025,"Pass","Example_Data_14_INFI.csv"
"B32","ID37","Treated","uPA","P00749","OID00481",12.7538622550793,1.67962929807242,0.025,"Pass","Example_Data_14_INFI.csv"
"B35","ID38","Treated","uPA","P00749","OID00481",11.0986644332589,1.67962929807242,0.025,"Pass","Example_Data_14_INFI.csv"
"B38","ID39","Untreated","uPA","P00749","OID00481",2.00512737322842,1.67962929807242,0.025,"Pass","Example_Data_14_INFI.csv"
"B41","ID40","Untreated","uPA","P00749","OID00481",10.3659118857197,1.67962929807242,0.025,"Pass","Example_Data_14_INFI.csv"
"B44","ID41","Untreated","uPA","P00749","OID00481",15.1136554362539,1.67962929807242,0.025,"Pass","Example_Data_14_INFI.csv"
"B47","ID42","Treated","uPA","P00749","OID00481",5.44983243152695,1.67962929807242,0.025,"Pass","Example_Data_14_INFI.csv"
"B50","ID43","Treated","uPA","P00749","OID00481",18.7273021286881,1.67962929807242,0.025,"Pass","Example_Data_14_INFI.csv"
"B53","ID44","Treated","uPA","P00749","OID00481",12.1223867414596,1.67962929807242,0.025,"Pass","Example_Data_14_INFI.csv"
"B56","ID45","Treated","uPA","P00749","OID00481",18.7366320715023,1.67962929807242,0.025,"Pass","Example_Data_14_INFI.csv"
"B59","ID46","Treated","uPA","P00749","OID00481",6.51469131068499,1.67962929807242,0.025,"Pass","Example_Data_14_INFI.csv"
"B62","ID47","Treated","uPA","P00749","OID00481",2.27763004112326,1.67962929807242,0.025,"Pass","Example_Data_14_INFI.csv"
"B65","ID48","Treated","uPA","P00749","OID00481",3.75478526934012,1.67962929807242,0.025,"Pass","Example_Data_14_INFI.csv"
"B68","ID49","Treated","uPA","P00749","OID00481",-0.823040385542688,1.67962929807242,0.025,"Pass","Example_Data_14_INFI.csv"
"B71","ID50","Treated","uPA","P00749","OID00481",13.2240169528001,1.67962929807242,0.025,"Pass","Example_Data_14_INFI.csv"
"B74","ID51","Untreated","uPA","P00749","OID00481",18.007787747746,1.67962929807242,0.025,"Pass","Example_Data_14_INFI.csv"
"B77","ID52","Treated","uPA","P00749","OID00481",14.3838373692179,1.67962929807242,0.025,"Pass","Example_Data_14_INFI.csv"
"A1","ID1","Untreated","IL6","P05231","OID00482",3.24483520901715,0,0.0125,"Pass","Example_Data_13_INFI.csv"
"A4","ID2","Untreated","IL6","P05231","OID00482",2.59521403773129,0,0.0125,"Pass","Example_Data_13_INFI.csv"
"A7","ID3","Untreated","IL6","P05231","OID00482",2.40717954031148,0,0.0125,"Pass","Example_Data_13_INFI.csv"
"A10","ID4","Untreated","IL6","P05231","OID00482",1.75917400946673,0,0.0125,"Pass","Example_Data_13_INFI.csv"
"A13","ID5","Untreated","IL6","P05231","OID00482",1.63241893224466,0,0.0125,"Pass","Example_Data_13_INFI.csv"
"A16","ID6","Treated","IL6","P05231","OID00482",2.03312539435105,0,0.0125,"Pass","Example_Data_13_INFI.csv"
"A19","ID7","Untreated","IL6","P05231","OID00482",0.606889692279287,0,0.0125,"Pass","Example_Data_13_INFI.csv"
"A22","ID8","Treated","IL6","P05231","OID00482",2.34122359842482,0,0.0125,"Pass","Example_Data_13_INFI.csv"
"A25","ID9","Untreated","IL6","P05231","OID00482",2.06648525459829,0,0.0125,"Pass","Example_Data_13_INFI.csv"
"A28","ID10","Treated","IL6","P05231","OID00482",3.3751573309442,0,0.0125,"Pass","Example_Data_13_INFI.csv"
"A31","ID11","Treated","IL6","P05231","OID00482",0.997080078759644,0,0.0125,"Pass","Example_Data_13_INFI.csv"
"A37","ID13","Untreated","IL6","P05231","OID00482",3.43851494092648,0,0.0125,"Pass","Example_Data_13_INFI.csv"
"A40","ID14","Untreated","IL6","P05231","OID00482",0.974283273553883,0,0.0125,"Pass","Example_Data_13_INFI.csv"
"A43","ID15","Treated","IL6","P05231","OID00482",2.80462181692605,0,0.0125,"Pass","Example_Data_13_INFI.csv"
"A46","ID16","Untreated","IL6","P05231","OID00482",2.49179197342865,0,0.0125,"Pass","Example_Data_13_INFI.csv"
"A49","ID17","Untreated","IL6","P05231","OID00482",1.73554723031934,0,0.0125,"Pass","Example_Data_13_INFI.csv"
"A52","ID18","Treated","IL6","P05231","OID00482",1.3374948727798,0,0.0125,"Pass","Example_Data_13_INFI.csv"
"A55","ID19","Treated","IL6","P05231","OID00482",2.21750092391905,0,0.0125,"Pass","Example_Data_13_INFI.csv"
"A58","ID20","Untreated","IL6","P05231","OID00482",1.40440430182699,0,0.0125,"Pass","Example_Data_13_INFI.csv"
"A61","ID21","Untreated","IL6","P05231","OID00482",1.51037405422951,0,0.0125,"Pass","Example_Data_13_INFI.csv"
"A64","ID22","Untreated","IL6","P05231","OID00482",0.147928702911835,0,0.0125,"Pass","Example_Data_13_INFI.csv"
"A67","ID23","Treated","IL6","P05231","OID00482",0.688104558502305,0,0.0125,"Pass","Example_Data_13_INFI.csv"
"A70","ID24","Untreated","IL6","P05231","OID00482",2.36960111390921,0,0.0125,"Pass","Example_Data_13_INFI.csv"
"A73","ID25","Untreated","IL6","P05231","OID00482",1.28047569501846,0,0.0125,"Pass","Example_Data_13_INFI.csv"
"A76","ID26","Untreated","IL6","P05231","OID00482",2.16877447177142,0,0.0125,"Pass","Example_Data_13_INFI.csv"
"B2","ID27","Treated","IL6","P05231","OID00482",0.751480758158913,0,0.0125,"Pass","Example_Data_14_INFI.csv"
"B5","ID28","Treated","IL6","P05231","OID00482",1.69176760395215,0,0.0125,"Pass","Example_Data_14_INFI.csv"
"B8","ID29","Untreated","IL6","P05231","OID00482",1.12061859611107,0,0.0125,"Pass","Example_Data_14_INFI.csv"
"B11","ID30","Untreated","IL6","P05231","OID00482",3.08301388016107,0,0.0125,"Pass","Example_Data_14_INFI.csv"
"B14","ID31","Untreated","IL6","P05231","OID00482",1.93853704053362,0,0.0125,"Pass","Example_Data_14_INFI.csv"
"B17","ID32","Treated","IL6","P05231","OID00482",1.27974520438191,0,0.0125,"Pass","Example_Data_14_INFI.csv"
"B20","ID33","Untreated","IL6","P05231","OID00482",1.90016629321311,0,0.0125,"Pass","Example_Data_14_INFI.csv"
"B23","ID34","Untreated","IL6","P05231","OID00482",3.43532359989317,0,0.0125,"Pass","Example_Data_14_INFI.csv"
"B26","ID35","Untreated","IL6","P05231","OID00482",1.73860669925313,0,0.0125,"Pass","Example_Data_14_INFI.csv"
"B29","ID36","Untreated","IL6","P05231","OID00482",2.13176534970708,0,0.0125,"Pass","Example_Data_14_INFI.csv"
"B32","ID37","Treated","IL6","P05231","OID00482",4.27814625178725,0,0.0125,"Pass","Example_Data_14_INFI.csv"
"B35","ID38","Treated","IL6","P05231","OID00482",1.94583653552537,0,0.0125,"Pass","Example_Data_14_INFI.csv"
"B38","ID39","Untreated","IL6","P05231","OID00482",1.82305214154304,0,0.0125,"Pass","Example_Data_14_INFI.csv"
"B41","ID40","Untreated","IL6","P05231","OID00482",3.1786887188423,0,0.0125,"Pass","Example_Data_14_INFI.csv"
"B44","ID41","Untreated","IL6","P05231","OID00482",0.774120461542817,0,0.0125,"Pass","Example_Data_14_INFI.csv"
"B47","ID42","Treated","IL6","P05231","OID00482",0.936154301843891,0,0.0125,"Pass","Example_Data_14_INFI.csv"
"B50","ID43","Treated","IL6","P05231","OID00482",2.93556675149657,0,0.0125,"Pass","Example_Data_14_INFI.csv"
"B53","ID44","Treated","IL6","P05231","OID00482",2.72994621675435,0,0.0125,"Pass","Example_Data_14_INFI.csv"
"B56","ID45","Treated","IL6","P05231","OID00482",1.89714791091534,0,0.0125,"Pass","Example_Data_14_INFI.csv"
"B59","ID46","Treated","IL6","P05231","OID00482",2.64539129224724,0,0.0125,"Pass","Example_Data_14_INFI.csv"
"B62","ID47","Treated","IL6","P05231","OID00482",2.27710970304724,0,0.0125,"Pass","Example_Data_14_INFI.csv"
"B65","ID48","Treated","IL6","P05231","OID00482",2.69050700924968,0,0.0125,"Pass","Example_Data_14_INFI.csv"
"B68","ID49","Treated","IL6","P05231","OID00482",1.049601642335,0,0.0125,"Pass","Example_Data_14_INFI.csv"
"B71","ID50","Treated","IL6","P05231","OID00482",1.52319873442141,0,0.0125,"Pass","Example_Data_14_INFI.csv"
"B74","ID51","Untreated","IL6","P05231","OID00482",3.2744120441595,0,0.0125,"Pass","Example_Data_14_INFI.csv"
"B77","ID52","Treated","IL6","P05231","OID00482",2.49592360079611,0,0.0125,"Pass","Example_Data_14_INFI.csv"
"A1","ID1","Untreated","IL-17C","Q9P0M4","OID00483",2.6997037253427,0,0.075,"Pass","Example_Data_13_INFI.csv"
"A4","ID2","Untreated","IL-17C","Q9P0M4","OID00483",1.50328542611798,0,0.075,"Pass","Example_Data_13_INFI.csv"
"A7","ID3","Untreated","IL-17C","Q9P0M4","OID00483",3.93394616437201,0,0.075,"Pass","Example_Data_13_INFI.csv"
"A10","ID4","Untreated","IL-17C","Q9P0M4","OID00483",0.417454930047862,0,0.075,"Pass","Example_Data_13_INFI.csv"
"A13","ID5","Untreated","IL-17C","Q9P0M4","OID00483",2.58012175145601,0,0.075,"Pass","Example_Data_13_INFI.csv"
"A16","ID6","Treated","IL-17C","Q9P0M4","OID00483",2.45754988902684,0,0.075,"Pass","Example_Data_13_INFI.csv"
"A19","ID7","Untreated","IL-17C","Q9P0M4","OID00483",-1.11138327498368,0,0.075,"Pass","Example_Data_13_INFI.csv"
"A22","ID8","Treated","IL-17C","Q9P0M4","OID00483",-2.15296719326367,0,0.075,"Pass","Example_Data_13_INFI.csv"
"A25","ID9","Untreated","IL-17C","Q9P0M4","OID00483",-0.583149424654418,0,0.075,"Pass","Example_Data_13_INFI.csv"
"A28","ID10","Treated","IL-17C","Q9P0M4","OID00483",4.51649561122057,0,0.075,"Pass","Example_Data_13_INFI.csv"
"A31","ID11","Treated","IL-17C","Q9P0M4","OID00483",3.27291826953964,0,0.075,"Pass","Example_Data_13_INFI.csv"
"A37","ID13","Untreated","IL-17C","Q9P0M4","OID00483",5.23316947349734,0,0.075,"Pass","Example_Data_13_INFI.csv"
"A40","ID14","Untreated","IL-17C","Q9P0M4","OID00483",3.98665607145461,0,0.075,"Pass","Example_Data_13_INFI.csv"
"A43","ID15","Treated","IL-17C","Q9P0M4","OID00483",1.94812652698997,0,0.075,"Pass","Example_Data_13_INFI.csv"
"A46","ID16","Untreated","IL-17C","Q9P0M4","OID00483",4.8594895598222,0,0.075,"Pass","Example_Data_13_INFI.csv"
"A49","ID17","Untreated","IL-17C","Q9P0M4","OID00483",0.371791065627464,0,0.075,"Pass","Example_Data_13_INFI.csv"
"A52","ID18","Treated","IL-17C","Q9P0M4","OID00483",2.89968987040417,0,0.075,"Pass","Example_Data_13_INFI.csv"
"A55","ID19","Treated","IL-17C","Q9P0M4","OID00483",3.51633471809962,0,0.075,"Pass","Example_Data_13_INFI.csv"
"A58","ID20","Untreated","IL-17C","Q9P0M4","OID00483",3.55393407826463,0,0.075,"Pass","Example_Data_13_INFI.csv"
"A61","ID21","Untreated","IL-17C","Q9P0M4","OID00483",1.77295434020216,0,0.075,"Pass","Example_Data_13_INFI.csv"
"A64","ID22","Untreated","IL-17C","Q9P0M4","OID00483",1.00054129464492,0,0.075,"Pass","Example_Data_13_INFI.csv"
"A67","ID23","Treated","IL-17C","Q9P0M4","OID00483",3.73487900853627,0,0.075,"Pass","Example_Data_13_INFI.csv"
"A70","ID24","Untreated","IL-17C","Q9P0M4","OID00483",1.64507754814469,0,0.075,"Pass","Example_Data_13_INFI.csv"
"A73","ID25","Untreated","IL-17C","Q9P0M4","OID00483",2.07359100715968,0,0.075,"Pass","Example_Data_13_INFI.csv"
"A76","ID26","Untreated","IL-17C","Q9P0M4","OID00483",2.74248493871253,0,0.075,"Pass","Example_Data_13_INFI.csv"
"B2","ID27","Treated","IL-17C","Q9P0M4","OID00483",2.01565652144904,0,0.075,"Pass","Example_Data_14_INFI.csv"
"B5","ID28","Treated","IL-17C","Q9P0M4","OID00483",-1.14154776845332,0,0.075,"Pass","Example_Data_14_INFI.csv"
"B8","ID29","Untreated","IL-17C","Q9P0M4","OID00483",1.89590385300723,0,0.075,"Pass","Example_Data_14_INFI.csv"
"B11","ID30","Untreated","IL-17C","Q9P0M4","OID00483",1.17352404381976,0,0.075,"Pass","Example_Data_14_INFI.csv"
"B14","ID31","Untreated","IL-17C","Q9P0M4","OID00483",2.12474322145899,0,0.075,"Pass","Example_Data_14_INFI.csv"
"B17","ID32","Treated","IL-17C","Q9P0M4","OID00483",3.20393545241883,0,0.075,"Pass","Example_Data_14_INFI.csv"
"B20","ID33","Untreated","IL-17C","Q9P0M4","OID00483",0.945546592195002,0,0.075,"Pass","Example_Data_14_INFI.csv"
"B23","ID34","Untreated","IL-17C","Q9P0M4","OID00483",2.8701950233565,0,0.075,"Pass","Example_Data_14_INFI.csv"
"B26","ID35","Untreated","IL-17C","Q9P0M4","OID00483",0.553545733129281,0,0.075,"Pass","Example_Data_14_INFI.csv"
"B29","ID36","Untreated","IL-17C","Q9P0M4","OID00483",0.346914431302886,0,0.075,"Pass","Example_Data_14_INFI.csv"
"B32","ID37","Treated","IL-17C","Q9P0M4","OID00483",-0.0235605206268419,0,0.075,"Pass","Example_Data_14_INFI.csv"
"B35","ID38","Treated","IL-17C","Q9P0M4","OID00483",3.19316302847095,0,0.075,"Pass","Example_Data_14_INFI.csv"
"B38","ID39","Untreated","IL-17C","Q9P0M4","OID00483",1.41214858110557,0,0.075,"Pass","Example_Data_14_INFI.csv"
"B41","ID40","Untreated","IL-17C","Q9P0M4","OID00483",2.15468435260576,0,0.075,"Pass","Example_Data_14_INFI.csv"
"B44","ID41","Untreated","IL-17C","Q9P0M4","OID00483",0.753588329573176,0,0.075,"Pass","Example_Data_14_INFI.csv"
"B47","ID42","Treated","IL-17C","Q9P0M4","OID00483",-0.299430323627197,0,0.075,"Pass","Example_Data_14_INFI.csv"
"B50","ID43","Treated","IL-17C","Q9P0M4","OID00483",3.87046964725819,0,0.075,"Pass","Example_Data_14_INFI.csv"
"B53","ID44","Treated","IL-17C","Q9P0M4","OID00483",0.180477368485546,0,0.075,"Pass","Example_Data_14_INFI.csv"
"B56","ID45","Treated","IL-17C","Q9P0M4","OID00483",2.79066354436077,0,0.075,"Pass","Example_Data_14_INFI.csv"
"B59","ID46","Treated","IL-17C","Q9P0M4","OID00483",3.17592123097458,0,0.075,"Pass","Example_Data_14_INFI.csv"
"B62","ID47","Treated","IL-17C","Q9P0M4","OID00483",2.97745172956374,0,0.075,"Pass","Example_Data_14_INFI.csv"
"B65","ID48","Treated","IL-17C","Q9P0M4","OID00483",5.0114800720631,0,0.075,"Pass","Example_Data_14_INFI.csv"
"B68","ID49","Treated","IL-17C","Q9P0M4","OID00483",2.20984345541006,0,0.075,"Pass","Example_Data_14_INFI.csv"
"B71","ID50","Treated","IL-17C","Q9P0M4","OID00483",4.49837998625421,0,0.075,"Pass","Example_Data_14_INFI.csv"
"B74","ID51","Untreated","IL-17C","Q9P0M4","OID00483",2.71725375168232,0,0.075,"Pass","Example_Data_14_INFI.csv"
"B77","ID52","Treated","IL-17C","Q9P0M4","OID00483",2.63612171293315,0,0.075,"Pass","Example_Data_14_INFI.csv"
"A1","ID1","Untreated","MCP-1","P13500","OID00484",2.34538078905726,0,0.025,"Pass","Example_Data_13_INFI.csv"
"A4","ID2","Untreated","MCP-1","P13500","OID00484",1.76435310254965,0,0.025,"Pass","Example_Data_13_INFI.csv"
"A7","ID3","Untreated","MCP-1","P13500","OID00484",5.93023727085995,0,0.025,"Pass","Example_Data_13_INFI.csv"
"A10","ID4","Untreated","MCP-1","P13500","OID00484",2.51265856648748,0,0.025,"Pass","Example_Data_13_INFI.csv"
"A13","ID5","Untreated","MCP-1","P13500","OID00484",3.24254430192474,0,0.025,"Pass","Example_Data_13_INFI.csv"
"A16","ID6","Treated","MCP-1","P13500","OID00484",3.51109242861842,0,0.025,"Pass","Example_Data_13_INFI.csv"
"A19","ID7","Untreated","MCP-1","P13500","OID00484",3.87592086663171,0,0.025,"Pass","Example_Data_13_INFI.csv"
"A22","ID8","Treated","MCP-1","P13500","OID00484",3.93811546346378,0,0.025,"Pass","Example_Data_13_INFI.csv"
"A25","ID9","Untreated","MCP-1","P13500","OID00484",2.27460490826213,0,0.025,"Pass","Example_Data_13_INFI.csv"
"A28","ID10","Treated","MCP-1","P13500","OID00484",3.64859647997627,0,0.025,"Pass","Example_Data_13_INFI.csv"
"A31","ID11","Treated","MCP-1","P13500","OID00484",2.57892326453565,0,0.025,"Pass","Example_Data_13_INFI.csv"
"A37","ID13","Untreated","MCP-1","P13500","OID00484",3.05408355275508,0,0.025,"Pass","Example_Data_13_INFI.csv"
"A40","ID14","Untreated","MCP-1","P13500","OID00484",3.15682127033292,0,0.025,"Pass","Example_Data_13_INFI.csv"
"A43","ID15","Treated","MCP-1","P13500","OID00484",2.53138185627843,0,0.025,"Pass","Example_Data_13_INFI.csv"
"A46","ID16","Untreated","MCP-1","P13500","OID00484",1.45158246021311,0,0.025,"Pass","Example_Data_13_INFI.csv"
"A49","ID17","Untreated","MCP-1","P13500","OID00484",4.91160940914245,0,0.025,"Pass","Example_Data_13_INFI.csv"
"A52","ID18","Treated","MCP-1","P13500","OID00484",2.48069741970033,0,0.025,"Pass","Example_Data_13_INFI.csv"
"A55","ID19","Treated","MCP-1","P13500","OID00484",3.40327151428807,0,0.025,"Pass","Example_Data_13_INFI.csv"
"A58","ID20","Untreated","MCP-1","P13500","OID00484",1.3286799257377,0,0.025,"Pass","Example_Data_13_INFI.csv"
"A61","ID21","Untreated","MCP-1","P13500","OID00484",2.83702980643028,0,0.025,"Pass","Example_Data_13_INFI.csv"
"A64","ID22","Untreated","MCP-1","P13500","OID00484",3.06824122389637,0,0.025,"Pass","Example_Data_13_INFI.csv"
"A67","ID23","Treated","MCP-1","P13500","OID00484",2.49441621253217,0,0.025,"Pass","Example_Data_13_INFI.csv"
"A70","ID24","Untreated","MCP-1","P13500","OID00484",1.51319905557839,0,0.025,"Pass","Example_Data_13_INFI.csv"
"A73","ID25","Untreated","MCP-1","P13500","OID00484",4.05885819984058,0,0.025,"Pass","Example_Data_13_INFI.csv"
"A76","ID26","Untreated","MCP-1","P13500","OID00484",2.13383880685315,0,0.025,"Pass","Example_Data_13_INFI.csv"
"B2","ID27","Treated","MCP-1","P13500","OID00484",5.07211183003683,0,0.025,"Pass","Example_Data_14_INFI.csv"
"B5","ID28","Treated","MCP-1","P13500","OID00484",0.428147967997335,0,0.025,"Pass","Example_Data_14_INFI.csv"
"B8","ID29","Untreated","MCP-1","P13500","OID00484",4.49507447636574,0,0.025,"Pass","Example_Data_14_INFI.csv"
"B11","ID30","Untreated","MCP-1","P13500","OID00484",3.87758063711202,0,0.025,"Pass","Example_Data_14_INFI.csv"
"B14","ID31","Untreated","MCP-1","P13500","OID00484",1.93241792406681,0,0.025,"Pass","Example_Data_14_INFI.csv"
"B17","ID32","Treated","MCP-1","P13500","OID00484",3.49170397641646,0,0.025,"Pass","Example_Data_14_INFI.csv"
"B20","ID33","Untreated","MCP-1","P13500","OID00484",2.38549322128586,0,0.025,"Pass","Example_Data_14_INFI.csv"
"B23","ID34","Untreated","MCP-1","P13500","OID00484",3.4421599868757,0,0.025,"Pass","Example_Data_14_INFI.csv"
"B26","ID35","Untreated","MCP-1","P13500","OID00484",3.33383263488586,0,0.025,"Pass","Example_Data_14_INFI.csv"
"B29","ID36","Untreated","MCP-1","P13500","OID00484",3.11753820809034,0,0.025,"Pass","Example_Data_14_INFI.csv"
"B32","ID37","Treated","MCP-1","P13500","OID00484",4.06466707425735,0,0.025,"Pass","Example_Data_14_INFI.csv"
"B35","ID38","Treated","MCP-1","P13500","OID00484",1.40788030992034,0,0.025,"Pass","Example_Data_14_INFI.csv"
"B38","ID39","Untreated","MCP-1","P13500","OID00484",-0.100794082768048,0,0.025,"Pass","Example_Data_14_INFI.csv"
"B41","ID40","Untreated","MCP-1","P13500","OID00484",3.27657458350283,0,0.025,"Pass","Example_Data_14_INFI.csv"
"B44","ID41","Untreated","MCP-1","P13500","OID00484",5.17737255951199,0,0.025,"Pass","Example_Data_14_INFI.csv"
"B47","ID42","Treated","MCP-1","P13500","OID00484",3.48174571134613,0,0.025,"Pass","Example_Data_14_INFI.csv"
"B50","ID43","Treated","MCP-1","P13500","OID00484",3.01656697253494,0,0.025,"Pass","Example_Data_14_INFI.csv"
"B53","ID44","Treated","MCP-1","P13500","OID00484",4.39068709262991,0,0.025,"Pass","Example_Data_14_INFI.csv"
"B56","ID45","Treated","MCP-1","P13500","OID00484",1.46530045563313,0,0.025,"Pass","Example_Data_14_INFI.csv"
"B59","ID46","Treated","MCP-1","P13500","OID00484",1.90949996005503,0,0.025,"Pass","Example_Data_14_INFI.csv"
"B62","ID47","Treated","MCP-1","P13500","OID00484",3.17347937493605,0,0.025,"Pass","Example_Data_14_INFI.csv"
"B65","ID48","Treated","MCP-1","P13500","OID00484",1.8442186069959,0,0.025,"Pass","Example_Data_14_INFI.csv"
"B68","ID49","Treated","MCP-1","P13500","OID00484",2.09880293003882,0,0.025,"Pass","Example_Data_14_INFI.csv"
"B71","ID50","Treated","MCP-1","P13500","OID00484",3.55038303970716,0,0.025,"Pass","Example_Data_14_INFI.csv"
"B74","ID51","Untreated","MCP-1","P13500","OID00484",2.6810746525111,0,0.025,"Pass","Example_Data_14_INFI.csv"
"B77","ID52","Treated","MCP-1","P13500","OID00484",-0.0774364980815032,0,0.025,"Pass","Example_Data_14_INFI.csv"
"A1","ID1","Untreated","IL-17A","Q16552","OID00485",6.82373040428292,0.53370023353505,0.06875,"Pass","Example_Data_13_INFI.csv"
"A4","ID2","Untreated","IL-17A","Q16552","OID00485",4.48282278211972,0.53370023353505,0.06875,"Pass","Example_Data_13_INFI.csv"
"A7","ID3","Untreated","IL-17A","Q16552","OID00485",3.70470331132034,0.53370023353505,0.06875,"Pass","Example_Data_13_INFI.csv"
"A10","ID4","Untreated","IL-17A","Q16552","OID00485",4.08963584118417,0.53370023353505,0.06875,"Pass","Example_Data_13_INFI.csv"
"A13","ID5","Untreated","IL-17A","Q16552","OID00485",9.2331200880738,0.53370023353505,0.06875,"Pass","Example_Data_13_INFI.csv"
"A16","ID6","Treated","IL-17A","Q16552","OID00485",11.1729910754219,0.53370023353505,0.06875,"Pass","Example_Data_13_INFI.csv"
"A19","ID7","Untreated","IL-17A","Q16552","OID00485",11.4127995217107,0.53370023353505,0.06875,"Pass","Example_Data_13_INFI.csv"
"A22","ID8","Treated","IL-17A","Q16552","OID00485",9.81758688231518,0.53370023353505,0.06875,"Pass","Example_Data_13_INFI.csv"
"A25","ID9","Untreated","IL-17A","Q16552","OID00485",3.94982105787695,0.53370023353505,0.06875,"Pass","Example_Data_13_INFI.csv"
"A28","ID10","Treated","IL-17A","Q16552","OID00485",5.8283382203015,0.53370023353505,0.06875,"Pass","Example_Data_13_INFI.csv"
"A31","ID11","Treated","IL-17A","Q16552","OID00485",16.5140894639015,0.53370023353505,0.06875,"Pass","Example_Data_13_INFI.csv"
"A37","ID13","Untreated","IL-17A","Q16552","OID00485",-9.3594379913283,0.53370023353505,0.06875,"Pass","Example_Data_13_INFI.csv"
"A40","ID14","Untreated","IL-17A","Q16552","OID00485",19.9939331510674,0.53370023353505,0.06875,"Pass","Example_Data_13_INFI.csv"
"A43","ID15","Treated","IL-17A","Q16552","OID00485",14.8274412598466,0.53370023353505,0.06875,"Pass","Example_Data_13_INFI.csv"
"A46","ID16","Untreated","IL-17A","Q16552","OID00485",2.24152350291036,0.53370023353505,0.06875,"Pass","Example_Data_13_INFI.csv"
"A49","ID17","Untreated","IL-17A","Q16552","OID00485",3.27970543853758,0.53370023353505,0.06875,"Pass","Example_Data_13_INFI.csv"
"A52","ID18","Treated","IL-17A","Q16552","OID00485",14.790752962487,0.53370023353505,0.06875,"Pass","Example_Data_13_INFI.csv"
"A55","ID19","Treated","IL-17A","Q16552","OID00485",13.7235743917874,0.53370023353505,0.06875,"Pass","Example_Data_13_INFI.csv"
"A58","ID20","Untreated","IL-17A","Q16552","OID00485",12.235733929227,0.53370023353505,0.06875,"Pass","Example_Data_13_INFI.csv"
"A61","ID21","Untreated","IL-17A","Q16552","OID00485",12.9468310140673,0.53370023353505,0.06875,"Pass","Example_Data_13_INFI.csv"
"A64","ID22","Untreated","IL-17A","Q16552","OID00485",-6.58621160212692,0.53370023353505,0.06875,"Pass","Example_Data_13_INFI.csv"
"A67","ID23","Treated","IL-17A","Q16552","OID00485",12.5448751023138,0.53370023353505,0.06875,"Pass","Example_Data_13_INFI.csv"
"A70","ID24","Untreated","IL-17A","Q16552","OID00485",7.37632238004922,0.53370023353505,0.06875,"Pass","Example_Data_13_INFI.csv"
"A73","ID25","Untreated","IL-17A","Q16552","OID00485",12.1474411384948,0.53370023353505,0.06875,"Pass","Example_Data_13_INFI.csv"
"A76","ID26","Untreated","IL-17A","Q16552","OID00485",7.08061621072001,0.53370023353505,0.06875,"Pass","Example_Data_13_INFI.csv"
"B2","ID27","Treated","IL-17A","Q16552","OID00485",7.03017156305028,0.53370023353505,0.06875,"Pass","Example_Data_14_INFI.csv"
"B5","ID28","Treated","IL-17A","Q16552","OID00485",7.68485185065062,0.53370023353505,0.06875,"Pass","Example_Data_14_INFI.csv"
"B8","ID29","Untreated","IL-17A","Q16552","OID00485",5.54720808064114,0.53370023353505,0.06875,"Pass","Example_Data_14_INFI.csv"
"B11","ID30","Untreated","IL-17A","Q16552","OID00485",4.4640890345453,0.53370023353505,0.06875,"Pass","Example_Data_14_INFI.csv"
"B14","ID31","Untreated","IL-17A","Q16552","OID00485",7.89236026617967,0.53370023353505,0.06875,"Pass","Example_Data_14_INFI.csv"
"B17","ID32","Treated","IL-17A","Q16552","OID00485",14.4216430520232,0.53370023353505,0.06875,"Pass","Example_Data_14_INFI.csv"
"B20","ID33","Untreated","IL-17A","Q16552","OID00485",15.5503599741452,0.53370023353505,0.06875,"Pass","Example_Data_14_INFI.csv"
"B23","ID34","Untreated","IL-17A","Q16552","OID00485",6.57146031411063,0.53370023353505,0.06875,"Pass","Example_Data_14_INFI.csv"
"B26","ID35","Untreated","IL-17A","Q16552","OID00485",5.31708269811394,0.53370023353505,0.06875,"Pass","Example_Data_14_INFI.csv"
"B29","ID36","Untreated","IL-17A","Q16552","OID00485",17.0640104120532,0.53370023353505,0.06875,"Pass","Example_Data_14_INFI.csv"
"B32","ID37","Treated","IL-17A","Q16552","OID00485",2.47968836105515,0.53370023353505,0.06875,"Pass","Example_Data_14_INFI.csv"
"B35","ID38","Treated","IL-17A","Q16552","OID00485",14.0638159665695,0.53370023353505,0.06875,"Pass","Example_Data_14_INFI.csv"
"B38","ID39","Untreated","IL-17A","Q16552","OID00485",8.25831404725683,0.53370023353505,0.06875,"Pass","Example_Data_14_INFI.csv"
"B41","ID40","Untreated","IL-17A","Q16552","OID00485",8.86849952384972,0.53370023353505,0.06875,"Pass","Example_Data_14_INFI.csv"
"B44","ID41","Untreated","IL-17A","Q16552","OID00485",4.50899929014274,0.53370023353505,0.06875,"Pass","Example_Data_14_INFI.csv"
"B47","ID42","Treated","IL-17A","Q16552","OID00485",2.70827428872724,0.53370023353505,0.06875,"Pass","Example_Data_14_INFI.csv"
"B50","ID43","Treated","IL-17A","Q16552","OID00485",14.1159095397513,0.53370023353505,0.06875,"Pass","Example_Data_14_INFI.csv"
"B53","ID44","Treated","IL-17A","Q16552","OID00485",6.28449275289619,0.53370023353505,0.06875,"Pass","Example_Data_14_INFI.csv"
"B56","ID45","Treated","IL-17A","Q16552","OID00485",18.1733555062549,0.53370023353505,0.06875,"Pass","Example_Data_14_INFI.csv"
"B59","ID46","Treated","IL-17A","Q16552","OID00485",11.396687639711,0.53370023353505,0.06875,"Pass","Example_Data_14_INFI.csv"
"B62","ID47","Treated","IL-17A","Q16552","OID00485",13.7117258787548,0.53370023353505,0.06875,"Pass","Example_Data_14_INFI.csv"
"B65","ID48","Treated","IL-17A","Q16552","OID00485",10.344320448997,0.53370023353505,0.06875,"Pass","Example_Data_14_INFI.csv"
"B68","ID49","Treated","IL-17A","Q16552","OID00485",3.97655944143237,0.53370023353505,0.06875,"Pass","Example_Data_14_INFI.csv"
"B71","ID50","Treated","IL-17A","Q16552","OID00485",5.71217927259891,0.53370023353505,0.06875,"Pass","Example_Data_14_INFI.csv"
"B74","ID51","Untreated","IL-17A","Q16552","OID00485",13.8082966317826,0.53370023353505,0.06875,"Pass","Example_Data_14_INFI.csv"
"B77","ID52","Treated","IL-17A","Q16552","OID00485",8.22012667398007,0.53370023353505,0.06875,"Pass","Example_Data_14_INFI.csv"
"A1","ID1","Untreated","CXCL11","O14625","OID00486",2.87837745814743,0,0.05625,"Pass","Example_Data_13_INFI.csv"
"A4","ID2","Untreated","CXCL11","O14625","OID00486",4.18322235802549,0,0.05625,"Pass","Example_Data_13_INFI.csv"
"A7","ID3","Untreated","CXCL11","O14625","OID00486",7.30803083139847,0,0.05625,"Pass","Example_Data_13_INFI.csv"
"A10","ID4","Untreated","CXCL11","O14625","OID00486",-0.38777084016331,0,0.05625,"Pass","Example_Data_13_INFI.csv"
"A13","ID5","Untreated","CXCL11","O14625","OID00486",5.67537484283436,0,0.05625,"Pass","Example_Data_13_INFI.csv"
"A16","ID6","Treated","CXCL11","O14625","OID00486",11.7341668071863,0,0.05625,"Pass","Example_Data_13_INFI.csv"
"A19","ID7","Untreated","CXCL11","O14625","OID00486",5.90066036041453,0,0.05625,"Pass","Example_Data_13_INFI.csv"
"A22","ID8","Treated","CXCL11","O14625","OID00486",-1.11372834487278,0,0.05625,"Pass","Example_Data_13_INFI.csv"
"A25","ID9","Untreated","CXCL11","O14625","OID00486",2.65616886423101,0,0.05625,"Pass","Example_Data_13_INFI.csv"
"A28","ID10","Treated","CXCL11","O14625","OID00486",5.90442123662567,0,0.05625,"Pass","Example_Data_13_INFI.csv"
"A31","ID11","Treated","CXCL11","O14625","OID00486",3.69926623322872,0,0.05625,"Pass","Example_Data_13_INFI.csv"
"A37","ID13","Untreated","CXCL11","O14625","OID00486",7.79102703332522,0,0.05625,"Pass","Example_Data_13_INFI.csv"
"A40","ID14","Untreated","CXCL11","O14625","OID00486",6.67212323491595,0,0.05625,"Pass","Example_Data_13_INFI.csv"
"A43","ID15","Treated","CXCL11","O14625","OID00486",5.15418084980091,0,0.05625,"Pass","Example_Data_13_INFI.csv"
"A46","ID16","Untreated","CXCL11","O14625","OID00486",5.34906228846536,0,0.05625,"Pass","Example_Data_13_INFI.csv"
"A49","ID17","Untreated","CXCL11","O14625","OID00486",6.76517201346763,0,0.05625,"Pass","Example_Data_13_INFI.csv"
"A52","ID18","Treated","CXCL11","O14625","OID00486",6.20328599754238,0,0.05625,"Pass","Example_Data_13_INFI.csv"
"A55","ID19","Treated","CXCL11","O14625","OID00486",6.30933545723884,0,0.05625,"Pass","Example_Data_13_INFI.csv"
"A58","ID20","Untreated","CXCL11","O14625","OID00486",-0.764796578867828,0,0.05625,"Pass","Example_Data_13_INFI.csv"
"A61","ID21","Untreated","CXCL11","O14625","OID00486",5.39594288773587,0,0.05625,"Pass","Example_Data_13_INFI.csv"
"A64","ID22","Untreated","CXCL11","O14625","OID00486",8.08730313020245,0,0.05625,"Pass","Example_Data_13_INFI.csv"
"A67","ID23","Treated","CXCL11","O14625","OID00486",9.10715157998516,0,0.05625,"Pass","Example_Data_13_INFI.csv"
"A70","ID24","Untreated","CXCL11","O14625","OID00486",-1.40382561690728,0,0.05625,"Pass","Example_Data_13_INFI.csv"
"A73","ID25","Untreated","CXCL11","O14625","OID00486",4.02141786153109,0,0.05625,"Pass","Example_Data_13_INFI.csv"
"A76","ID26","Untreated","CXCL11","O14625","OID00486",2.9283348030489,0,0.05625,"Pass","Example_Data_13_INFI.csv"
"B2","ID27","Treated","CXCL11","O14625","OID00486",3.36854497837944,0,0.05625,"Pass","Example_Data_14_INFI.csv"
"B5","ID28","Treated","CXCL11","O14625","OID00486",4.6988002168039,0,0.05625,"Pass","Example_Data_14_INFI.csv"
"B8","ID29","Untreated","CXCL11","O14625","OID00486",6.94970111232725,0,0.05625,"Pass","Example_Data_14_INFI.csv"
"B11","ID30","Untreated","CXCL11","O14625","OID00486",4.97964502120425,0,0.05625,"Pass","Example_Data_14_INFI.csv"
"B14","ID31","Untreated","CXCL11","O14625","OID00486",2.94411972332198,0,0.05625,"Pass","Example_Data_14_INFI.csv"
"B17","ID32","Treated","CXCL11","O14625","OID00486",7.9310515896003,0,0.05625,"Pass","Example_Data_14_INFI.csv"
"B20","ID33","Untreated","CXCL11","O14625","OID00486",2.85172163358071,0,0.05625,"Pass","Example_Data_14_INFI.csv"
"B23","ID34","Untreated","CXCL11","O14625","OID00486",2.26775325366817,0,0.05625,"Pass","Example_Data_14_INFI.csv"
"B26","ID35","Untreated","CXCL11","O14625","OID00486",5.84481563186444,0,0.05625,"Pass","Example_Data_14_INFI.csv"
"B29","ID36","Untreated","CXCL11","O14625","OID00486",7.1607170064204,0,0.05625,"Pass","Example_Data_14_INFI.csv"
"B32","ID37","Treated","CXCL11","O14625","OID00486",4.73673960553264,0,0.05625,"Pass","Example_Data_14_INFI.csv"
"B35","ID38","Treated","CXCL11","O14625","OID00486",2.39205042838927,0,0.05625,"Pass","Example_Data_14_INFI.csv"
"B38","ID39","Untreated","CXCL11","O14625","OID00486",-0.211185406872675,0,0.05625,"Pass","Example_Data_14_INFI.csv"
"B41","ID40","Untreated","CXCL11","O14625","OID00486",2.88111608415328,0,0.05625,"Pass","Example_Data_14_INFI.csv"
"B44","ID41","Untreated","CXCL11","O14625","OID00486",1.93011493349968,0,0.05625,"Pass","Example_Data_14_INFI.csv"
"B47","ID42","Treated","CXCL11","O14625","OID00486",5.74160703023521,0,0.05625,"Pass","Example_Data_14_INFI.csv"
"B50","ID43","Treated","CXCL11","O14625","OID00486",6.07004053714514,0,0.05625,"Pass","Example_Data_14_INFI.csv"
"B53","ID44","Treated","CXCL11","O14625","OID00486",5.44197489007413,0,0.05625,"Pass","Example_Data_14_INFI.csv"
"B56","ID45","Treated","CXCL11","O14625","OID00486",5.96030821294421,0,0.05625,"Pass","Example_Data_14_INFI.csv"
"B59","ID46","Treated","CXCL11","O14625","OID00486",4.9752326238507,0,0.05625,"Pass","Example_Data_14_INFI.csv"
"B62","ID47","Treated","CXCL11","O14625","OID00486",3.95709745012191,0,0.05625,"Pass","Example_Data_14_INFI.csv"
"B65","ID48","Treated","CXCL11","O14625","OID00486",4.80361311299321,0,0.05625,"Pass","Example_Data_14_INFI.csv"
"B68","ID49","Treated","CXCL11","O14625","OID00486",5.66782966548176,0,0.05625,"Pass","Example_Data_14_INFI.csv"
"B71","ID50","Treated","CXCL11","O14625","OID00486",6.16749332023672,0,0.05625,"Pass","Example_Data_14_INFI.csv"
"B74","ID51","Untreated","CXCL11","O14625","OID00486",5.86614924254874,0,0.05625,"Pass","Example_Data_14_INFI.csv"
"B77","ID52","Treated","CXCL11","O14625","OID00486",7.32939346677433,0,0.05625,"Pass","Example_Data_14_INFI.csv"
"A1","ID1","Untreated","AXIN1","O15169","OID00487",6.06587221253197,1.96913800986949,0.0625,"Pass","Example_Data_13_INFI.csv"
"A4","ID2","Untreated","AXIN1","O15169","OID00487",6.66598976061115,1.96913800986949,0.0625,"Pass","Example_Data_13_INFI.csv"
"A7","ID3","Untreated","AXIN1","O15169","OID00487",4.40691409101078,1.96913800986949,0.0625,"Pass","Example_Data_13_INFI.csv"
"A10","ID4","Untreated","AXIN1","O15169","OID00487",7.69945902307229,1.96913800986949,0.0625,"Pass","Example_Data_13_INFI.csv"
"A13","ID5","Untreated","AXIN1","O15169","OID00487",5.91134725430679,1.96913800986949,0.0625,"Pass","Example_Data_13_INFI.csv"
"A16","ID6","Treated","AXIN1","O15169","OID00487",10.5797840179865,1.96913800986949,0.0625,"Pass","Example_Data_13_INFI.csv"
"A19","ID7","Untreated","AXIN1","O15169","OID00487",7.96942400411004,1.96913800986949,0.0625,"Pass","Example_Data_13_INFI.csv"
"A22","ID8","Treated","AXIN1","O15169","OID00487",9.5221696594753,1.96913800986949,0.0625,"Pass","Example_Data_13_INFI.csv"
"A25","ID9","Untreated","AXIN1","O15169","OID00487",11.1018113722797,1.96913800986949,0.0625,"Pass","Example_Data_13_INFI.csv"
"A28","ID10","Treated","AXIN1","O15169","OID00487",13.1930390597738,1.96913800986949,0.0625,"Pass","Example_Data_13_INFI.csv"
"A31","ID11","Treated","AXIN1","O15169","OID00487",6.55721832818813,1.96913800986949,0.0625,"Pass","Example_Data_13_INFI.csv"
"A37","ID13","Untreated","AXIN1","O15169","OID00487",14.1803906050277,1.96913800986949,0.0625,"Pass","Example_Data_13_INFI.csv"
"A40","ID14","Untreated","AXIN1","O15169","OID00487",-3.28519070520127,1.96913800986949,0.0625,"Pass","Example_Data_13_INFI.csv"
"A43","ID15","Treated","AXIN1","O15169","OID00487",2.80501723458205,1.96913800986949,0.0625,"Pass","Example_Data_13_INFI.csv"
"A46","ID16","Untreated","AXIN1","O15169","OID00487",13.6985265840827,1.96913800986949,0.0625,"Pass","Example_Data_13_INFI.csv"
"A49","ID17","Untreated","AXIN1","O15169","OID00487",10.476907728082,1.96913800986949,0.0625,"Pass","Example_Data_13_INFI.csv"
"A52","ID18","Treated","AXIN1","O15169","OID00487",4.34468041859167,1.96913800986949,0.0625,"Pass","Example_Data_13_INFI.csv"
"A55","ID19","Treated","AXIN1","O15169","OID00487",5.97171983646602,1.96913800986949,0.0625,"Pass","Example_Data_13_INFI.csv"
"A58","ID20","Untreated","AXIN1","O15169","OID00487",6.5004626661372,1.96913800986949,0.0625,"Pass","Example_Data_13_INFI.csv"
"A61","ID21","Untreated","AXIN1","O15169","OID00487",5.91098650993661,1.96913800986949,0.0625,"Pass","Example_Data_13_INFI.csv"
"A64","ID22","Untreated","AXIN1","O15169","OID00487",9.49326807761681,1.96913800986949,0.0625,"Pass","Example_Data_13_INFI.csv"
"A67","ID23","Treated","AXIN1","O15169","OID00487",8.96404702564711,1.96913800986949,0.0625,"Pass","Example_Data_13_INFI.csv"
"A70","ID24","Untreated","AXIN1","O15169","OID00487",5.73203187988252,1.96913800986949,0.0625,"Pass","Example_Data_13_INFI.csv"
"A73","ID25","Untreated","AXIN1","O15169","OID00487",4.82864113302699,1.96913800986949,0.0625,"Pass","Example_Data_13_INFI.csv"
"A76","ID26","Untreated","AXIN1","O15169","OID00487",12.9194465954576,1.96913800986949,0.0625,"Pass","Example_Data_13_INFI.csv"
"B2","ID27","Treated","AXIN1","O15169","OID00487",12.0256782442268,1.96913800986949,0.0625,"Pass","Example_Data_14_INFI.csv"
"B5","ID28","Treated","AXIN1","O15169","OID00487",10.9079735107162,1.96913800986949,0.0625,"Pass","Example_Data_14_INFI.csv"
"B8","ID29","Untreated","AXIN1","O15169","OID00487",5.55648970300713,1.96913800986949,0.0625,"Pass","Example_Data_14_INFI.csv"
"B11","ID30","Untreated","AXIN1","O15169","OID00487",3.89679707800835,1.96913800986949,0.0625,"Pass","Example_Data_14_INFI.csv"
"B14","ID31","Untreated","AXIN1","O15169","OID00487",10.9838879224753,1.96913800986949,0.0625,"Pass","Example_Data_14_INFI.csv"
"B17","ID32","Treated","AXIN1","O15169","OID00487",9.65255215098233,1.96913800986949,0.0625,"Pass","Example_Data_14_INFI.csv"
"B20","ID33","Untreated","AXIN1","O15169","OID00487",11.6434527453458,1.96913800986949,0.0625,"Pass","Example_Data_14_INFI.csv"
"B23","ID34","Untreated","AXIN1","O15169","OID00487",5.61037990621004,1.96913800986949,0.0625,"Pass","Example_Data_14_INFI.csv"
"B26","ID35","Untreated","AXIN1","O15169","OID00487",10.2949259698734,1.96913800986949,0.0625,"Pass","Example_Data_14_INFI.csv"
"B29","ID36","Untreated","AXIN1","O15169","OID00487",5.99509005985241,1.96913800986949,0.0625,"Pass","Example_Data_14_INFI.csv"
"B32","ID37","Treated","AXIN1","O15169","OID00487",4.015016993815,1.96913800986949,0.0625,"Pass","Example_Data_14_INFI.csv"
"B35","ID38","Treated","AXIN1","O15169","OID00487",8.70208978558671,1.96913800986949,0.0625,"Pass","Example_Data_14_INFI.csv"
"B38","ID39","Untreated","AXIN1","O15169","OID00487",10.8835935363091,1.96913800986949,0.0625,"Pass","Example_Data_14_INFI.csv"
"B41","ID40","Untreated","AXIN1","O15169","OID00487",12.6537230024377,1.96913800986949,0.0625,"Pass","Example_Data_14_INFI.csv"
"B44","ID41","Untreated","AXIN1","O15169","OID00487",7.1889004388794,1.96913800986949,0.0625,"Pass","Example_Data_14_INFI.csv"
"B47","ID42","Treated","AXIN1","O15169","OID00487",5.10974837837237,1.96913800986949,0.0625,"Pass","Example_Data_14_INFI.csv"
"B50","ID43","Treated","AXIN1","O15169","OID00487",4.74321460146337,1.96913800986949,0.0625,"Pass","Example_Data_14_INFI.csv"
"B53","ID44","Treated","AXIN1","O15169","OID00487",12.099619318069,1.96913800986949,0.0625,"Pass","Example_Data_14_INFI.csv"
"B56","ID45","Treated","AXIN1","O15169","OID00487",9.561015711652,1.96913800986949,0.0625,"Pass","Example_Data_14_INFI.csv"
"B59","ID46","Treated","AXIN1","O15169","OID00487",7.74238339589619,1.96913800986949,0.0625,"Pass","Example_Data_14_INFI.csv"
"B62","ID47","Treated","AXIN1","O15169","OID00487",5.05440611587565,1.96913800986949,0.0625,"Pass","Example_Data_14_INFI.csv"
"B65","ID48","Treated","AXIN1","O15169","OID00487",9.14920460722898,1.96913800986949,0.0625,"Pass","Example_Data_14_INFI.csv"
"B68","ID49","Treated","AXIN1","O15169","OID00487",11.5465836909752,1.96913800986949,0.0625,"Pass","Example_Data_14_INFI.csv"
"B71","ID50","Treated","AXIN1","O15169","OID00487",11.7989828755311,1.96913800986949,0.0625,"Pass","Example_Data_14_INFI.csv"
"B74","ID51","Untreated","AXIN1","O15169","OID00487",6.44930778448944,1.96913800986949,0.0625,"Pass","Example_Data_14_INFI.csv"
"B77","ID52","Treated","AXIN1","O15169","OID00487",1.92766859761646,1.96913800986949,0.0625,"Pass","Example_Data_14_INFI.csv"
"A1","ID1","Untreated","TRAIL","P50591","OID00488",12.3254470716819,1.86481334191049,0.025,"Pass","Example_Data_13_INFI.csv"
"A4","ID2","Untreated","TRAIL","P50591","OID00488",14.7320296756283,1.86481334191049,0.025,"Pass","Example_Data_13_INFI.csv"
"A7","ID3","Untreated","TRAIL","P50591","OID00488",10.6300879499296,1.86481334191049,0.025,"Pass","Example_Data_13_INFI.csv"
"A10","ID4","Untreated","TRAIL","P50591","OID00488",11.7246530582243,1.86481334191049,0.025,"Pass","Example_Data_13_INFI.csv"
"A13","ID5","Untreated","TRAIL","P50591","OID00488",18.7234161730679,1.86481334191049,0.025,"Pass","Example_Data_13_INFI.csv"
"A16","ID6","Treated","TRAIL","P50591","OID00488",7.53928393102699,1.86481334191049,0.025,"Pass","Example_Data_13_INFI.csv"
"A19","ID7","Untreated","TRAIL","P50591","OID00488",4.07189497254216,1.86481334191049,0.025,"Pass","Example_Data_13_INFI.csv"
"A22","ID8","Treated","TRAIL","P50591","OID00488",10.4426925024536,1.86481334191049,0.025,"Pass","Example_Data_13_INFI.csv"
"A25","ID9","Untreated","TRAIL","P50591","OID00488",7.26283584226914,1.86481334191049,0.025,"Pass","Example_Data_13_INFI.csv"
"A28","ID10","Treated","TRAIL","P50591","OID00488",1.99179775829541,1.86481334191049,0.025,"Pass","Example_Data_13_INFI.csv"
"A31","ID11","Treated","TRAIL","P50591","OID00488",9.08739440690805,1.86481334191049,0.025,"Pass","Example_Data_13_INFI.csv"
"A37","ID13","Untreated","TRAIL","P50591","OID00488",11.3757829697873,1.86481334191049,0.025,"Pass","Example_Data_13_INFI.csv"
"A40","ID14","Untreated","TRAIL","P50591","OID00488",11.46720490594,1.86481334191049,0.025,"Pass","Example_Data_13_INFI.csv"
"A43","ID15","Treated","TRAIL","P50591","OID00488",10.2708501406313,1.86481334191049,0.025,"Pass","Example_Data_13_INFI.csv"
"A46","ID16","Untreated","TRAIL","P50591","OID00488",12.4194598652039,1.86481334191049,0.025,"Pass","Example_Data_13_INFI.csv"
"A49","ID17","Untreated","TRAIL","P50591","OID00488",6.23558892315002,1.86481334191049,0.025,"Pass","Example_Data_13_INFI.csv"
"A52","ID18","Treated","TRAIL","P50591","OID00488",9.40201179872491,1.86481334191049,0.025,"Pass","Example_Data_13_INFI.csv"
"A55","ID19","Treated","TRAIL","P50591","OID00488",7.18390147670055,1.86481334191049,0.025,"Pass","Example_Data_13_INFI.csv"
"A58","ID20","Untreated","TRAIL","P50591","OID00488",10.7241099531513,1.86481334191049,0.025,"Pass","Example_Data_13_INFI.csv"
"A61","ID21","Untreated","TRAIL","P50591","OID00488",7.3691622618952,1.86481334191049,0.025,"Pass","Example_Data_13_INFI.csv"
"A64","ID22","Untreated","TRAIL","P50591","OID00488",8.36791446799046,1.86481334191049,0.025,"Pass","Example_Data_13_INFI.csv"
"A67","ID23","Treated","TRAIL","P50591","OID00488",8.49657559121595,1.86481334191049,0.025,"Pass","Example_Data_13_INFI.csv"
"A70","ID24","Untreated","TRAIL","P50591","OID00488",9.69352122457352,1.86481334191049,0.025,"Pass","Example_Data_13_INFI.csv"
"A73","ID25","Untreated","TRAIL","P50591","OID00488",10.4222941971996,1.86481334191049,0.025,"Pass","Example_Data_13_INFI.csv"
"A76","ID26","Untreated","TRAIL","P50591","OID00488",12.1618222601656,1.86481334191049,0.025,"Pass","Example_Data_13_INFI.csv"
"B2","ID27","Treated","TRAIL","P50591","OID00488",9.22658440683758,1.86481334191049,0.025,"Pass","Example_Data_14_INFI.csv"
"B5","ID28","Treated","TRAIL","P50591","OID00488",7.31255514602407,1.86481334191049,0.025,"Pass","Example_Data_14_INFI.csv"
"B8","ID29","Untreated","TRAIL","P50591","OID00488",4.22265149658485,1.86481334191049,0.025,"Pass","Example_Data_14_INFI.csv"
"B11","ID30","Untreated","TRAIL","P50591","OID00488",9.08474847537207,1.86481334191049,0.025,"Pass","Example_Data_14_INFI.csv"
"B14","ID31","Untreated","TRAIL","P50591","OID00488",12.1319380564959,1.86481334191049,0.025,"Pass","Example_Data_14_INFI.csv"
"B17","ID32","Treated","TRAIL","P50591","OID00488",8.26467164355863,1.86481334191049,0.025,"Pass","Example_Data_14_INFI.csv"
"B20","ID33","Untreated","TRAIL","P50591","OID00488",11.9798347387789,1.86481334191049,0.025,"Pass","Example_Data_14_INFI.csv"
"B23","ID34","Untreated","TRAIL","P50591","OID00488",4.5782617129866,1.86481334191049,0.025,"Pass","Example_Data_14_INFI.csv"
"B26","ID35","Untreated","TRAIL","P50591","OID00488",15.4182231320537,1.86481334191049,0.025,"Pass","Example_Data_14_INFI.csv"
"B29","ID36","Untreated","TRAIL","P50591","OID00488",10.9931319576221,1.86481334191049,0.025,"Pass","Example_Data_14_INFI.csv"
"B32","ID37","Treated","TRAIL","P50591","OID00488",10.5489677056804,1.86481334191049,0.025,"Pass","Example_Data_14_INFI.csv"
"B35","ID38","Treated","TRAIL","P50591","OID00488",10.9554514232169,1.86481334191049,0.025,"Pass","Example_Data_14_INFI.csv"
"B38","ID39","Untreated","TRAIL","P50591","OID00488",9.38307646934209,1.86481334191049,0.025,"Pass","Example_Data_14_INFI.csv"
"B41","ID40","Untreated","TRAIL","P50591","OID00488",11.8303424550721,1.86481334191049,0.025,"Pass","Example_Data_14_INFI.csv"
"B44","ID41","Untreated","TRAIL","P50591","OID00488",14.3824810882906,1.86481334191049,0.025,"Pass","Example_Data_14_INFI.csv"
"B47","ID42","Treated","TRAIL","P50591","OID00488",12.6466801610038,1.86481334191049,0.025,"Pass","Example_Data_14_INFI.csv"
"B50","ID43","Treated","TRAIL","P50591","OID00488",9.50673297532389,1.86481334191049,0.025,"Pass","Example_Data_14_INFI.csv"
"B53","ID44","Treated","TRAIL","P50591","OID00488",6.10482745798832,1.86481334191049,0.025,"Pass","Example_Data_14_INFI.csv"
"B56","ID45","Treated","TRAIL","P50591","OID00488",5.32838643203477,1.86481334191049,0.025,"Pass","Example_Data_14_INFI.csv"
"B59","ID46","Treated","TRAIL","P50591","OID00488",0.942687151664527,1.86481334191049,0.025,"Pass","Example_Data_14_INFI.csv"
"B62","ID47","Treated","TRAIL","P50591","OID00488",13.3357285627524,1.86481334191049,0.025,"Pass","Example_Data_14_INFI.csv"
"B65","ID48","Treated","TRAIL","P50591","OID00488",10.3813500148414,1.86481334191049,0.025,"Pass","Example_Data_14_INFI.csv"
"B68","ID49","Treated","TRAIL","P50591","OID00488",7.25083248789013,1.86481334191049,0.025,"Pass","Example_Data_14_INFI.csv"
"B71","ID50","Treated","TRAIL","P50591","OID00488",8.74317172383518,1.86481334191049,0.025,"Pass","Example_Data_14_INFI.csv"
"B74","ID51","Untreated","TRAIL","P50591","OID00488",4.81350768720303,1.86481334191049,0.025,"Pass","Example_Data_14_INFI.csv"
"B77","ID52","Treated","TRAIL","P50591","OID00488",6.88317225973195,1.86481334191049,0.025,"Pass","Example_Data_14_INFI.csv"
"A1","ID1","Untreated","IL-20RA","Q9UHF4","OID00489",18.4662260574846,4.19162295962003,0.04375,"Pass","Example_Data_13_INFI.csv"
"A4","ID2","Untreated","IL-20RA","Q9UHF4","OID00489",7.72285479286428,4.19162295962003,0.04375,"Pass","Example_Data_13_INFI.csv"
"A7","ID3","Untreated","IL-20RA","Q9UHF4","OID00489",17.0223257601882,4.19162295962003,0.04375,"Pass","Example_Data_13_INFI.csv"
"A10","ID4","Untreated","IL-20RA","Q9UHF4","OID00489",10.3414062358487,4.19162295962003,0.04375,"Pass","Example_Data_13_INFI.csv"
"A13","ID5","Untreated","IL-20RA","Q9UHF4","OID00489",19.4483664836052,4.19162295962003,0.04375,"Pass","Example_Data_13_INFI.csv"
"A16","ID6","Treated","IL-20RA","Q9UHF4","OID00489",9.5136717012078,4.19162295962003,0.04375,"Pass","Example_Data_13_INFI.csv"
"A19","ID7","Untreated","IL-20RA","Q9UHF4","OID00489",14.7521243842459,4.19162295962003,0.04375,"Pass","Example_Data_13_INFI.csv"
"A22","ID8","Treated","IL-20RA","Q9UHF4","OID00489",8.50515854527324,4.19162295962003,0.04375,"Pass","Example_Data_13_INFI.csv"
"A25","ID9","Untreated","IL-20RA","Q9UHF4","OID00489",10.073541589022,4.19162295962003,0.04375,"Pass","Example_Data_13_INFI.csv"
"A28","ID10","Treated","IL-20RA","Q9UHF4","OID00489",9.7227665516277,4.19162295962003,0.04375,"Pass","Example_Data_13_INFI.csv"
"A31","ID11","Treated","IL-20RA","Q9UHF4","OID00489",8.50797181092838,4.19162295962003,0.04375,"Pass","Example_Data_13_INFI.csv"
"A37","ID13","Untreated","IL-20RA","Q9UHF4","OID00489",10.6218026314198,4.19162295962003,0.04375,"Pass","Example_Data_13_INFI.csv"
"A40","ID14","Untreated","IL-20RA","Q9UHF4","OID00489",2.75621659786787,4.19162295962003,0.04375,"Pass","Example_Data_13_INFI.csv"
"A43","ID15","Treated","IL-20RA","Q9UHF4","OID00489",3.18535481207847,4.19162295962003,0.04375,"Pass","Example_Data_13_INFI.csv"
"A46","ID16","Untreated","IL-20RA","Q9UHF4","OID00489",10.1839709223584,4.19162295962003,0.04375,"Pass","Example_Data_13_INFI.csv"
"A49","ID17","Untreated","IL-20RA","Q9UHF4","OID00489",16.7476936856643,4.19162295962003,0.04375,"Pass","Example_Data_13_INFI.csv"
"A52","ID18","Treated","IL-20RA","Q9UHF4","OID00489",16.4192767143901,4.19162295962003,0.04375,"Pass","Example_Data_13_INFI.csv"
"A55","ID19","Treated","IL-20RA","Q9UHF4","OID00489",9.4088280427249,4.19162295962003,0.04375,"Pass","Example_Data_13_INFI.csv"
"A58","ID20","Untreated","IL-20RA","Q9UHF4","OID00489",14.2505122057386,4.19162295962003,0.04375,"Pass","Example_Data_13_INFI.csv"
"A61","ID21","Untreated","IL-20RA","Q9UHF4","OID00489",8.05494309115105,4.19162295962003,0.04375,"Pass","Example_Data_13_INFI.csv"
"A64","ID22","Untreated","IL-20RA","Q9UHF4","OID00489",10.5082205581305,4.19162295962003,0.04375,"Pass","Example_Data_13_INFI.csv"
"A67","ID23","Treated","IL-20RA","Q9UHF4","OID00489",6.9204598355446,4.19162295962003,0.04375,"Pass","Example_Data_13_INFI.csv"
"A70","ID24","Untreated","IL-20RA","Q9UHF4","OID00489",14.1892733596302,4.19162295962003,0.04375,"Pass","Example_Data_13_INFI.csv"
"A73","ID25","Untreated","IL-20RA","Q9UHF4","OID00489",12.8659101885492,4.19162295962003,0.04375,"Pass","Example_Data_13_INFI.csv"
"A76","ID26","Untreated","IL-20RA","Q9UHF4","OID00489",14.4707130916123,4.19162295962003,0.04375,"Pass","Example_Data_13_INFI.csv"
"B2","ID27","Treated","IL-20RA","Q9UHF4","OID00489",15.8178642516417,4.19162295962003,0.04375,"Pass","Example_Data_14_INFI.csv"
"B5","ID28","Treated","IL-20RA","Q9UHF4","OID00489",3.76529521916312,4.19162295962003,0.04375,"Pass","Example_Data_14_INFI.csv"
"B8","ID29","Untreated","IL-20RA","Q9UHF4","OID00489",16.6242099867846,4.19162295962003,0.04375,"Pass","Example_Data_14_INFI.csv"
"B11","ID30","Untreated","IL-20RA","Q9UHF4","OID00489",3.82602002575937,4.19162295962003,0.04375,"Pass","Example_Data_14_INFI.csv"
"B14","ID31","Untreated","IL-20RA","Q9UHF4","OID00489",6.88375137133949,4.19162295962003,0.04375,"Pass","Example_Data_14_INFI.csv"
"B17","ID32","Treated","IL-20RA","Q9UHF4","OID00489",13.2816043106163,4.19162295962003,0.04375,"Pass","Example_Data_14_INFI.csv"
"B20","ID33","Untreated","IL-20RA","Q9UHF4","OID00489",13.6675037117201,4.19162295962003,0.04375,"Pass","Example_Data_14_INFI.csv"
"B23","ID34","Untreated","IL-20RA","Q9UHF4","OID00489",6.98214968349368,4.19162295962003,0.04375,"Pass","Example_Data_14_INFI.csv"
"B26","ID35","Untreated","IL-20RA","Q9UHF4","OID00489",12.7575799762667,4.19162295962003,0.04375,"Pass","Example_Data_14_INFI.csv"
"B29","ID36","Untreated","IL-20RA","Q9UHF4","OID00489",15.5655907759647,4.19162295962003,0.04375,"Pass","Example_Data_14_INFI.csv"
"B32","ID37","Treated","IL-20RA","Q9UHF4","OID00489",11.7400831651331,4.19162295962003,0.04375,"Pass","Example_Data_14_INFI.csv"
"B35","ID38","Treated","IL-20RA","Q9UHF4","OID00489",7.07716674744071,4.19162295962003,0.04375,"Pass","Example_Data_14_INFI.csv"
"B38","ID39","Untreated","IL-20RA","Q9UHF4","OID00489",7.4722110095758,4.19162295962003,0.04375,"Pass","Example_Data_14_INFI.csv"
"B41","ID40","Untreated","IL-20RA","Q9UHF4","OID00489",7.67108885323892,4.19162295962003,0.04375,"Pass","Example_Data_14_INFI.csv"
"B44","ID41","Untreated","IL-20RA","Q9UHF4","OID00489",6.9176355484548,4.19162295962003,0.04375,"Pass","Example_Data_14_INFI.csv"
"B47","ID42","Treated","IL-20RA","Q9UHF4","OID00489",18.6347359247892,4.19162295962003,0.04375,"Pass","Example_Data_14_INFI.csv"
"B50","ID43","Treated","IL-20RA","Q9UHF4","OID00489",11.3888616509256,4.19162295962003,0.04375,"Pass","Example_Data_14_INFI.csv"
"B53","ID44","Treated","IL-20RA","Q9UHF4","OID00489",14.1200469408349,4.19162295962003,0.04375,"Pass","Example_Data_14_INFI.csv"
"B56","ID45","Treated","IL-20RA","Q9UHF4","OID00489",6.71273066478541,4.19162295962003,0.04375,"Pass","Example_Data_14_INFI.csv"
"B59","ID46","Treated","IL-20RA","Q9UHF4","OID00489",10.9663840364639,4.19162295962003,0.04375,"Pass","Example_Data_14_INFI.csv"
"B62","ID47","Treated","IL-20RA","Q9UHF4","OID00489",15.0654286932578,4.19162295962003,0.04375,"Pass","Example_Data_14_INFI.csv"
"B65","ID48","Treated","IL-20RA","Q9UHF4","OID00489",13.4346897335675,4.19162295962003,0.04375,"Pass","Example_Data_14_INFI.csv"
"B68","ID49","Treated","IL-20RA","Q9UHF4","OID00489",9.89296903374399,4.19162295962003,0.04375,"Pass","Example_Data_14_INFI.csv"
"B71","ID50","Treated","IL-20RA","Q9UHF4","OID00489",16.2721656924567,4.19162295962003,0.04375,"Pass","Example_Data_14_INFI.csv"
"B74","ID51","Untreated","IL-20RA","Q9UHF4","OID00489",17.3280024641505,4.19162295962003,0.04375,"Pass","Example_Data_14_INFI.csv"
"B77","ID52","Treated","IL-20RA","Q9UHF4","OID00489",8.05502772082934,4.19162295962003,0.04375,"Pass","Example_Data_14_INFI.csv"
"A1","ID1","Untreated","CXCL9","Q07325","OID00490",2.64276484803388,0.919485460614518,0.075,"Pass","Example_Data_13_INFI.csv"
"A4","ID2","Untreated","CXCL9","Q07325","OID00490",2.78582188351426,0.919485460614518,0.075,"Pass","Example_Data_13_INFI.csv"
"A7","ID3","Untreated","CXCL9","Q07325","OID00490",2.31024291656157,0.919485460614518,0.075,"Pass","Example_Data_13_INFI.csv"
"A10","ID4","Untreated","CXCL9","Q07325","OID00490",3.35424523687351,0.919485460614518,0.075,"Pass","Example_Data_13_INFI.csv"
"A13","ID5","Untreated","CXCL9","Q07325","OID00490",1.45466837401198,0.919485460614518,0.075,"Pass","Example_Data_13_INFI.csv"
"A16","ID6","Treated","CXCL9","Q07325","OID00490",2.39407571663724,0.919485460614518,0.075,"Pass","Example_Data_13_INFI.csv"
"A19","ID7","Untreated","CXCL9","Q07325","OID00490",3.7148462108006,0.919485460614518,0.075,"Pass","Example_Data_13_INFI.csv"
"A22","ID8","Treated","CXCL9","Q07325","OID00490",0.892392379878014,0.919485460614518,0.075,"Pass","Example_Data_13_INFI.csv"
"A25","ID9","Untreated","CXCL9","Q07325","OID00490",3.90675781172044,0.919485460614518,0.075,"Pass","Example_Data_13_INFI.csv"
"A28","ID10","Treated","CXCL9","Q07325","OID00490",2.15494355530984,0.919485460614518,0.075,"Pass","Example_Data_13_INFI.csv"
"A31","ID11","Treated","CXCL9","Q07325","OID00490",2.19935898880306,0.919485460614518,0.075,"Pass","Example_Data_13_INFI.csv"
"A37","ID13","Untreated","CXCL9","Q07325","OID00490",2.26111118795298,0.919485460614518,0.075,"Pass","Example_Data_13_INFI.csv"
"A40","ID14","Untreated","CXCL9","Q07325","OID00490",2.72023597098929,0.919485460614518,0.075,"Pass","Example_Data_13_INFI.csv"
"A43","ID15","Treated","CXCL9","Q07325","OID00490",1.9114930882972,0.919485460614518,0.075,"Pass","Example_Data_13_INFI.csv"
"A46","ID16","Untreated","CXCL9","Q07325","OID00490",2.82918199756765,0.919485460614518,0.075,"Pass","Example_Data_13_INFI.csv"
"A49","ID17","Untreated","CXCL9","Q07325","OID00490",3.85053429994327,0.919485460614518,0.075,"Pass","Example_Data_13_INFI.csv"
"A52","ID18","Treated","CXCL9","Q07325","OID00490",0.819318570390662,0.919485460614518,0.075,"Pass","Example_Data_13_INFI.csv"
"A55","ID19","Treated","CXCL9","Q07325","OID00490",1.89217946545022,0.919485460614518,0.075,"Pass","Example_Data_13_INFI.csv"
"A58","ID20","Untreated","CXCL9","Q07325","OID00490",1.58146091147029,0.919485460614518,0.075,"Pass","Example_Data_13_INFI.csv"
"A61","ID21","Untreated","CXCL9","Q07325","OID00490",1.36664185098364,0.919485460614518,0.075,"Pass","Example_Data_13_INFI.csv"
"A64","ID22","Untreated","CXCL9","Q07325","OID00490",1.50565866800028,0.919485460614518,0.075,"Pass","Example_Data_13_INFI.csv"
"A67","ID23","Treated","CXCL9","Q07325","OID00490",2.48647365558668,0.919485460614518,0.075,"Pass","Example_Data_13_INFI.csv"
"A70","ID24","Untreated","CXCL9","Q07325","OID00490",1.01171882686658,0.919485460614518,0.075,"Pass","Example_Data_13_INFI.csv"
"A73","ID25","Untreated","CXCL9","Q07325","OID00490",1.8841858943786,0.919485460614518,0.075,"Pass","Example_Data_13_INFI.csv"
"A76","ID26","Untreated","CXCL9","Q07325","OID00490",3.70982167997526,0.919485460614518,0.075,"Pass","Example_Data_13_INFI.csv"
"B2","ID27","Treated","CXCL9","Q07325","OID00490",4.1132250686881,0.919485460614518,0.075,"Pass","Example_Data_14_INFI.csv"
"B5","ID28","Treated","CXCL9","Q07325","OID00490",1.95693824382142,0.919485460614518,0.075,"Pass","Example_Data_14_INFI.csv"
"B8","ID29","Untreated","CXCL9","Q07325","OID00490",0.667734988665067,0.919485460614518,0.075,"Pass","Example_Data_14_INFI.csv"
"B11","ID30","Untreated","CXCL9","Q07325","OID00490",1.39015890619281,0.919485460614518,0.075,"Pass","Example_Data_14_INFI.csv"
"B14","ID31","Untreated","CXCL9","Q07325","OID00490",1.62301942728394,0.919485460614518,0.075,"Pass","Example_Data_14_INFI.csv"
"B17","ID32","Treated","CXCL9","Q07325","OID00490",0.92315687837672,0.919485460614518,0.075,"Pass","Example_Data_14_INFI.csv"
"B20","ID33","Untreated","CXCL9","Q07325","OID00490",1.67026100344669,0.919485460614518,0.075,"Pass","Example_Data_14_INFI.csv"
"B23","ID34","Untreated","CXCL9","Q07325","OID00490",-0.322519067088746,0.919485460614518,0.075,"Pass","Example_Data_14_INFI.csv"
"B26","ID35","Untreated","CXCL9","Q07325","OID00490",0.535041701013266,0.919485460614518,0.075,"Pass","Example_Data_14_INFI.csv"
"B29","ID36","Untreated","CXCL9","Q07325","OID00490",1.94823018473988,0.919485460614518,0.075,"Pass","Example_Data_14_INFI.csv"
"B32","ID37","Treated","CXCL9","Q07325","OID00490",3.65788353315656,0.919485460614518,0.075,"Pass","Example_Data_14_INFI.csv"
"B35","ID38","Treated","CXCL9","Q07325","OID00490",1.92526155912861,0.919485460614518,0.075,"Pass","Example_Data_14_INFI.csv"
"B38","ID39","Untreated","CXCL9","Q07325","OID00490",4.45294720336718,0.919485460614518,0.075,"Pass","Example_Data_14_INFI.csv"
"B41","ID40","Untreated","CXCL9","Q07325","OID00490",2.30116551814002,0.919485460614518,0.075,"Pass","Example_Data_14_INFI.csv"
"B44","ID41","Untreated","CXCL9","Q07325","OID00490",3.5785038471365,0.919485460614518,0.075,"Pass","Example_Data_14_INFI.csv"
"B47","ID42","Treated","CXCL9","Q07325","OID00490",3.52331765201252,0.919485460614518,0.075,"Pass","Example_Data_14_INFI.csv"
"B50","ID43","Treated","CXCL9","Q07325","OID00490",4.24533151996876,0.919485460614518,0.075,"Pass","Example_Data_14_INFI.csv"
"B53","ID44","Treated","CXCL9","Q07325","OID00490",1.67400388778478,0.919485460614518,0.075,"Pass","Example_Data_14_INFI.csv"
"B56","ID45","Treated","CXCL9","Q07325","OID00490",1.37876202308096,0.919485460614518,0.075,"Pass","Example_Data_14_INFI.csv"
"B59","ID46","Treated","CXCL9","Q07325","OID00490",4.47308185332971,0.919485460614518,0.075,"Pass","Example_Data_14_INFI.csv"
"B62","ID47","Treated","CXCL9","Q07325","OID00490",1.64113788670666,0.919485460614518,0.075,"Pass","Example_Data_14_INFI.csv"
"B65","ID48","Treated","CXCL9","Q07325","OID00490",3.0537694193989,0.919485460614518,0.075,"Pass","Example_Data_14_INFI.csv"
"B68","ID49","Treated","CXCL9","Q07325","OID00490",3.94113672245091,0.919485460614518,0.075,"Pass","Example_Data_14_INFI.csv"
"B71","ID50","Treated","CXCL9","Q07325","OID00490",1.77676623121791,0.919485460614518,0.075,"Pass","Example_Data_14_INFI.csv"
"B74","ID51","Untreated","CXCL9","Q07325","OID00490",3.44200589712989,0.919485460614518,0.075,"Pass","Example_Data_14_INFI.csv"
"B77","ID52","Treated","CXCL9","Q07325","OID00490",1.55481869941423,0.919485460614518,0.075,"Pass","Example_Data_14_INFI.csv"
"A1","ID1","Untreated","CST5","P28325","OID00491",6.20650171714744,0,0.075,"Pass","Example_Data_13_INFI.csv"
"A4","ID2","Untreated","CST5","P28325","OID00491",6.9669990861973,0,0.075,"Pass","Example_Data_13_INFI.csv"
"A7","ID3","Untreated","CST5","P28325","OID00491",6.12591261528993,0,0.075,"Pass","Example_Data_13_INFI.csv"
"A10","ID4","Untreated","CST5","P28325","OID00491",6.18450337390209,0,0.075,"Pass","Example_Data_13_INFI.csv"
"A13","ID5","Untreated","CST5","P28325","OID00491",3.66976890598385,0,0.075,"Pass","Example_Data_13_INFI.csv"
"A16","ID6","Treated","CST5","P28325","OID00491",1.03859119668921,0,0.075,"Pass","Example_Data_13_INFI.csv"
"A19","ID7","Untreated","CST5","P28325","OID00491",2.6752956748886,0,0.075,"Pass","Example_Data_13_INFI.csv"
"A22","ID8","Treated","CST5","P28325","OID00491",4.01836887805155,0,0.075,"Pass","Example_Data_13_INFI.csv"
"A25","ID9","Untreated","CST5","P28325","OID00491",2.09181638405803,0,0.075,"Pass","Example_Data_13_INFI.csv"
"A28","ID10","Treated","CST5","P28325","OID00491",3.38234223518954,0,0.075,"Pass","Example_Data_13_INFI.csv"
"A31","ID11","Treated","CST5","P28325","OID00491",2.34429556447216,0,0.075,"Pass","Example_Data_13_INFI.csv"
"A37","ID13","Untreated","CST5","P28325","OID00491",-1.72890242186284,0,0.075,"Pass","Example_Data_13_INFI.csv"
"A40","ID14","Untreated","CST5","P28325","OID00491",8.52226393266107,0,0.075,"Pass","Example_Data_13_INFI.csv"
"A43","ID15","Treated","CST5","P28325","OID00491",2.25971649957253,0,0.075,"Pass","Example_Data_13_INFI.csv"
"A46","ID16","Untreated","CST5","P28325","OID00491",3.98933081292595,0,0.075,"Pass","Example_Data_13_INFI.csv"
"A49","ID17","Untreated","CST5","P28325","OID00491",9.59101128509607,0,0.075,"Pass","Example_Data_13_INFI.csv"
"A52","ID18","Treated","CST5","P28325","OID00491",1.62956479007564,0,0.075,"Pass","Example_Data_13_INFI.csv"
"A55","ID19","Treated","CST5","P28325","OID00491",6.66707967482666,0,0.075,"Pass","Example_Data_13_INFI.csv"
"A58","ID20","Untreated","CST5","P28325","OID00491",1.00937931751048,0,0.075,"Pass","Example_Data_13_INFI.csv"
"A61","ID21","Untreated","CST5","P28325","OID00491",-3.57000636990954,0,0.075,"Pass","Example_Data_13_INFI.csv"
"A64","ID22","Untreated","CST5","P28325","OID00491",10.8115389569129,0,0.075,"Pass","Example_Data_13_INFI.csv"
"A67","ID23","Treated","CST5","P28325","OID00491",1.14428272015707,0,0.075,"Pass","Example_Data_13_INFI.csv"
"A70","ID24","Untreated","CST5","P28325","OID00491",2.28935539851337,0,0.075,"Pass","Example_Data_13_INFI.csv"
"A73","ID25","Untreated","CST5","P28325","OID00491",0.776426866997279,0,0.075,"Pass","Example_Data_13_INFI.csv"
"A76","ID26","Untreated","CST5","P28325","OID00491",10.1037381677426,0,0.075,"Pass","Example_Data_13_INFI.csv"
"B2","ID27","Treated","CST5","P28325","OID00491",8.72804690226281,0,0.075,"Pass","Example_Data_14_INFI.csv"
"B5","ID28","Treated","CST5","P28325","OID00491",6.53244987414074,0,0.075,"Pass","Example_Data_14_INFI.csv"
"B8","ID29","Untreated","CST5","P28325","OID00491",-2.2772140871112,0,0.075,"Pass","Example_Data_14_INFI.csv"
"B11","ID30","Untreated","CST5","P28325","OID00491",0.00984245503917269,0,0.075,"Pass","Example_Data_14_INFI.csv"
"B14","ID31","Untreated","CST5","P28325","OID00491",4.29456362486393,0,0.075,"Pass","Example_Data_14_INFI.csv"
"B17","ID32","Treated","CST5","P28325","OID00491",7.31070466221913,0,0.075,"Pass","Example_Data_14_INFI.csv"
"B20","ID33","Untreated","CST5","P28325","OID00491",-0.0367488302013779,0,0.075,"Pass","Example_Data_14_INFI.csv"
"B23","ID34","Untreated","CST5","P28325","OID00491",-0.388342145527112,0,0.075,"Pass","Example_Data_14_INFI.csv"
"B26","ID35","Untreated","CST5","P28325","OID00491",3.43000357102675,0,0.075,"Pass","Example_Data_14_INFI.csv"
"B29","ID36","Untreated","CST5","P28325","OID00491",2.64922980123619,0,0.075,"Pass","Example_Data_14_INFI.csv"
"B32","ID37","Treated","CST5","P28325","OID00491",0.873070520702173,0,0.075,"Pass","Example_Data_14_INFI.csv"
"B35","ID38","Treated","CST5","P28325","OID00491",8.42081893927052,0,0.075,"Pass","Example_Data_14_INFI.csv"
"B38","ID39","Untreated","CST5","P28325","OID00491",12.5138713273752,0,0.075,"Pass","Example_Data_14_INFI.csv"
"B41","ID40","Untreated","CST5","P28325","OID00491",3.3348476124571,0,0.075,"Pass","Example_Data_14_INFI.csv"
"B44","ID41","Untreated","CST5","P28325","OID00491",7.1565891059901,0,0.075,"Pass","Example_Data_14_INFI.csv"
"B47","ID42","Treated","CST5","P28325","OID00491",3.440088680734,0,0.075,"Pass","Example_Data_14_INFI.csv"
"B50","ID43","Treated","CST5","P28325","OID00491",3.4425106863557,0,0.075,"Pass","Example_Data_14_INFI.csv"
"B53","ID44","Treated","CST5","P28325","OID00491",1.27453816125676,0,0.075,"Pass","Example_Data_14_INFI.csv"
"B56","ID45","Treated","CST5","P28325","OID00491",3.9635265975358,0,0.075,"Pass","Example_Data_14_INFI.csv"
"B59","ID46","Treated","CST5","P28325","OID00491",6.09986794673462,0,0.075,"Pass","Example_Data_14_INFI.csv"
"B62","ID47","Treated","CST5","P28325","OID00491",0.315335505246448,0,0.075,"Pass","Example_Data_14_INFI.csv"
"B65","ID48","Treated","CST5","P28325","OID00491",2.01413992676546,0,0.075,"Pass","Example_Data_14_INFI.csv"
"B68","ID49","Treated","CST5","P28325","OID00491",5.71730788001767,0,0.075,"Pass","Example_Data_14_INFI.csv"
"B71","ID50","Treated","CST5","P28325","OID00491",6.71162936326692,0,0.075,"Pass","Example_Data_14_INFI.csv"
"B74","ID51","Untreated","CST5","P28325","OID00491",4.59063028573333,0,0.075,"Pass","Example_Data_14_INFI.csv"
"B77","ID52","Treated","CST5","P28325","OID00491",1.78311546924569,0,0.075,"Pass","Example_Data_14_INFI.csv"
"A1","ID1","Untreated","IL-2RB","P14784","OID00492",3.05241271212407,0,0.05625,"Pass","Example_Data_13_INFI.csv"
"A4","ID2","Untreated","IL-2RB","P14784","OID00492",6.06372922025838,0,0.05625,"Pass","Example_Data_13_INFI.csv"
"A7","ID3","Untreated","IL-2RB","P14784","OID00492",2.72116593304292,0,0.05625,"Pass","Example_Data_13_INFI.csv"
"A10","ID4","Untreated","IL-2RB","P14784","OID00492",3.39198805467917,0,0.05625,"Pass","Example_Data_13_INFI.csv"
"A13","ID5","Untreated","IL-2RB","P14784","OID00492",3.98439905151841,0,0.05625,"Pass","Example_Data_13_INFI.csv"
"A16","ID6","Treated","IL-2RB","P14784","OID00492",1.17227649898527,0,0.05625,"Pass","Example_Data_13_INFI.csv"
"A19","ID7","Untreated","IL-2RB","P14784","OID00492",3.38456105374768,0,0.05625,"Pass","Example_Data_13_INFI.csv"
"A22","ID8","Treated","IL-2RB","P14784","OID00492",5.91136286074461,0,0.05625,"Pass","Example_Data_13_INFI.csv"
"A25","ID9","Untreated","IL-2RB","P14784","OID00492",1.56429315398001,0,0.05625,"Pass","Example_Data_13_INFI.csv"
"A28","ID10","Treated","IL-2RB","P14784","OID00492",3.32422920733073,0,0.05625,"Pass","Example_Data_13_INFI.csv"
"A31","ID11","Treated","IL-2RB","P14784","OID00492",4.46053123512622,0,0.05625,"Pass","Example_Data_13_INFI.csv"
"A37","ID13","Untreated","IL-2RB","P14784","OID00492",2.24446653245147,0,0.05625,"Pass","Example_Data_13_INFI.csv"
"A40","ID14","Untreated","IL-2RB","P14784","OID00492",6.1340676701034,0,0.05625,"Pass","Example_Data_13_INFI.csv"
"A43","ID15","Treated","IL-2RB","P14784","OID00492",2.19538525050376,0,0.05625,"Pass","Example_Data_13_INFI.csv"
"A46","ID16","Untreated","IL-2RB","P14784","OID00492",7.64295942151893,0,0.05625,"Pass","Example_Data_13_INFI.csv"
"A49","ID17","Untreated","IL-2RB","P14784","OID00492",-2.43667202458684,0,0.05625,"Pass","Example_Data_13_INFI.csv"
"A52","ID18","Treated","IL-2RB","P14784","OID00492",0.0358166501133268,0,0.05625,"Pass","Example_Data_13_INFI.csv"
"A55","ID19","Treated","IL-2RB","P14784","OID00492",2.97864677001621,0,0.05625,"Pass","Example_Data_13_INFI.csv"
"A58","ID20","Untreated","IL-2RB","P14784","OID00492",5.23095001613337,0,0.05625,"Pass","Example_Data_13_INFI.csv"
"A61","ID21","Untreated","IL-2RB","P14784","OID00492",6.16778343697136,0,0.05625,"Pass","Example_Data_13_INFI.csv"
"A64","ID22","Untreated","IL-2RB","P14784","OID00492",3.81517718901376,0,0.05625,"Pass","Example_Data_13_INFI.csv"
"A67","ID23","Treated","IL-2RB","P14784","OID00492",1.72043002171105,0,0.05625,"Pass","Example_Data_13_INFI.csv"
"A70","ID24","Untreated","IL-2RB","P14784","OID00492",2.15679897836695,0,0.05625,"Pass","Example_Data_13_INFI.csv"
"A73","ID25","Untreated","IL-2RB","P14784","OID00492",2.53216460930143,0,0.05625,"Pass","Example_Data_13_INFI.csv"
"A76","ID26","Untreated","IL-2RB","P14784","OID00492",2.78394652176962,0,0.05625,"Pass","Example_Data_13_INFI.csv"
"B2","ID27","Treated","IL-2RB","P14784","OID00492",3.94960375760621,0,0.05625,"Pass","Example_Data_14_INFI.csv"
"B5","ID28","Treated","IL-2RB","P14784","OID00492",3.45051234223982,0,0.05625,"Pass","Example_Data_14_INFI.csv"
"B8","ID29","Untreated","IL-2RB","P14784","OID00492",0.69751864928682,0,0.05625,"Pass","Example_Data_14_INFI.csv"
"B11","ID30","Untreated","IL-2RB","P14784","OID00492",5.44069582473864,0,0.05625,"Pass","Example_Data_14_INFI.csv"
"B14","ID31","Untreated","IL-2RB","P14784","OID00492",2.84229376938193,0,0.05625,"Pass","Example_Data_14_INFI.csv"
"B17","ID32","Treated","IL-2RB","P14784","OID00492",4.92033976722783,0,0.05625,"Pass","Example_Data_14_INFI.csv"
"B20","ID33","Untreated","IL-2RB","P14784","OID00492",4.92230713683362,0,0.05625,"Pass","Example_Data_14_INFI.csv"
"B23","ID34","Untreated","IL-2RB","P14784","OID00492",6.61205205505742,0,0.05625,"Pass","Example_Data_14_INFI.csv"
"B26","ID35","Untreated","IL-2RB","P14784","OID00492",5.14897186967444,0,0.05625,"Pass","Example_Data_14_INFI.csv"
"B29","ID36","Untreated","IL-2RB","P14784","OID00492",1.25598406993414,0,0.05625,"Pass","Example_Data_14_INFI.csv"
"B32","ID37","Treated","IL-2RB","P14784","OID00492",3.25293125991584,0,0.05625,"Pass","Example_Data_14_INFI.csv"
"B35","ID38","Treated","IL-2RB","P14784","OID00492",6.03035165191065,0,0.05625,"Pass","Example_Data_14_INFI.csv"
"B38","ID39","Untreated","IL-2RB","P14784","OID00492",4.45511129453385,0,0.05625,"Pass","Example_Data_14_INFI.csv"
"B41","ID40","Untreated","IL-2RB","P14784","OID00492",1.08787153188509,0,0.05625,"Pass","Example_Data_14_INFI.csv"
"B44","ID41","Untreated","IL-2RB","P14784","OID00492",4.73381384243622,0,0.05625,"Pass","Example_Data_14_INFI.csv"
"B47","ID42","Treated","IL-2RB","P14784","OID00492",5.5608945412959,0,0.05625,"Pass","Example_Data_14_INFI.csv"
"B50","ID43","Treated","IL-2RB","P14784","OID00492",7.22916619641975,0,0.05625,"Pass","Example_Data_14_INFI.csv"
"B53","ID44","Treated","IL-2RB","P14784","OID00492",0.817171558571815,0,0.05625,"Pass","Example_Data_14_INFI.csv"
"B56","ID45","Treated","IL-2RB","P14784","OID00492",2.98973323051919,0,0.05625,"Pass","Example_Data_14_INFI.csv"
"B59","ID46","Treated","IL-2RB","P14784","OID00492",3.49484449469987,0,0.05625,"Pass","Example_Data_14_INFI.csv"
"B62","ID47","Treated","IL-2RB","P14784","OID00492",0.770030918592599,0,0.05625,"Pass","Example_Data_14_INFI.csv"
"B65","ID48","Treated","IL-2RB","P14784","OID00492",5.75741427522103,0,0.05625,"Pass","Example_Data_14_INFI.csv"
"B68","ID49","Treated","IL-2RB","P14784","OID00492",1.1769571222576,0,0.05625,"Pass","Example_Data_14_INFI.csv"
"B71","ID50","Treated","IL-2RB","P14784","OID00492",3.43529952735011,0,0.05625,"Pass","Example_Data_14_INFI.csv"
"B74","ID51","Untreated","IL-2RB","P14784","OID00492",2.99810161485367,0,0.05625,"Pass","Example_Data_14_INFI.csv"
"B77","ID52","Treated","IL-2RB","P14784","OID00492",6.84737345972472,0,0.05625,"Pass","Example_Data_14_INFI.csv"
"A1","ID1","Untreated","IL-1 alpha","P01583","OID00493",5.30375349313653,1.79758551443228,0.05625,"Pass","Example_Data_13_INFI.csv"
"A4","ID2","Untreated","IL-1 alpha","P01583","OID00493",7.42465683948516,1.79758551443228,0.05625,"Pass","Example_Data_13_INFI.csv"
"A7","ID3","Untreated","IL-1 alpha","P01583","OID00493",9.57440230752174,1.79758551443228,0.05625,"Pass","Example_Data_13_INFI.csv"
"A10","ID4","Untreated","IL-1 alpha","P01583","OID00493",5.41157218256122,1.79758551443228,0.05625,"Pass","Example_Data_13_INFI.csv"
"A13","ID5","Untreated","IL-1 alpha","P01583","OID00493",11.8171938254232,1.79758551443228,0.05625,"Pass","Example_Data_13_INFI.csv"
"A16","ID6","Treated","IL-1 alpha","P01583","OID00493",2.34606454127269,1.79758551443228,0.05625,"Pass","Example_Data_13_INFI.csv"
"A19","ID7","Untreated","IL-1 alpha","P01583","OID00493",9.88749647630531,1.79758551443228,0.05625,"Pass","Example_Data_13_INFI.csv"
"A22","ID8","Treated","IL-1 alpha","P01583","OID00493",9.08242807581946,1.79758551443228,0.05625,"Pass","Example_Data_13_INFI.csv"
"A25","ID9","Untreated","IL-1 alpha","P01583","OID00493",13.1975050255702,1.79758551443228,0.05625,"Pass","Example_Data_13_INFI.csv"
"A28","ID10","Treated","IL-1 alpha","P01583","OID00493",14.2487925727315,1.79758551443228,0.05625,"Pass","Example_Data_13_INFI.csv"
"A31","ID11","Treated","IL-1 alpha","P01583","OID00493",9.68879494627595,1.79758551443228,0.05625,"Pass","Example_Data_13_INFI.csv"
"A37","ID13","Untreated","IL-1 alpha","P01583","OID00493",11.1303025662481,1.79758551443228,0.05625,"Pass","Example_Data_13_INFI.csv"
"A40","ID14","Untreated","IL-1 alpha","P01583","OID00493",6.27965894224577,1.79758551443228,0.05625,"Pass","Example_Data_13_INFI.csv"
"A43","ID15","Treated","IL-1 alpha","P01583","OID00493",9.39577518115787,1.79758551443228,0.05625,"Pass","Example_Data_13_INFI.csv"
"A46","ID16","Untreated","IL-1 alpha","P01583","OID00493",7.70757845477091,1.79758551443228,0.05625,"Pass","Example_Data_13_INFI.csv"
"A49","ID17","Untreated","IL-1 alpha","P01583","OID00493",9.91632625403292,1.79758551443228,0.05625,"Pass","Example_Data_13_INFI.csv"
"A52","ID18","Treated","IL-1 alpha","P01583","OID00493",10.435084743119,1.79758551443228,0.05625,"Pass","Example_Data_13_INFI.csv"
"A55","ID19","Treated","IL-1 alpha","P01583","OID00493",10.8989787530025,1.79758551443228,0.05625,"Pass","Example_Data_13_INFI.csv"
"A58","ID20","Untreated","IL-1 alpha","P01583","OID00493",9.85367292308642,1.79758551443228,0.05625,"Pass","Example_Data_13_INFI.csv"
"A61","ID21","Untreated","IL-1 alpha","P01583","OID00493",9.15149761983198,1.79758551443228,0.05625,"Pass","Example_Data_13_INFI.csv"
"A64","ID22","Untreated","IL-1 alpha","P01583","OID00493",7.97233154649871,1.79758551443228,0.05625,"Pass","Example_Data_13_INFI.csv"
"A67","ID23","Treated","IL-1 alpha","P01583","OID00493",12.9377690062608,1.79758551443228,0.05625,"Pass","Example_Data_13_INFI.csv"
"A70","ID24","Untreated","IL-1 alpha","P01583","OID00493",10.3958910295054,1.79758551443228,0.05625,"Pass","Example_Data_13_INFI.csv"
"A73","ID25","Untreated","IL-1 alpha","P01583","OID00493",8.62486081564054,1.79758551443228,0.05625,"Pass","Example_Data_13_INFI.csv"
"A76","ID26","Untreated","IL-1 alpha","P01583","OID00493",4.40812106160286,1.79758551443228,0.05625,"Pass","Example_Data_13_INFI.csv"
"B2","ID27","Treated","IL-1 alpha","P01583","OID00493",5.68556258120973,1.79758551443228,0.05625,"Pass","Example_Data_14_INFI.csv"
"B5","ID28","Treated","IL-1 alpha","P01583","OID00493",7.15129109160694,1.79758551443228,0.05625,"Pass","Example_Data_14_INFI.csv"
"B8","ID29","Untreated","IL-1 alpha","P01583","OID00493",7.92597470031791,1.79758551443228,0.05625,"Pass","Example_Data_14_INFI.csv"
"B11","ID30","Untreated","IL-1 alpha","P01583","OID00493",11.9989622726667,1.79758551443228,0.05625,"Pass","Example_Data_14_INFI.csv"
"B14","ID31","Untreated","IL-1 alpha","P01583","OID00493",6.72175053200414,1.79758551443228,0.05625,"Pass","Example_Data_14_INFI.csv"
"B17","ID32","Treated","IL-1 alpha","P01583","OID00493",9.6969612879245,1.79758551443228,0.05625,"Pass","Example_Data_14_INFI.csv"
"B20","ID33","Untreated","IL-1 alpha","P01583","OID00493",7.43859032851715,1.79758551443228,0.05625,"Pass","Example_Data_14_INFI.csv"
"B23","ID34","Untreated","IL-1 alpha","P01583","OID00493",-0.779263097222259,1.79758551443228,0.05625,"Pass","Example_Data_14_INFI.csv"
"B26","ID35","Untreated","IL-1 alpha","P01583","OID00493",1.75955319535361,1.79758551443228,0.05625,"Pass","Example_Data_14_INFI.csv"
"B29","ID36","Untreated","IL-1 alpha","P01583","OID00493",8.80185631116015,1.79758551443228,0.05625,"Pass","Example_Data_14_INFI.csv"
"B32","ID37","Treated","IL-1 alpha","P01583","OID00493",7.65363023470703,1.79758551443228,0.05625,"Pass","Example_Data_14_INFI.csv"
"B35","ID38","Treated","IL-1 alpha","P01583","OID00493",10.5040474484404,1.79758551443228,0.05625,"Pass","Example_Data_14_INFI.csv"
"B38","ID39","Untreated","IL-1 alpha","P01583","OID00493",-0.149970822370012,1.79758551443228,0.05625,"Pass","Example_Data_14_INFI.csv"
"B41","ID40","Untreated","IL-1 alpha","P01583","OID00493",6.55768478380664,1.79758551443228,0.05625,"Pass","Example_Data_14_INFI.csv"
"B44","ID41","Untreated","IL-1 alpha","P01583","OID00493",3.06245942170356,1.79758551443228,0.05625,"Pass","Example_Data_14_INFI.csv"
"B47","ID42","Treated","IL-1 alpha","P01583","OID00493",8.19928437947417,1.79758551443228,0.05625,"Pass","Example_Data_14_INFI.csv"
"B50","ID43","Treated","IL-1 alpha","P01583","OID00493",7.3324539891438,1.79758551443228,0.05625,"Pass","Example_Data_14_INFI.csv"
"B53","ID44","Treated","IL-1 alpha","P01583","OID00493",6.3536772023121,1.79758551443228,0.05625,"Pass","Example_Data_14_INFI.csv"
"B56","ID45","Treated","IL-1 alpha","P01583","OID00493",9.38354573030198,1.79758551443228,0.05625,"Pass","Example_Data_14_INFI.csv"
"B59","ID46","Treated","IL-1 alpha","P01583","OID00493",2.30689001529638,1.79758551443228,0.05625,"Pass","Example_Data_14_INFI.csv"
"B62","ID47","Treated","IL-1 alpha","P01583","OID00493",3.94794740078433,1.79758551443228,0.05625,"Pass","Example_Data_14_INFI.csv"
"B65","ID48","Treated","IL-1 alpha","P01583","OID00493",10.9447041540571,1.79758551443228,0.05625,"Pass","Example_Data_14_INFI.csv"
"B68","ID49","Treated","IL-1 alpha","P01583","OID00493",12.5095689747501,1.79758551443228,0.05625,"Pass","Example_Data_14_INFI.csv"
"B71","ID50","Treated","IL-1 alpha","P01583","OID00493",10.2225546506622,1.79758551443228,0.05625,"Pass","Example_Data_14_INFI.csv"
"B74","ID51","Untreated","IL-1 alpha","P01583","OID00493",6.03606733637589,1.79758551443228,0.05625,"Pass","Example_Data_14_INFI.csv"
"B77","ID52","Treated","IL-1 alpha","P01583","OID00493",8.33654502508917,1.79758551443228,0.05625,"Pass","Example_Data_14_INFI.csv"
"A1","ID1","Untreated","OSM","P13725","OID00494",3.08751206895069,0,0.05,"Pass","Example_Data_13_INFI.csv"
"A4","ID2","Untreated","OSM","P13725","OID00494",4.56005959653917,0,0.05,"Pass","Example_Data_13_INFI.csv"
"A7","ID3","Untreated","OSM","P13725","OID00494",0.720333041927411,0,0.05,"Pass","Example_Data_13_INFI.csv"
"A10","ID4","Untreated","OSM","P13725","OID00494",2.4533222617309,0,0.05,"Pass","Example_Data_13_INFI.csv"
"A13","ID5","Untreated","OSM","P13725","OID00494",4.34195287258999,0,0.05,"Pass","Example_Data_13_INFI.csv"
"A16","ID6","Treated","OSM","P13725","OID00494",1.6828066975783,0,0.05,"Pass","Example_Data_13_INFI.csv"
"A19","ID7","Untreated","OSM","P13725","OID00494",8.27637925160184,0,0.05,"Pass","Example_Data_13_INFI.csv"
"A22","ID8","Treated","OSM","P13725","OID00494",2.88187681799955,0,0.05,"Pass","Example_Data_13_INFI.csv"
"A25","ID9","Untreated","OSM","P13725","OID00494",6.48993114823603,0,0.05,"Pass","Example_Data_13_INFI.csv"
"A28","ID10","Treated","OSM","P13725","OID00494",9.63283243020326,0,0.05,"Pass","Example_Data_13_INFI.csv"
"A31","ID11","Treated","OSM","P13725","OID00494",5.06045347480894,0,0.05,"Pass","Example_Data_13_INFI.csv"
"A37","ID13","Untreated","OSM","P13725","OID00494",6.98943939823615,0,0.05,"Pass","Example_Data_13_INFI.csv"
"A40","ID14","Untreated","OSM","P13725","OID00494",1.5332206417267,0,0.05,"Pass","Example_Data_13_INFI.csv"
"A43","ID15","Treated","OSM","P13725","OID00494",5.93086710733157,0,0.05,"Pass","Example_Data_13_INFI.csv"
"A46","ID16","Untreated","OSM","P13725","OID00494",5.9064197002855,0,0.05,"Pass","Example_Data_13_INFI.csv"
"A49","ID17","Untreated","OSM","P13725","OID00494",1.56834538020224,0,0.05,"Pass","Example_Data_13_INFI.csv"
"A52","ID18","Treated","OSM","P13725","OID00494",5.00936117528839,0,0.05,"Pass","Example_Data_13_INFI.csv"
"A55","ID19","Treated","OSM","P13725","OID00494",5.37417143449081,0,0.05,"Pass","Example_Data_13_INFI.csv"
"A58","ID20","Untreated","OSM","P13725","OID00494",3.14523917651793,0,0.05,"Pass","Example_Data_13_INFI.csv"
"A61","ID21","Untreated","OSM","P13725","OID00494",5.39486178945498,0,0.05,"Pass","Example_Data_13_INFI.csv"
"A64","ID22","Untreated","OSM","P13725","OID00494",2.17065908901991,0,0.05,"Pass","Example_Data_13_INFI.csv"
"A67","ID23","Treated","OSM","P13725","OID00494",-0.875280042952201,0,0.05,"Pass","Example_Data_13_INFI.csv"
"A70","ID24","Untreated","OSM","P13725","OID00494",2.7841070206659,0,0.05,"Pass","Example_Data_13_INFI.csv"
"A73","ID25","Untreated","OSM","P13725","OID00494",4.41773367245878,0,0.05,"Pass","Example_Data_13_INFI.csv"
"A76","ID26","Untreated","OSM","P13725","OID00494",5.37701269785327,0,0.05,"Pass","Example_Data_13_INFI.csv"
"B2","ID27","Treated","OSM","P13725","OID00494",0.391505502053426,0,0.05,"Pass","Example_Data_14_INFI.csv"
"B5","ID28","Treated","OSM","P13725","OID00494",2.88774378143281,0,0.05,"Pass","Example_Data_14_INFI.csv"
"B8","ID29","Untreated","OSM","P13725","OID00494",7.02458166389389,0,0.05,"Pass","Example_Data_14_INFI.csv"
"B11","ID30","Untreated","OSM","P13725","OID00494",-2.13690974621368,0,0.05,"Pass","Example_Data_14_INFI.csv"
"B14","ID31","Untreated","OSM","P13725","OID00494",8.59763172717696,0,0.05,"Pass","Example_Data_14_INFI.csv"
"B17","ID32","Treated","OSM","P13725","OID00494",-2.19855701820455,0,0.05,"Pass","Example_Data_14_INFI.csv"
"B20","ID33","Untreated","OSM","P13725","OID00494",6.02810576027592,0,0.05,"Pass","Example_Data_14_INFI.csv"
"B23","ID34","Untreated","OSM","P13725","OID00494",4.36401047383509,0,0.05,"Pass","Example_Data_14_INFI.csv"
"B26","ID35","Untreated","OSM","P13725","OID00494",5.21766110918452,0,0.05,"Pass","Example_Data_14_INFI.csv"
"B29","ID36","Untreated","OSM","P13725","OID00494",4.44293332337159,0,0.05,"Pass","Example_Data_14_INFI.csv"
"B32","ID37","Treated","OSM","P13725","OID00494",1.38164427991777,0,0.05,"Pass","Example_Data_14_INFI.csv"
"B35","ID38","Treated","OSM","P13725","OID00494",4.64351789694803,0,0.05,"Pass","Example_Data_14_INFI.csv"
"B38","ID39","Untreated","OSM","P13725","OID00494",5.1841464792505,0,0.05,"Pass","Example_Data_14_INFI.csv"
"B41","ID40","Untreated","OSM","P13725","OID00494",7.00574989062092,0,0.05,"Pass","Example_Data_14_INFI.csv"
"B44","ID41","Untreated","OSM","P13725","OID00494",4.57442696659942,0,0.05,"Pass","Example_Data_14_INFI.csv"
"B47","ID42","Treated","OSM","P13725","OID00494",-1.53386836004187,0,0.05,"Pass","Example_Data_14_INFI.csv"
"B50","ID43","Treated","OSM","P13725","OID00494",1.15397930152758,0,0.05,"Pass","Example_Data_14_INFI.csv"
"B53","ID44","Treated","OSM","P13725","OID00494",1.76591014836522,0,0.05,"Pass","Example_Data_14_INFI.csv"
"B56","ID45","Treated","OSM","P13725","OID00494",7.30791840458617,0,0.05,"Pass","Example_Data_14_INFI.csv"
"B59","ID46","Treated","OSM","P13725","OID00494",4.74646592300084,0,0.05,"Pass","Example_Data_14_INFI.csv"
"B62","ID47","Treated","OSM","P13725","OID00494",4.58185992379756,0,0.05,"Pass","Example_Data_14_INFI.csv"
"B65","ID48","Treated","OSM","P13725","OID00494",5.94251615445482,0,0.05,"Pass","Example_Data_14_INFI.csv"
"B68","ID49","Treated","OSM","P13725","OID00494",1.9567105230746,0,0.05,"Pass","Example_Data_14_INFI.csv"
"B71","ID50","Treated","OSM","P13725","OID00494",8.19392558858531,0,0.05,"Pass","Example_Data_14_INFI.csv"
"B74","ID51","Untreated","OSM","P13725","OID00494",3.9709548956302,0,0.05,"Pass","Example_Data_14_INFI.csv"
"B77","ID52","Treated","OSM","P13725","OID00494",3.3252569864873,0,0.05,"Pass","Example_Data_14_INFI.csv"
"A1","ID1","Untreated","IL2","P60568","OID00495",3.50012394848617,0,0.04375,"Pass","Example_Data_13_INFI.csv"
"A4","ID2","Untreated","IL2","P60568","OID00495",2.47583640004288,0,0.04375,"Pass","Example_Data_13_INFI.csv"
"A7","ID3","Untreated","IL2","P60568","OID00495",1.7295151707164,0,0.04375,"Pass","Example_Data_13_INFI.csv"
"A10","ID4","Untreated","IL2","P60568","OID00495",1.68284925740874,0,0.04375,"Pass","Example_Data_13_INFI.csv"
"A13","ID5","Untreated","IL2","P60568","OID00495",1.01266653636808,0,0.04375,"Pass","Example_Data_13_INFI.csv"
"A16","ID6","Treated","IL2","P60568","OID00495",1.84016249256786,0,0.04375,"Pass","Example_Data_13_INFI.csv"
"A19","ID7","Untreated","IL2","P60568","OID00495",2.13458284942922,0,0.04375,"Pass","Example_Data_13_INFI.csv"
"A22","ID8","Treated","IL2","P60568","OID00495",3.0975885233477,0,0.04375,"Pass","Example_Data_13_INFI.csv"
"A25","ID9","Untreated","IL2","P60568","OID00495",2.39824879304253,0,0.04375,"Pass","Example_Data_13_INFI.csv"
"A28","ID10","Treated","IL2","P60568","OID00495",2.38144495924234,0,0.04375,"Pass","Example_Data_13_INFI.csv"
"A31","ID11","Treated","IL2","P60568","OID00495",0.85440605483605,0,0.04375,"Pass","Example_Data_13_INFI.csv"
"A37","ID13","Untreated","IL2","P60568","OID00495",3.35344423486092,0,0.04375,"Pass","Example_Data_13_INFI.csv"
"A40","ID14","Untreated","IL2","P60568","OID00495",1.12077951484757,0,0.04375,"Pass","Example_Data_13_INFI.csv"
"A43","ID15","Treated","IL2","P60568","OID00495",1.59911515077349,0,0.04375,"Pass","Example_Data_13_INFI.csv"
"A46","ID16","Untreated","IL2","P60568","OID00495",1.95140465365148,0,0.04375,"Pass","Example_Data_13_INFI.csv"
"A49","ID17","Untreated","IL2","P60568","OID00495",3.16601904229106,0,0.04375,"Pass","Example_Data_13_INFI.csv"
"A52","ID18","Treated","IL2","P60568","OID00495",3.20301687900978,0,0.04375,"Pass","Example_Data_13_INFI.csv"
"A55","ID19","Treated","IL2","P60568","OID00495",2.29143648594624,0,0.04375,"Pass","Example_Data_13_INFI.csv"
"A58","ID20","Untreated","IL2","P60568","OID00495",2.89645940117573,0,0.04375,"Pass","Example_Data_13_INFI.csv"
"A61","ID21","Untreated","IL2","P60568","OID00495",2.44434627582038,0,0.04375,"Pass","Example_Data_13_INFI.csv"
"A64","ID22","Untreated","IL2","P60568","OID00495",2.85921949107559,0,0.04375,"Pass","Example_Data_13_INFI.csv"
"A67","ID23","Treated","IL2","P60568","OID00495",3.01492822744416,0,0.04375,"Pass","Example_Data_13_INFI.csv"
"A70","ID24","Untreated","IL2","P60568","OID00495",0.0053967883003474,0,0.04375,"Pass","Example_Data_13_INFI.csv"
"A73","ID25","Untreated","IL2","P60568","OID00495",4.76874013006918,0,0.04375,"Pass","Example_Data_13_INFI.csv"
"A76","ID26","Untreated","IL2","P60568","OID00495",4.7300904862931,0,0.04375,"Pass","Example_Data_13_INFI.csv"
"B2","ID27","Treated","IL2","P60568","OID00495",3.17894698456795,0,0.04375,"Pass","Example_Data_14_INFI.csv"
"B5","ID28","Treated","IL2","P60568","OID00495",2.20639036571551,0,0.04375,"Pass","Example_Data_14_INFI.csv"
"B8","ID29","Untreated","IL2","P60568","OID00495",1.30549321570861,0,0.04375,"Pass","Example_Data_14_INFI.csv"
"B11","ID30","Untreated","IL2","P60568","OID00495",4.60355936360961,0,0.04375,"Pass","Example_Data_14_INFI.csv"
"B14","ID31","Untreated","IL2","P60568","OID00495",2.719128688266,0,0.04375,"Pass","Example_Data_14_INFI.csv"
"B17","ID32","Treated","IL2","P60568","OID00495",1.22143412585244,0,0.04375,"Pass","Example_Data_14_INFI.csv"
"B20","ID33","Untreated","IL2","P60568","OID00495",1.25479033704308,0,0.04375,"Pass","Example_Data_14_INFI.csv"
"B23","ID34","Untreated","IL2","P60568","OID00495",0.713280458655185,0,0.04375,"Pass","Example_Data_14_INFI.csv"
"B26","ID35","Untreated","IL2","P60568","OID00495",2.45165459389164,0,0.04375,"Pass","Example_Data_14_INFI.csv"
"B29","ID36","Untreated","IL2","P60568","OID00495",1.99104691144953,0,0.04375,"Pass","Example_Data_14_INFI.csv"
"B32","ID37","Treated","IL2","P60568","OID00495",0.573772620569872,0,0.04375,"Pass","Example_Data_14_INFI.csv"
"B35","ID38","Treated","IL2","P60568","OID00495",2.92010121070062,0,0.04375,"Pass","Example_Data_14_INFI.csv"
"B38","ID39","Untreated","IL2","P60568","OID00495",-1.92275428607283,0,0.04375,"Pass","Example_Data_14_INFI.csv"
"B41","ID40","Untreated","IL2","P60568","OID00495",0.738170835713234,0,0.04375,"Pass","Example_Data_14_INFI.csv"
"B44","ID41","Untreated","IL2","P60568","OID00495",4.67054480679577,0,0.04375,"Pass","Example_Data_14_INFI.csv"
"B47","ID42","Treated","IL2","P60568","OID00495",6.35174272766552,0,0.04375,"Pass","Example_Data_14_INFI.csv"
"B50","ID43","Treated","IL2","P60568","OID00495",2.75882162803207,0,0.04375,"Pass","Example_Data_14_INFI.csv"
"B53","ID44","Treated","IL2","P60568","OID00495",2.70229064621113,0,0.04375,"Pass","Example_Data_14_INFI.csv"
"B56","ID45","Treated","IL2","P60568","OID00495",6.0534564778426,0,0.04375,"Pass","Example_Data_14_INFI.csv"
"B59","ID46","Treated","IL2","P60568","OID00495",1.85004543991354,0,0.04375,"Pass","Example_Data_14_INFI.csv"
"B62","ID47","Treated","IL2","P60568","OID00495",1.34684830423948,0,0.04375,"Pass","Example_Data_14_INFI.csv"
"B65","ID48","Treated","IL2","P60568","OID00495",2.23516483743019,0,0.04375,"Pass","Example_Data_14_INFI.csv"
"B68","ID49","Treated","IL2","P60568","OID00495",2.41067289050687,0,0.04375,"Pass","Example_Data_14_INFI.csv"
"B71","ID50","Treated","IL2","P60568","OID00495",-0.29263396918921,0,0.04375,"Pass","Example_Data_14_INFI.csv"
"B74","ID51","Untreated","IL2","P60568","OID00495",2.39336450524163,0,0.04375,"Pass","Example_Data_14_INFI.csv"
"B77","ID52","Treated","IL2","P60568","OID00495",2.42535327077064,0,0.04375,"Pass","Example_Data_14_INFI.csv"
"A1","ID1","Untreated","CXCL1","P09341","OID00496",1.19867356085825,0,0.0375,"Pass","Example_Data_13_INFI.csv"
"A4","ID2","Untreated","CXCL1","P09341","OID00496",2.19808414930112,0,0.0375,"Pass","Example_Data_13_INFI.csv"
"A7","ID3","Untreated","CXCL1","P09341","OID00496",1.16998010650639,0,0.0375,"Pass","Example_Data_13_INFI.csv"
"A10","ID4","Untreated","CXCL1","P09341","OID00496",0.80962338028441,0,0.0375,"Pass","Example_Data_13_INFI.csv"
"A13","ID5","Untreated","CXCL1","P09341","OID00496",0.612277695607261,0,0.0375,"Pass","Example_Data_13_INFI.csv"
"A16","ID6","Treated","CXCL1","P09341","OID00496",0.945436665379779,0,0.0375,"Pass","Example_Data_13_INFI.csv"
"A19","ID7","Untreated","CXCL1","P09341","OID00496",1.69439845220842,0,0.0375,"Pass","Example_Data_13_INFI.csv"
"A22","ID8","Treated","CXCL1","P09341","OID00496",1.69162103071091,0,0.0375,"Pass","Example_Data_13_INFI.csv"
"A25","ID9","Untreated","CXCL1","P09341","OID00496",1.30372411883979,0,0.0375,"Pass","Example_Data_13_INFI.csv"
"A28","ID10","Treated","CXCL1","P09341","OID00496",2.45620093161771,0,0.0375,"Pass","Example_Data_13_INFI.csv"
"A31","ID11","Treated","CXCL1","P09341","OID00496",1.33989036424,0,0.0375,"Pass","Example_Data_13_INFI.csv"
"A37","ID13","Untreated","CXCL1","P09341","OID00496",0.700559530856661,0,0.0375,"Pass","Example_Data_13_INFI.csv"
"A40","ID14","Untreated","CXCL1","P09341","OID00496",0.853012378629377,0,0.0375,"Pass","Example_Data_13_INFI.csv"
"A43","ID15","Treated","CXCL1","P09341","OID00496",1.94185188990437,0,0.0375,"Pass","Example_Data_13_INFI.csv"
"A46","ID16","Untreated","CXCL1","P09341","OID00496",1.74885302535867,0,0.0375,"Pass","Example_Data_13_INFI.csv"
"A49","ID17","Untreated","CXCL1","P09341","OID00496",1.01129910385288,0,0.0375,"Pass","Example_Data_13_INFI.csv"
"A52","ID18","Treated","CXCL1","P09341","OID00496",0.970599587914903,0,0.0375,"Pass","Example_Data_13_INFI.csv"
"A55","ID19","Treated","CXCL1","P09341","OID00496",2.49982459821346,0,0.0375,"Pass","Example_Data_13_INFI.csv"
"A58","ID20","Untreated","CXCL1","P09341","OID00496",0.851863859491133,0,0.0375,"Pass","Example_Data_13_INFI.csv"
"A61","ID21","Untreated","CXCL1","P09341","OID00496",1.54082626356672,0,0.0375,"Pass","Example_Data_13_INFI.csv"
"A64","ID22","Untreated","CXCL1","P09341","OID00496",1.52975795366448,0,0.0375,"Pass","Example_Data_13_INFI.csv"
"A67","ID23","Treated","CXCL1","P09341","OID00496",2.44067932805666,0,0.0375,"Pass","Example_Data_13_INFI.csv"
"A70","ID24","Untreated","CXCL1","P09341","OID00496",0.711150406739977,0,0.0375,"Pass","Example_Data_13_INFI.csv"
"A73","ID25","Untreated","CXCL1","P09341","OID00496",2.04101524202861,0,0.0375,"Pass","Example_Data_13_INFI.csv"
"A76","ID26","Untreated","CXCL1","P09341","OID00496",0.642136888967439,0,0.0375,"Pass","Example_Data_13_INFI.csv"
"B2","ID27","Treated","CXCL1","P09341","OID00496",0.144288388985411,0,0.0375,"Pass","Example_Data_14_INFI.csv"
"B5","ID28","Treated","CXCL1","P09341","OID00496",1.773370336205,0,0.0375,"Pass","Example_Data_14_INFI.csv"
"B8","ID29","Untreated","CXCL1","P09341","OID00496",2.54467555702268,0,0.0375,"Pass","Example_Data_14_INFI.csv"
"B11","ID30","Untreated","CXCL1","P09341","OID00496",1.07551190770301,0,0.0375,"Pass","Example_Data_14_INFI.csv"
"B14","ID31","Untreated","CXCL1","P09341","OID00496",-0.928105522070965,0,0.0375,"Pass","Example_Data_14_INFI.csv"
"B17","ID32","Treated","CXCL1","P09341","OID00496",1.79214548005604,0,0.0375,"Pass","Example_Data_14_INFI.csv"
"B20","ID33","Untreated","CXCL1","P09341","OID00496",0.537920269227255,0,0.0375,"Pass","Example_Data_14_INFI.csv"
"B23","ID34","Untreated","CXCL1","P09341","OID00496",2.18226087509827,0,0.0375,"Pass","Example_Data_14_INFI.csv"
"B26","ID35","Untreated","CXCL1","P09341","OID00496",1.92823805384989,0,0.0375,"Pass","Example_Data_14_INFI.csv"
"B29","ID36","Untreated","CXCL1","P09341","OID00496",1.28910937777999,0,0.0375,"Pass","Example_Data_14_INFI.csv"
"B32","ID37","Treated","CXCL1","P09341","OID00496",2.57255137148466,0,0.0375,"Pass","Example_Data_14_INFI.csv"
"B35","ID38","Treated","CXCL1","P09341","OID00496",-0.161409419415159,0,0.0375,"Pass","Example_Data_14_INFI.csv"
"B38","ID39","Untreated","CXCL1","P09341","OID00496",1.37708466916876,0,0.0375,"Pass","Example_Data_14_INFI.csv"
"B41","ID40","Untreated","CXCL1","P09341","OID00496",1.75249147964746,0,0.0375,"Pass","Example_Data_14_INFI.csv"
"B44","ID41","Untreated","CXCL1","P09341","OID00496",1.14924000742747,0,0.0375,"Pass","Example_Data_14_INFI.csv"
"B47","ID42","Treated","CXCL1","P09341","OID00496",1.56469454528895,0,0.0375,"Pass","Example_Data_14_INFI.csv"
"B50","ID43","Treated","CXCL1","P09341","OID00496",1.18488298492529,0,0.0375,"Pass","Example_Data_14_INFI.csv"
"B53","ID44","Treated","CXCL1","P09341","OID00496",1.07294226298461,0,0.0375,"Pass","Example_Data_14_INFI.csv"
"B56","ID45","Treated","CXCL1","P09341","OID00496",1.06590061598061,0,0.0375,"Pass","Example_Data_14_INFI.csv"
"B59","ID46","Treated","CXCL1","P09341","OID00496",1.7601859672797,0,0.0375,"Pass","Example_Data_14_INFI.csv"
"B62","ID47","Treated","CXCL1","P09341","OID00496",2.87924263983098,0,0.0375,"Pass","Example_Data_14_INFI.csv"
"B65","ID48","Treated","CXCL1","P09341","OID00496",0.47731110233182,0,0.0375,"Pass","Example_Data_14_INFI.csv"
"B68","ID49","Treated","CXCL1","P09341","OID00496",1.29508202843434,0,0.0375,"Pass","Example_Data_14_INFI.csv"
"B71","ID50","Treated","CXCL1","P09341","OID00496",2.22811164291718,0,0.0375,"Pass","Example_Data_14_INFI.csv"
"B74","ID51","Untreated","CXCL1","P09341","OID00496",1.95313792117502,0,0.0375,"Pass","Example_Data_14_INFI.csv"
"B77","ID52","Treated","CXCL1","P09341","OID00496",1.62344432072694,0,0.0375,"Pass","Example_Data_14_INFI.csv"
"A1","ID1","Untreated","TSLP","Q969D9","OID00497",13.4046111560373,1.42106165534351,0.025,"Pass","Example_Data_13_INFI.csv"
"A4","ID2","Untreated","TSLP","Q969D9","OID00497",12.6460878821707,1.42106165534351,0.025,"Pass","Example_Data_13_INFI.csv"
"A7","ID3","Untreated","TSLP","Q969D9","OID00497",11.8103330846649,1.42106165534351,0.025,"Pass","Example_Data_13_INFI.csv"
"A10","ID4","Untreated","TSLP","Q969D9","OID00497",6.88279569745298,1.42106165534351,0.025,"Pass","Example_Data_13_INFI.csv"
"A13","ID5","Untreated","TSLP","Q969D9","OID00497",2.60452833020351,1.42106165534351,0.025,"Pass","Example_Data_13_INFI.csv"
"A16","ID6","Treated","TSLP","Q969D9","OID00497",11.8696066523638,1.42106165534351,0.025,"Pass","Example_Data_13_INFI.csv"
"A19","ID7","Untreated","TSLP","Q969D9","OID00497",11.7603878363104,1.42106165534351,0.025,"Pass","Example_Data_13_INFI.csv"
"A22","ID8","Treated","TSLP","Q969D9","OID00497",2.2742591193408,1.42106165534351,0.025,"Pass","Example_Data_13_INFI.csv"
"A25","ID9","Untreated","TSLP","Q969D9","OID00497",3.29628578590475,1.42106165534351,0.025,"Pass","Example_Data_13_INFI.csv"
"A28","ID10","Treated","TSLP","Q969D9","OID00497",3.82283118812898,1.42106165534351,0.025,"Pass","Example_Data_13_INFI.csv"
"A31","ID11","Treated","TSLP","Q969D9","OID00497",6.77767738051364,1.42106165534351,0.025,"Pass","Example_Data_13_INFI.csv"
"A37","ID13","Untreated","TSLP","Q969D9","OID00497",9.48268498140991,1.42106165534351,0.025,"Pass","Example_Data_13_INFI.csv"
"A40","ID14","Untreated","TSLP","Q969D9","OID00497",11.880376235227,1.42106165534351,0.025,"Pass","Example_Data_13_INFI.csv"
"A43","ID15","Treated","TSLP","Q969D9","OID00497",15.0827644702976,1.42106165534351,0.025,"Pass","Example_Data_13_INFI.csv"
"A46","ID16","Untreated","TSLP","Q969D9","OID00497",5.4394962929956,1.42106165534351,0.025,"Pass","Example_Data_13_INFI.csv"
"A49","ID17","Untreated","TSLP","Q969D9","OID00497",8.38927435003322,1.42106165534351,0.025,"Pass","Example_Data_13_INFI.csv"
"A52","ID18","Treated","TSLP","Q969D9","OID00497",11.8177228651211,1.42106165534351,0.025,"Pass","Example_Data_13_INFI.csv"
"A55","ID19","Treated","TSLP","Q969D9","OID00497",5.32256240043922,1.42106165534351,0.025,"Pass","Example_Data_13_INFI.csv"
"A58","ID20","Untreated","TSLP","Q969D9","OID00497",7.10246507826602,1.42106165534351,0.025,"Pass","Example_Data_13_INFI.csv"
"A61","ID21","Untreated","TSLP","Q969D9","OID00497",7.17930324714162,1.42106165534351,0.025,"Pass","Example_Data_13_INFI.csv"
"A64","ID22","Untreated","TSLP","Q969D9","OID00497",10.4699431241505,1.42106165534351,0.025,"Pass","Example_Data_13_INFI.csv"
"A67","ID23","Treated","TSLP","Q969D9","OID00497",13.7393083552024,1.42106165534351,0.025,"Pass","Example_Data_13_INFI.csv"
"A70","ID24","Untreated","TSLP","Q969D9","OID00497",4.05008448905585,1.42106165534351,0.025,"Pass","Example_Data_13_INFI.csv"
"A73","ID25","Untreated","TSLP","Q969D9","OID00497",8.15488413659905,1.42106165534351,0.025,"Pass","Example_Data_13_INFI.csv"
"A76","ID26","Untreated","TSLP","Q969D9","OID00497",3.99741024843421,1.42106165534351,0.025,"Pass","Example_Data_13_INFI.csv"
"B2","ID27","Treated","TSLP","Q969D9","OID00497",4.5491188142964,1.42106165534351,0.025,"Pass","Example_Data_14_INFI.csv"
"B5","ID28","Treated","TSLP","Q969D9","OID00497",9.16668396351856,1.42106165534351,0.025,"Pass","Example_Data_14_INFI.csv"
"B8","ID29","Untreated","TSLP","Q969D9","OID00497",9.93906481556165,1.42106165534351,0.025,"Pass","Example_Data_14_INFI.csv"
"B11","ID30","Untreated","TSLP","Q969D9","OID00497",10.7167757410644,1.42106165534351,0.025,"Pass","Example_Data_14_INFI.csv"
"B14","ID31","Untreated","TSLP","Q969D9","OID00497",15.6924899505973,1.42106165534351,0.025,"Pass","Example_Data_14_INFI.csv"
"B17","ID32","Treated","TSLP","Q969D9","OID00497",16.7998927674651,1.42106165534351,0.025,"Pass","Example_Data_14_INFI.csv"
"B20","ID33","Untreated","TSLP","Q969D9","OID00497",1.74692172428631,1.42106165534351,0.025,"Pass","Example_Data_14_INFI.csv"
"B23","ID34","Untreated","TSLP","Q969D9","OID00497",8.12504959342487,1.42106165534351,0.025,"Pass","Example_Data_14_INFI.csv"
"B26","ID35","Untreated","TSLP","Q969D9","OID00497",10.2829098712346,1.42106165534351,0.025,"Pass","Example_Data_14_INFI.csv"
"B29","ID36","Untreated","TSLP","Q969D9","OID00497",9.01736480636146,1.42106165534351,0.025,"Pass","Example_Data_14_INFI.csv"
"B32","ID37","Treated","TSLP","Q969D9","OID00497",10.9584802082587,1.42106165534351,0.025,"Pass","Example_Data_14_INFI.csv"
"B35","ID38","Treated","TSLP","Q969D9","OID00497",10.0407401471106,1.42106165534351,0.025,"Pass","Example_Data_14_INFI.csv"
"B38","ID39","Untreated","TSLP","Q969D9","OID00497",13.1689210853545,1.42106165534351,0.025,"Pass","Example_Data_14_INFI.csv"
"B41","ID40","Untreated","TSLP","Q969D9","OID00497",2.41955751366291,1.42106165534351,0.025,"Pass","Example_Data_14_INFI.csv"
"B44","ID41","Untreated","TSLP","Q969D9","OID00497",6.68941062550383,1.42106165534351,0.025,"Pass","Example_Data_14_INFI.csv"
"B47","ID42","Treated","TSLP","Q969D9","OID00497",9.08621635851316,1.42106165534351,0.025,"Pass","Example_Data_14_INFI.csv"
"B50","ID43","Treated","TSLP","Q969D9","OID00497",8.31131605923739,1.42106165534351,0.025,"Pass","Example_Data_14_INFI.csv"
"B53","ID44","Treated","TSLP","Q969D9","OID00497",8.26322200579252,1.42106165534351,0.025,"Pass","Example_Data_14_INFI.csv"
"B56","ID45","Treated","TSLP","Q969D9","OID00497",9.66023002354522,1.42106165534351,0.025,"Pass","Example_Data_14_INFI.csv"
"B59","ID46","Treated","TSLP","Q969D9","OID00497",11.8248645998613,1.42106165534351,0.025,"Pass","Example_Data_14_INFI.csv"
"B62","ID47","Treated","TSLP","Q969D9","OID00497",9.92362287258553,1.42106165534351,0.025,"Pass","Example_Data_14_INFI.csv"
"B65","ID48","Treated","TSLP","Q969D9","OID00497",7.18151835237132,1.42106165534351,0.025,"Pass","Example_Data_14_INFI.csv"
"B68","ID49","Treated","TSLP","Q969D9","OID00497",10.2722120719602,1.42106165534351,0.025,"Pass","Example_Data_14_INFI.csv"
"B71","ID50","Treated","TSLP","Q969D9","OID00497",5.38329570047521,1.42106165534351,0.025,"Pass","Example_Data_14_INFI.csv"
"B74","ID51","Untreated","TSLP","Q969D9","OID00497",8.63618591804897,1.42106165534351,0.025,"Pass","Example_Data_14_INFI.csv"
"B77","ID52","Treated","TSLP","Q969D9","OID00497",8.52482067260432,1.42106165534351,0.025,"Pass","Example_Data_14_INFI.csv"
"A1","ID1","Untreated","CCL4","P13236","OID00498",2.92576976271398,0.900008437080926,0.025,"Pass","Example_Data_13_INFI.csv"
"A4","ID2","Untreated","CCL4","P13236","OID00498",4.83272997917146,0.900008437080926,0.025,"Pass","Example_Data_13_INFI.csv"
"A7","ID3","Untreated","CCL4","P13236","OID00498",3.6526988402905,0.900008437080926,0.025,"Pass","Example_Data_13_INFI.csv"
"A10","ID4","Untreated","CCL4","P13236","OID00498",4.21736918544899,0.900008437080926,0.025,"Pass","Example_Data_13_INFI.csv"
"A13","ID5","Untreated","CCL4","P13236","OID00498",5.07101769951093,0.900008437080926,0.025,"Pass","Example_Data_13_INFI.csv"
"A16","ID6","Treated","CCL4","P13236","OID00498",6.18046425589177,0.900008437080926,0.025,"Pass","Example_Data_13_INFI.csv"
"A19","ID7","Untreated","CCL4","P13236","OID00498",2.22052039667289,0.900008437080926,0.025,"Pass","Example_Data_13_INFI.csv"
"A22","ID8","Treated","CCL4","P13236","OID00498",6.92485871069891,0.900008437080926,0.025,"Pass","Example_Data_13_INFI.csv"
"A25","ID9","Untreated","CCL4","P13236","OID00498",6.96690075778375,0.900008437080926,0.025,"Pass","Example_Data_13_INFI.csv"
"A28","ID10","Treated","CCL4","P13236","OID00498",3.30293849499884,0.900008437080926,0.025,"Pass","Example_Data_13_INFI.csv"
"A31","ID11","Treated","CCL4","P13236","OID00498",3.70753381234178,0.900008437080926,0.025,"Pass","Example_Data_13_INFI.csv"
"A37","ID13","Untreated","CCL4","P13236","OID00498",6.44023444388593,0.900008437080926,0.025,"Pass","Example_Data_13_INFI.csv"
"A40","ID14","Untreated","CCL4","P13236","OID00498",6.03253698641138,0.900008437080926,0.025,"Pass","Example_Data_13_INFI.csv"
"A43","ID15","Treated","CCL4","P13236","OID00498",8.03530333236454,0.900008437080926,0.025,"Pass","Example_Data_13_INFI.csv"
"A46","ID16","Untreated","CCL4","P13236","OID00498",2.98835011011556,0.900008437080926,0.025,"Pass","Example_Data_13_INFI.csv"
"A49","ID17","Untreated","CCL4","P13236","OID00498",4.64942611606926,0.900008437080926,0.025,"Pass","Example_Data_13_INFI.csv"
"A52","ID18","Treated","CCL4","P13236","OID00498",2.57861613988778,0.900008437080926,0.025,"Pass","Example_Data_13_INFI.csv"
"A55","ID19","Treated","CCL4","P13236","OID00498",1.4125213860397,0.900008437080926,0.025,"Pass","Example_Data_13_INFI.csv"
"A58","ID20","Untreated","CCL4","P13236","OID00498",1.71123954270795,0.900008437080926,0.025,"Pass","Example_Data_13_INFI.csv"
"A61","ID21","Untreated","CCL4","P13236","OID00498",6.59483730560413,0.900008437080926,0.025,"Pass","Example_Data_13_INFI.csv"
"A64","ID22","Untreated","CCL4","P13236","OID00498",4.51982263897234,0.900008437080926,0.025,"Pass","Example_Data_13_INFI.csv"
"A67","ID23","Treated","CCL4","P13236","OID00498",0.900858991010864,0.900008437080926,0.025,"Pass","Example_Data_13_INFI.csv"
"A70","ID24","Untreated","CCL4","P13236","OID00498",5.00430589956937,0.900008437080926,0.025,"Pass","Example_Data_13_INFI.csv"
"A73","ID25","Untreated","CCL4","P13236","OID00498",5.59813347129056,0.900008437080926,0.025,"Pass","Example_Data_13_INFI.csv"
"A76","ID26","Untreated","CCL4","P13236","OID00498",6.81509330039941,0.900008437080926,0.025,"Pass","Example_Data_13_INFI.csv"
"B2","ID27","Treated","CCL4","P13236","OID00498",8.57188150989468,0.900008437080926,0.025,"Pass","Example_Data_14_INFI.csv"
"B5","ID28","Treated","CCL4","P13236","OID00498",3.88128593048758,0.900008437080926,0.025,"Pass","Example_Data_14_INFI.csv"
"B8","ID29","Untreated","CCL4","P13236","OID00498",2.86549420365038,0.900008437080926,0.025,"Pass","Example_Data_14_INFI.csv"
"B11","ID30","Untreated","CCL4","P13236","OID00498",1.22041124776138,0.900008437080926,0.025,"Pass","Example_Data_14_INFI.csv"
"B14","ID31","Untreated","CCL4","P13236","OID00498",6.32342769432116,0.900008437080926,0.025,"Pass","Example_Data_14_INFI.csv"
"B17","ID32","Treated","CCL4","P13236","OID00498",2.38828459853695,0.900008437080926,0.025,"Pass","Example_Data_14_INFI.csv"
"B20","ID33","Untreated","CCL4","P13236","OID00498",7.4626765062569,0.900008437080926,0.025,"Pass","Example_Data_14_INFI.csv"
"B23","ID34","Untreated","CCL4","P13236","OID00498",4.73565562009092,0.900008437080926,0.025,"Pass","Example_Data_14_INFI.csv"
"B26","ID35","Untreated","CCL4","P13236","OID00498",2.89653931361278,0.900008437080926,0.025,"Pass","Example_Data_14_INFI.csv"
"B29","ID36","Untreated","CCL4","P13236","OID00498",4.79853519577464,0.900008437080926,0.025,"Pass","Example_Data_14_INFI.csv"
"B32","ID37","Treated","CCL4","P13236","OID00498",3.4485442037671,0.900008437080926,0.025,"Pass","Example_Data_14_INFI.csv"
"B35","ID38","Treated","CCL4","P13236","OID00498",2.24019255222259,0.900008437080926,0.025,"Pass","Example_Data_14_INFI.csv"
"B38","ID39","Untreated","CCL4","P13236","OID00498",7.47107436170671,0.900008437080926,0.025,"Pass","Example_Data_14_INFI.csv"
"B41","ID40","Untreated","CCL4","P13236","OID00498",4.85634565442238,0.900008437080926,0.025,"Pass","Example_Data_14_INFI.csv"
"B44","ID41","Untreated","CCL4","P13236","OID00498",2.53676011272399,0.900008437080926,0.025,"Pass","Example_Data_14_INFI.csv"
"B47","ID42","Treated","CCL4","P13236","OID00498",5.9365279868727,0.900008437080926,0.025,"Pass","Example_Data_14_INFI.csv"
"B50","ID43","Treated","CCL4","P13236","OID00498",5.97937230285824,0.900008437080926,0.025,"Pass","Example_Data_14_INFI.csv"
"B53","ID44","Treated","CCL4","P13236","OID00498",6.06928773136341,0.900008437080926,0.025,"Pass","Example_Data_14_INFI.csv"
"B56","ID45","Treated","CCL4","P13236","OID00498",6.16901302952372,0.900008437080926,0.025,"Pass","Example_Data_14_INFI.csv"
"B59","ID46","Treated","CCL4","P13236","OID00498",3.08743874811525,0.900008437080926,0.025,"Pass","Example_Data_14_INFI.csv"
"B62","ID47","Treated","CCL4","P13236","OID00498",7.99843003696007,0.900008437080926,0.025,"Pass","Example_Data_14_INFI.csv"
"B65","ID48","Treated","CCL4","P13236","OID00498",2.92906622156868,0.900008437080926,0.025,"Pass","Example_Data_14_INFI.csv"
"B68","ID49","Treated","CCL4","P13236","OID00498",10.4394103854677,0.900008437080926,0.025,"Pass","Example_Data_14_INFI.csv"
"B71","ID50","Treated","CCL4","P13236","OID00498",7.46064334277543,0.900008437080926,0.025,"Pass","Example_Data_14_INFI.csv"
"B74","ID51","Untreated","CCL4","P13236","OID00498",4.77388712873036,0.900008437080926,0.025,"Pass","Example_Data_14_INFI.csv"
"B77","ID52","Treated","CCL4","P13236","OID00498",6.23296512399997,0.900008437080926,0.025,"Pass","Example_Data_14_INFI.csv"
"A1","ID1","Untreated","CD6","Q8WWJ7","OID00499",2.8623552278075,0.0401130407328716,0.075,"Pass","Example_Data_13_INFI.csv"
"A4","ID2","Untreated","CD6","Q8WWJ7","OID00499",0.718896666982648,0.0401130407328716,0.075,"Pass","Example_Data_13_INFI.csv"
"A7","ID3","Untreated","CD6","Q8WWJ7","OID00499",4.1985852556889,0.0401130407328716,0.075,"Pass","Example_Data_13_INFI.csv"
"A10","ID4","Untreated","CD6","Q8WWJ7","OID00499",2.39245856528285,0.0401130407328716,0.075,"Pass","Example_Data_13_INFI.csv"
"A13","ID5","Untreated","CD6","Q8WWJ7","OID00499",1.09777600167504,0.0401130407328716,0.075,"Pass","Example_Data_13_INFI.csv"
"A16","ID6","Treated","CD6","Q8WWJ7","OID00499",1.51434495778857,0.0401130407328716,0.075,"Pass","Example_Data_13_INFI.csv"
"A19","ID7","Untreated","CD6","Q8WWJ7","OID00499",2.19850558200093,0.0401130407328716,0.075,"Pass","Example_Data_13_INFI.csv"
"A22","ID8","Treated","CD6","Q8WWJ7","OID00499",3.66977911332396,0.0401130407328716,0.075,"Pass","Example_Data_13_INFI.csv"
"A25","ID9","Untreated","CD6","Q8WWJ7","OID00499",3.40892357973627,0.0401130407328716,0.075,"Pass","Example_Data_13_INFI.csv"
"A28","ID10","Treated","CD6","Q8WWJ7","OID00499",3.76492479366385,0.0401130407328716,0.075,"Pass","Example_Data_13_INFI.csv"
"A31","ID11","Treated","CD6","Q8WWJ7","OID00499",1.75737969779158,0.0401130407328716,0.075,"Pass","Example_Data_13_INFI.csv"
"A37","ID13","Untreated","CD6","Q8WWJ7","OID00499",1.86649332238411,0.0401130407328716,0.075,"Pass","Example_Data_13_INFI.csv"
"A40","ID14","Untreated","CD6","Q8WWJ7","OID00499",2.53356026736307,0.0401130407328716,0.075,"Pass","Example_Data_13_INFI.csv"
"A43","ID15","Treated","CD6","Q8WWJ7","OID00499",3.27208316249039,0.0401130407328716,0.075,"Pass","Example_Data_13_INFI.csv"
"A46","ID16","Untreated","CD6","Q8WWJ7","OID00499",1.39263614465095,0.0401130407328716,0.075,"Pass","Example_Data_13_INFI.csv"
"A49","ID17","Untreated","CD6","Q8WWJ7","OID00499",2.52459460426643,0.0401130407328716,0.075,"Pass","Example_Data_13_INFI.csv"
"A52","ID18","Treated","CD6","Q8WWJ7","OID00499",1.77687052209598,0.0401130407328716,0.075,"Pass","Example_Data_13_INFI.csv"
"A55","ID19","Treated","CD6","Q8WWJ7","OID00499",5.00389395168021,0.0401130407328716,0.075,"Pass","Example_Data_13_INFI.csv"
"A58","ID20","Untreated","CD6","Q8WWJ7","OID00499",2.29091316724393,0.0401130407328716,0.075,"Pass","Example_Data_13_INFI.csv"
"A61","ID21","Untreated","CD6","Q8WWJ7","OID00499",-0.00491448620429091,0.0401130407328716,0.075,"Pass","Example_Data_13_INFI.csv"
"A64","ID22","Untreated","CD6","Q8WWJ7","OID00499",4.19646228604722,0.0401130407328716,0.075,"Pass","Example_Data_13_INFI.csv"
"A67","ID23","Treated","CD6","Q8WWJ7","OID00499",3.08145899979306,0.0401130407328716,0.075,"Pass","Example_Data_13_INFI.csv"
"A70","ID24","Untreated","CD6","Q8WWJ7","OID00499",3.18060412542597,0.0401130407328716,0.075,"Pass","Example_Data_13_INFI.csv"
"A73","ID25","Untreated","CD6","Q8WWJ7","OID00499",2.6123989788778,0.0401130407328716,0.075,"Pass","Example_Data_13_INFI.csv"
"A76","ID26","Untreated","CD6","Q8WWJ7","OID00499",-0.334240322321353,0.0401130407328716,0.075,"Pass","Example_Data_13_INFI.csv"
"B2","ID27","Treated","CD6","Q8WWJ7","OID00499",1.95124530979477,0.0401130407328716,0.075,"Pass","Example_Data_14_INFI.csv"
"B5","ID28","Treated","CD6","Q8WWJ7","OID00499",2.37301772328335,0.0401130407328716,0.075,"Pass","Example_Data_14_INFI.csv"
"B8","ID29","Untreated","CD6","Q8WWJ7","OID00499",-1.05863986330035,0.0401130407328716,0.075,"Pass","Example_Data_14_INFI.csv"
"B11","ID30","Untreated","CD6","Q8WWJ7","OID00499",1.1917290926781,0.0401130407328716,0.075,"Pass","Example_Data_14_INFI.csv"
"B14","ID31","Untreated","CD6","Q8WWJ7","OID00499",2.35970440766468,0.0401130407328716,0.075,"Pass","Example_Data_14_INFI.csv"
"B17","ID32","Treated","CD6","Q8WWJ7","OID00499",2.78802023724279,0.0401130407328716,0.075,"Pass","Example_Data_14_INFI.csv"
"B20","ID33","Untreated","CD6","Q8WWJ7","OID00499",2.5704512100025,0.0401130407328716,0.075,"Pass","Example_Data_14_INFI.csv"
"B23","ID34","Untreated","CD6","Q8WWJ7","OID00499",1.5653709505407,0.0401130407328716,0.075,"Pass","Example_Data_14_INFI.csv"
"B26","ID35","Untreated","CD6","Q8WWJ7","OID00499",2.35568363690763,0.0401130407328716,0.075,"Pass","Example_Data_14_INFI.csv"
"B29","ID36","Untreated","CD6","Q8WWJ7","OID00499",2.69063070503564,0.0401130407328716,0.075,"Pass","Example_Data_14_INFI.csv"
"B32","ID37","Treated","CD6","Q8WWJ7","OID00499",2.66015366257316,0.0401130407328716,0.075,"Pass","Example_Data_14_INFI.csv"
"B35","ID38","Treated","CD6","Q8WWJ7","OID00499",2.78240997456341,0.0401130407328716,0.075,"Pass","Example_Data_14_INFI.csv"
"B38","ID39","Untreated","CD6","Q8WWJ7","OID00499",2.22950787462938,0.0401130407328716,0.075,"Pass","Example_Data_14_INFI.csv"
"B41","ID40","Untreated","CD6","Q8WWJ7","OID00499",-0.489948120839492,0.0401130407328716,0.075,"Pass","Example_Data_14_INFI.csv"
"B44","ID41","Untreated","CD6","Q8WWJ7","OID00499",0.432333197266257,0.0401130407328716,0.075,"Pass","Example_Data_14_INFI.csv"
"B47","ID42","Treated","CD6","Q8WWJ7","OID00499",4.74002854308867,0.0401130407328716,0.075,"Pass","Example_Data_14_INFI.csv"
"B50","ID43","Treated","CD6","Q8WWJ7","OID00499",4.30237764065605,0.0401130407328716,0.075,"Pass","Example_Data_14_INFI.csv"
"B53","ID44","Treated","CD6","Q8WWJ7","OID00499",5.17035538493096,0.0401130407328716,0.075,"Pass","Example_Data_14_INFI.csv"
"B56","ID45","Treated","CD6","Q8WWJ7","OID00499",3.67796327507099,0.0401130407328716,0.075,"Pass","Example_Data_14_INFI.csv"
"B59","ID46","Treated","CD6","Q8WWJ7","OID00499",0.0465258086444953,0.0401130407328716,0.075,"Pass","Example_Data_14_INFI.csv"
"B62","ID47","Treated","CD6","Q8WWJ7","OID00499",0.91699472619331,0.0401130407328716,0.075,"Pass","Example_Data_14_INFI.csv"
"B65","ID48","Treated","CD6","Q8WWJ7","OID00499",1.92255097113009,0.0401130407328716,0.075,"Pass","Example_Data_14_INFI.csv"
"B68","ID49","Treated","CD6","Q8WWJ7","OID00499",3.5713691925164,0.0401130407328716,0.075,"Pass","Example_Data_14_INFI.csv"
"B71","ID50","Treated","CD6","Q8WWJ7","OID00499",3.94816884670196,0.0401130407328716,0.075,"Pass","Example_Data_14_INFI.csv"
"B74","ID51","Untreated","CD6","Q8WWJ7","OID00499",3.72816650243278,0.0401130407328716,0.075,"Pass","Example_Data_14_INFI.csv"
"B77","ID52","Treated","CD6","Q8WWJ7","OID00499",4.89927531841901,0.0401130407328716,0.075,"Pass","Example_Data_14_INFI.csv"
"A1","ID1","Untreated","SCF","P21583","OID00500",3.17134681753354,0,0.01875,"Pass","Example_Data_13_INFI.csv"
"A4","ID2","Untreated","SCF","P21583","OID00500",3.13721314708368,0,0.01875,"Pass","Example_Data_13_INFI.csv"
"A7","ID3","Untreated","SCF","P21583","OID00500",3.03435014195456,0,0.01875,"Pass","Example_Data_13_INFI.csv"
"A10","ID4","Untreated","SCF","P21583","OID00500",-1.03214330170684,0,0.01875,"Pass","Example_Data_13_INFI.csv"
"A13","ID5","Untreated","SCF","P21583","OID00500",3.9328145782177,0,0.01875,"Pass","Example_Data_13_INFI.csv"
"A16","ID6","Treated","SCF","P21583","OID00500",3.04567820785814,0,0.01875,"Pass","Example_Data_13_INFI.csv"
"A19","ID7","Untreated","SCF","P21583","OID00500",4.5338222381732,0,0.01875,"Pass","Example_Data_13_INFI.csv"
"A22","ID8","Treated","SCF","P21583","OID00500",-0.0376446446046996,0,0.01875,"Pass","Example_Data_13_INFI.csv"
"A25","ID9","Untreated","SCF","P21583","OID00500",1.38999741690856,0,0.01875,"Pass","Example_Data_13_INFI.csv"
"A28","ID10","Treated","SCF","P21583","OID00500",2.5743061797428,0,0.01875,"Pass","Example_Data_13_INFI.csv"
"A31","ID11","Treated","SCF","P21583","OID00500",0.0178954814324919,0,0.01875,"Pass","Example_Data_13_INFI.csv"
"A37","ID13","Untreated","SCF","P21583","OID00500",1.48224791575469,0,0.01875,"Pass","Example_Data_13_INFI.csv"
"A40","ID14","Untreated","SCF","P21583","OID00500",4.38318690215295,0,0.01875,"Pass","Example_Data_13_INFI.csv"
"A43","ID15","Treated","SCF","P21583","OID00500",0.758691846584637,0,0.01875,"Pass","Example_Data_13_INFI.csv"
"A46","ID16","Untreated","SCF","P21583","OID00500",0.829249589913305,0,0.01875,"Pass","Example_Data_13_INFI.csv"
"A49","ID17","Untreated","SCF","P21583","OID00500",4.71457112101286,0,0.01875,"Pass","Example_Data_13_INFI.csv"
"A52","ID18","Treated","SCF","P21583","OID00500",2.58620538982458,0,0.01875,"Pass","Example_Data_13_INFI.csv"
"A55","ID19","Treated","SCF","P21583","OID00500",1.36547096356333,0,0.01875,"Pass","Example_Data_13_INFI.csv"
"A58","ID20","Untreated","SCF","P21583","OID00500",3.06037445807418,0,0.01875,"Pass","Example_Data_13_INFI.csv"
"A61","ID21","Untreated","SCF","P21583","OID00500",3.4082075281497,0,0.01875,"Pass","Example_Data_13_INFI.csv"
"A64","ID22","Untreated","SCF","P21583","OID00500",3.51931595480129,0,0.01875,"Pass","Example_Data_13_INFI.csv"
"A67","ID23","Treated","SCF","P21583","OID00500",4.63121537949727,0,0.01875,"Pass","Example_Data_13_INFI.csv"
"A70","ID24","Untreated","SCF","P21583","OID00500",2.28325586286739,0,0.01875,"Pass","Example_Data_13_INFI.csv"
"A73","ID25","Untreated","SCF","P21583","OID00500",2.88532251561331,0,0.01875,"Pass","Example_Data_13_INFI.csv"
"A76","ID26","Untreated","SCF","P21583","OID00500",2.92636142803277,0,0.01875,"Pass","Example_Data_13_INFI.csv"
"B2","ID27","Treated","SCF","P21583","OID00500",3.74203526925162,0,0.01875,"Pass","Example_Data_14_INFI.csv"
"B5","ID28","Treated","SCF","P21583","OID00500",3.59616423149273,0,0.01875,"Pass","Example_Data_14_INFI.csv"
"B8","ID29","Untreated","SCF","P21583","OID00500",2.89924791157467,0,0.01875,"Pass","Example_Data_14_INFI.csv"
"B11","ID30","Untreated","SCF","P21583","OID00500",3.25688592600589,0,0.01875,"Pass","Example_Data_14_INFI.csv"
"B14","ID31","Untreated","SCF","P21583","OID00500",4.74882659911076,0,0.01875,"Pass","Example_Data_14_INFI.csv"
"B17","ID32","Treated","SCF","P21583","OID00500",2.67726744528788,0,0.01875,"Pass","Example_Data_14_INFI.csv"
"B20","ID33","Untreated","SCF","P21583","OID00500",2.27809188131371,0,0.01875,"Pass","Example_Data_14_INFI.csv"
"B23","ID34","Untreated","SCF","P21583","OID00500",1.99013170652857,0,0.01875,"Pass","Example_Data_14_INFI.csv"
"B26","ID35","Untreated","SCF","P21583","OID00500",4.21590787255051,0,0.01875,"Pass","Example_Data_14_INFI.csv"
"B29","ID36","Untreated","SCF","P21583","OID00500",2.56237983790898,0,0.01875,"Pass","Example_Data_14_INFI.csv"
"B32","ID37","Treated","SCF","P21583","OID00500",3.04886572774752,0,0.01875,"Pass","Example_Data_14_INFI.csv"
"B35","ID38","Treated","SCF","P21583","OID00500",4.4623407622369,0,0.01875,"Pass","Example_Data_14_INFI.csv"
"B38","ID39","Untreated","SCF","P21583","OID00500",5.97776549954351,0,0.01875,"Pass","Example_Data_14_INFI.csv"
"B41","ID40","Untreated","SCF","P21583","OID00500",4.7814324806429,0,0.01875,"Pass","Example_Data_14_INFI.csv"
"B44","ID41","Untreated","SCF","P21583","OID00500",2.22432631938394,0,0.01875,"Pass","Example_Data_14_INFI.csv"
"B47","ID42","Treated","SCF","P21583","OID00500",3.28038129901494,0,0.01875,"Pass","Example_Data_14_INFI.csv"
"B50","ID43","Treated","SCF","P21583","OID00500",5.39179326356476,0,0.01875,"Pass","Example_Data_14_INFI.csv"
"B53","ID44","Treated","SCF","P21583","OID00500",2.46836287308764,0,0.01875,"Pass","Example_Data_14_INFI.csv"
"B56","ID45","Treated","SCF","P21583","OID00500",4.61023128127893,0,0.01875,"Pass","Example_Data_14_INFI.csv"
"B59","ID46","Treated","SCF","P21583","OID00500",4.1700164371163,0,0.01875,"Pass","Example_Data_14_INFI.csv"
"B62","ID47","Treated","SCF","P21583","OID00500",1.77489997437059,0,0.01875,"Pass","Example_Data_14_INFI.csv"
"B65","ID48","Treated","SCF","P21583","OID00500",4.54344573836896,0,0.01875,"Pass","Example_Data_14_INFI.csv"
"B68","ID49","Treated","SCF","P21583","OID00500",1.20337928091299,0,0.01875,"Pass","Example_Data_14_INFI.csv"
"B71","ID50","Treated","SCF","P21583","OID00500",2.39004720340798,0,0.01875,"Pass","Example_Data_14_INFI.csv"
"B74","ID51","Untreated","SCF","P21583","OID00500",3.98762602109134,0,0.01875,"Pass","Example_Data_14_INFI.csv"
"B77","ID52","Treated","SCF","P21583","OID00500",-0.052843879563135,0,0.01875,"Pass","Example_Data_14_INFI.csv"
"A1","ID1","Untreated","IL18","Q14116","OID00501",2.17725736187636,1.73337100140582,0.075,"Pass","Example_Data_13_INFI.csv"
"A4","ID2","Untreated","IL18","Q14116","OID00501",5.99090407689314,1.73337100140582,0.075,"Pass","Example_Data_13_INFI.csv"
"A7","ID3","Untreated","IL18","Q14116","OID00501",3.42147650706865,1.73337100140582,0.075,"Pass","Example_Data_13_INFI.csv"
"A10","ID4","Untreated","IL18","Q14116","OID00501",6.83665678023715,1.73337100140582,0.075,"Pass","Example_Data_13_INFI.csv"
"A13","ID5","Untreated","IL18","Q14116","OID00501",6.70762214374802,1.73337100140582,0.075,"Pass","Example_Data_13_INFI.csv"
"A16","ID6","Treated","IL18","Q14116","OID00501",6.60415277507913,1.73337100140582,0.075,"Pass","Example_Data_13_INFI.csv"
"A19","ID7","Untreated","IL18","Q14116","OID00501",2.50835206164894,1.73337100140582,0.075,"Pass","Example_Data_13_INFI.csv"
"A22","ID8","Treated","IL18","Q14116","OID00501",6.01993044280128,1.73337100140582,0.075,"Pass","Example_Data_13_INFI.csv"
"A25","ID9","Untreated","IL18","Q14116","OID00501",2.39441389444971,1.73337100140582,0.075,"Pass","Example_Data_13_INFI.csv"
"A28","ID10","Treated","IL18","Q14116","OID00501",3.88311241090426,1.73337100140582,0.075,"Pass","Example_Data_13_INFI.csv"
"A31","ID11","Treated","IL18","Q14116","OID00501",2.47622081643518,1.73337100140582,0.075,"Pass","Example_Data_13_INFI.csv"
"A37","ID13","Untreated","IL18","Q14116","OID00501",6.39608689393571,1.73337100140582,0.075,"Pass","Example_Data_13_INFI.csv"
"A40","ID14","Untreated","IL18","Q14116","OID00501",5.93027034042441,1.73337100140582,0.075,"Pass","Example_Data_13_INFI.csv"
"A43","ID15","Treated","IL18","Q14116","OID00501",4.58288390747157,1.73337100140582,0.075,"Pass","Example_Data_13_INFI.csv"
"A46","ID16","Untreated","IL18","Q14116","OID00501",5.56361750044996,1.73337100140582,0.075,"Pass","Example_Data_13_INFI.csv"
"A49","ID17","Untreated","IL18","Q14116","OID00501",2.12572376131557,1.73337100140582,0.075,"Pass","Example_Data_13_INFI.csv"
"A52","ID18","Treated","IL18","Q14116","OID00501",8.642434040396,1.73337100140582,0.075,"Pass","Example_Data_13_INFI.csv"
"A55","ID19","Treated","IL18","Q14116","OID00501",5.52222365359432,1.73337100140582,0.075,"Pass","Example_Data_13_INFI.csv"
"A58","ID20","Untreated","IL18","Q14116","OID00501",1.39147300848363,1.73337100140582,0.075,"Pass","Example_Data_13_INFI.csv"
"A61","ID21","Untreated","IL18","Q14116","OID00501",4.60407193884283,1.73337100140582,0.075,"Pass","Example_Data_13_INFI.csv"
"A64","ID22","Untreated","IL18","Q14116","OID00501",4.9986619430693,1.73337100140582,0.075,"Pass","Example_Data_13_INFI.csv"
"A67","ID23","Treated","IL18","Q14116","OID00501",1.88116270633809,1.73337100140582,0.075,"Pass","Example_Data_13_INFI.csv"
"A70","ID24","Untreated","IL18","Q14116","OID00501",3.28982040065427,1.73337100140582,0.075,"Pass","Example_Data_13_INFI.csv"
"A73","ID25","Untreated","IL18","Q14116","OID00501",6.44575102081963,1.73337100140582,0.075,"Pass","Example_Data_13_INFI.csv"
"A76","ID26","Untreated","IL18","Q14116","OID00501",6.86364247257986,1.73337100140582,0.075,"Pass","Example_Data_13_INFI.csv"
"B2","ID27","Treated","IL18","Q14116","OID00501",5.06448254688193,1.73337100140582,0.075,"Pass","Example_Data_14_INFI.csv"
"B5","ID28","Treated","IL18","Q14116","OID00501",6.28965095609072,1.73337100140582,0.075,"Pass","Example_Data_14_INFI.csv"
"B8","ID29","Untreated","IL18","Q14116","OID00501",4.70356653759644,1.73337100140582,0.075,"Pass","Example_Data_14_INFI.csv"
"B11","ID30","Untreated","IL18","Q14116","OID00501",7.84059089914541,1.73337100140582,0.075,"Pass","Example_Data_14_INFI.csv"
"B14","ID31","Untreated","IL18","Q14116","OID00501",4.87897885104043,1.73337100140582,0.075,"Pass","Example_Data_14_INFI.csv"
"B17","ID32","Treated","IL18","Q14116","OID00501",3.0797956728172,1.73337100140582,0.075,"Pass","Example_Data_14_INFI.csv"
"B20","ID33","Untreated","IL18","Q14116","OID00501",2.31646644943273,1.73337100140582,0.075,"Pass","Example_Data_14_INFI.csv"
"B23","ID34","Untreated","IL18","Q14116","OID00501",1.71574035372887,1.73337100140582,0.075,"Pass","Example_Data_14_INFI.csv"
"B26","ID35","Untreated","IL18","Q14116","OID00501",4.93903507005049,1.73337100140582,0.075,"Pass","Example_Data_14_INFI.csv"
"B29","ID36","Untreated","IL18","Q14116","OID00501",8.10331416508154,1.73337100140582,0.075,"Pass","Example_Data_14_INFI.csv"
"B32","ID37","Treated","IL18","Q14116","OID00501",3.68309213229791,1.73337100140582,0.075,"Pass","Example_Data_14_INFI.csv"
"B35","ID38","Treated","IL18","Q14116","OID00501",3.86402898600883,1.73337100140582,0.075,"Pass","Example_Data_14_INFI.csv"
"B38","ID39","Untreated","IL18","Q14116","OID00501",1.75346485745282,1.73337100140582,0.075,"Pass","Example_Data_14_INFI.csv"
"B41","ID40","Untreated","IL18","Q14116","OID00501",5.48172181907415,1.73337100140582,0.075,"Pass","Example_Data_14_INFI.csv"
"B44","ID41","Untreated","IL18","Q14116","OID00501",6.467712902899,1.73337100140582,0.075,"Pass","Example_Data_14_INFI.csv"
"B47","ID42","Treated","IL18","Q14116","OID00501",3.20919691963831,1.73337100140582,0.075,"Pass","Example_Data_14_INFI.csv"
"B50","ID43","Treated","IL18","Q14116","OID00501",5.11628871029742,1.73337100140582,0.075,"Pass","Example_Data_14_INFI.csv"
"B53","ID44","Treated","IL18","Q14116","OID00501",3.30379431245474,1.73337100140582,0.075,"Pass","Example_Data_14_INFI.csv"
"B56","ID45","Treated","IL18","Q14116","OID00501",3.8643105298289,1.73337100140582,0.075,"Pass","Example_Data_14_INFI.csv"
"B59","ID46","Treated","IL18","Q14116","OID00501",9.60498274836521,1.73337100140582,0.075,"Pass","Example_Data_14_INFI.csv"
"B62","ID47","Treated","IL18","Q14116","OID00501",6.7921515712435,1.73337100140582,0.075,"Pass","Example_Data_14_INFI.csv"
"B65","ID48","Treated","IL18","Q14116","OID00501",3.5515795328635,1.73337100140582,0.075,"Pass","Example_Data_14_INFI.csv"
"B68","ID49","Treated","IL18","Q14116","OID00501",7.43654639060526,1.73337100140582,0.075,"Pass","Example_Data_14_INFI.csv"
"B71","ID50","Treated","IL18","Q14116","OID00501",2.53037138579705,1.73337100140582,0.075,"Pass","Example_Data_14_INFI.csv"
"B74","ID51","Untreated","IL18","Q14116","OID00501",3.40256616009545,1.73337100140582,0.075,"Pass","Example_Data_14_INFI.csv"
"B77","ID52","Treated","IL18","Q14116","OID00501",7.56105174781343,1.73337100140582,0.075,"Pass","Example_Data_14_INFI.csv"
"A1","ID1","Untreated","SLAMF1","Q13291","OID00502",17.5176764428711,0.224140361277387,0.01875,"Pass","Example_Data_13_INFI.csv"
"A4","ID2","Untreated","SLAMF1","Q13291","OID00502",10.1000361335488,0.224140361277387,0.01875,"Pass","Example_Data_13_INFI.csv"
"A7","ID3","Untreated","SLAMF1","Q13291","OID00502",9.95964024850712,0.224140361277387,0.01875,"Pass","Example_Data_13_INFI.csv"
"A10","ID4","Untreated","SLAMF1","Q13291","OID00502",6.44305472435513,0.224140361277387,0.01875,"Pass","Example_Data_13_INFI.csv"
"A13","ID5","Untreated","SLAMF1","Q13291","OID00502",12.4820061798412,0.224140361277387,0.01875,"Pass","Example_Data_13_INFI.csv"
"A16","ID6","Treated","SLAMF1","Q13291","OID00502",9.74428691415504,0.224140361277387,0.01875,"Pass","Example_Data_13_INFI.csv"
"A19","ID7","Untreated","SLAMF1","Q13291","OID00502",16.6421902201504,0.224140361277387,0.01875,"Pass","Example_Data_13_INFI.csv"
"A22","ID8","Treated","SLAMF1","Q13291","OID00502",8.2420622437041,0.224140361277387,0.01875,"Pass","Example_Data_13_INFI.csv"
"A25","ID9","Untreated","SLAMF1","Q13291","OID00502",2.95280765496162,0.224140361277387,0.01875,"Pass","Example_Data_13_INFI.csv"
"A28","ID10","Treated","SLAMF1","Q13291","OID00502",4.3275995457738,0.224140361277387,0.01875,"Pass","Example_Data_13_INFI.csv"
"A31","ID11","Treated","SLAMF1","Q13291","OID00502",17.9588865140861,0.224140361277387,0.01875,"Pass","Example_Data_13_INFI.csv"
"A37","ID13","Untreated","SLAMF1","Q13291","OID00502",7.42699103075368,0.224140361277387,0.01875,"Pass","Example_Data_13_INFI.csv"
"A40","ID14","Untreated","SLAMF1","Q13291","OID00502",14.822810186196,0.224140361277387,0.01875,"Pass","Example_Data_13_INFI.csv"
"A43","ID15","Treated","SLAMF1","Q13291","OID00502",9.16799849928006,0.224140361277387,0.01875,"Pass","Example_Data_13_INFI.csv"
"A46","ID16","Untreated","SLAMF1","Q13291","OID00502",11.4293651180479,0.224140361277387,0.01875,"Pass","Example_Data_13_INFI.csv"
"A49","ID17","Untreated","SLAMF1","Q13291","OID00502",9.68884877338632,0.224140361277387,0.01875,"Pass","Example_Data_13_INFI.csv"
"A52","ID18","Treated","SLAMF1","Q13291","OID00502",10.8503643022444,0.224140361277387,0.01875,"Pass","Example_Data_13_INFI.csv"
"A55","ID19","Treated","SLAMF1","Q13291","OID00502",4.1580233660763,0.224140361277387,0.01875,"Pass","Example_Data_13_INFI.csv"
"A58","ID20","Untreated","SLAMF1","Q13291","OID00502",18.3287378974216,0.224140361277387,0.01875,"Pass","Example_Data_13_INFI.csv"
"A61","ID21","Untreated","SLAMF1","Q13291","OID00502",6.69827133364053,0.224140361277387,0.01875,"Pass","Example_Data_13_INFI.csv"
"A64","ID22","Untreated","SLAMF1","Q13291","OID00502",16.6797072427693,0.224140361277387,0.01875,"Pass","Example_Data_13_INFI.csv"
"A67","ID23","Treated","SLAMF1","Q13291","OID00502",10.8337073050259,0.224140361277387,0.01875,"Pass","Example_Data_13_INFI.csv"
"A70","ID24","Untreated","SLAMF1","Q13291","OID00502",16.738408143442,0.224140361277387,0.01875,"Pass","Example_Data_13_INFI.csv"
"A73","ID25","Untreated","SLAMF1","Q13291","OID00502",11.1114605685135,0.224140361277387,0.01875,"Pass","Example_Data_13_INFI.csv"
"A76","ID26","Untreated","SLAMF1","Q13291","OID00502",7.22266668577376,0.224140361277387,0.01875,"Pass","Example_Data_13_INFI.csv"
"B2","ID27","Treated","SLAMF1","Q13291","OID00502",6.25423169623626,0.224140361277387,0.01875,"Pass","Example_Data_14_INFI.csv"
"B5","ID28","Treated","SLAMF1","Q13291","OID00502",8.48157481044312,0.224140361277387,0.01875,"Pass","Example_Data_14_INFI.csv"
"B8","ID29","Untreated","SLAMF1","Q13291","OID00502",11.568917662453,0.224140361277387,0.01875,"Pass","Example_Data_14_INFI.csv"
"B11","ID30","Untreated","SLAMF1","Q13291","OID00502",10.9744474588327,0.224140361277387,0.01875,"Pass","Example_Data_14_INFI.csv"
"B14","ID31","Untreated","SLAMF1","Q13291","OID00502",12.4236466726131,0.224140361277387,0.01875,"Pass","Example_Data_14_INFI.csv"
"B17","ID32","Treated","SLAMF1","Q13291","OID00502",10.6295093974157,0.224140361277387,0.01875,"Pass","Example_Data_14_INFI.csv"
"B20","ID33","Untreated","SLAMF1","Q13291","OID00502",11.705693141155,0.224140361277387,0.01875,"Pass","Example_Data_14_INFI.csv"
"B23","ID34","Untreated","SLAMF1","Q13291","OID00502",13.5508006103443,0.224140361277387,0.01875,"Pass","Example_Data_14_INFI.csv"
"B26","ID35","Untreated","SLAMF1","Q13291","OID00502",7.00610138029328,0.224140361277387,0.01875,"Pass","Example_Data_14_INFI.csv"
"B29","ID36","Untreated","SLAMF1","Q13291","OID00502",12.5942230054959,0.224140361277387,0.01875,"Pass","Example_Data_14_INFI.csv"
"B32","ID37","Treated","SLAMF1","Q13291","OID00502",10.6154352663663,0.224140361277387,0.01875,"Pass","Example_Data_14_INFI.csv"
"B35","ID38","Treated","SLAMF1","Q13291","OID00502",7.19574307201906,0.224140361277387,0.01875,"Pass","Example_Data_14_INFI.csv"
"B38","ID39","Untreated","SLAMF1","Q13291","OID00502",12.0207949446189,0.224140361277387,0.01875,"Pass","Example_Data_14_INFI.csv"
"B41","ID40","Untreated","SLAMF1","Q13291","OID00502",8.18944902163575,0.224140361277387,0.01875,"Pass","Example_Data_14_INFI.csv"
"B44","ID41","Untreated","SLAMF1","Q13291","OID00502",12.7124380682926,0.224140361277387,0.01875,"Pass","Example_Data_14_INFI.csv"
"B47","ID42","Treated","SLAMF1","Q13291","OID00502",9.67542838142891,0.224140361277387,0.01875,"Pass","Example_Data_14_INFI.csv"
"B50","ID43","Treated","SLAMF1","Q13291","OID00502",-1.475193023576,0.224140361277387,0.01875,"Pass","Example_Data_14_INFI.csv"
"B53","ID44","Treated","SLAMF1","Q13291","OID00502",8.77397315434262,0.224140361277387,0.01875,"Pass","Example_Data_14_INFI.csv"
"B56","ID45","Treated","SLAMF1","Q13291","OID00502",13.8684823048685,0.224140361277387,0.01875,"Pass","Example_Data_14_INFI.csv"
"B59","ID46","Treated","SLAMF1","Q13291","OID00502",2.82227385889336,0.224140361277387,0.01875,"Pass","Example_Data_14_INFI.csv"
"B62","ID47","Treated","SLAMF1","Q13291","OID00502",11.7402876672899,0.224140361277387,0.01875,"Pass","Example_Data_14_INFI.csv"
"B65","ID48","Treated","SLAMF1","Q13291","OID00502",14.2409975818391,0.224140361277387,0.01875,"Pass","Example_Data_14_INFI.csv"
"B68","ID49","Treated","SLAMF1","Q13291","OID00502",8.09009490977391,0.224140361277387,0.01875,"Pass","Example_Data_14_INFI.csv"
"B71","ID50","Treated","SLAMF1","Q13291","OID00502",11.7655011886244,0.224140361277387,0.01875,"Pass","Example_Data_14_INFI.csv"
"B74","ID51","Untreated","SLAMF1","Q13291","OID00502",8.99665922070688,0.224140361277387,0.01875,"Pass","Example_Data_14_INFI.csv"
"B77","ID52","Treated","SLAMF1","Q13291","OID00502",7.44380828214405,0.224140361277387,0.01875,"Pass","Example_Data_14_INFI.csv"
"A1","ID1","Untreated","TGF-alpha","P01135","OID00503",0.962398762979709,0,0.06875,"Pass","Example_Data_13_INFI.csv"
"A4","ID2","Untreated","TGF-alpha","P01135","OID00503",12.0949911618981,0,0.06875,"Pass","Example_Data_13_INFI.csv"
"A7","ID3","Untreated","TGF-alpha","P01135","OID00503",7.79877020190299,0,0.06875,"Pass","Example_Data_13_INFI.csv"
"A10","ID4","Untreated","TGF-alpha","P01135","OID00503",-0.101945641050926,0,0.06875,"Pass","Example_Data_13_INFI.csv"
"A13","ID5","Untreated","TGF-alpha","P01135","OID00503",8.60821745563503,0,0.06875,"Pass","Example_Data_13_INFI.csv"
"A16","ID6","Treated","TGF-alpha","P01135","OID00503",7.21280696495637,0,0.06875,"Pass","Example_Data_13_INFI.csv"
"A19","ID7","Untreated","TGF-alpha","P01135","OID00503",4.96190991267306,0,0.06875,"Pass","Example_Data_13_INFI.csv"
"A22","ID8","Treated","TGF-alpha","P01135","OID00503",-0.885879424309519,0,0.06875,"Pass","Example_Data_13_INFI.csv"
"A25","ID9","Untreated","TGF-alpha","P01135","OID00503",8.5742918922135,0,0.06875,"Pass","Example_Data_13_INFI.csv"
"A28","ID10","Treated","TGF-alpha","P01135","OID00503",3.27877463671696,0,0.06875,"Pass","Example_Data_13_INFI.csv"
"A31","ID11","Treated","TGF-alpha","P01135","OID00503",-2.61898637277901,0,0.06875,"Pass","Example_Data_13_INFI.csv"
"A37","ID13","Untreated","TGF-alpha","P01135","OID00503",4.72743350487908,0,0.06875,"Pass","Example_Data_13_INFI.csv"
"A40","ID14","Untreated","TGF-alpha","P01135","OID00503",8.25778480850632,0,0.06875,"Pass","Example_Data_13_INFI.csv"
"A43","ID15","Treated","TGF-alpha","P01135","OID00503",4.78002382465009,0,0.06875,"Pass","Example_Data_13_INFI.csv"
"A46","ID16","Untreated","TGF-alpha","P01135","OID00503",-0.0473145275636855,0,0.06875,"Pass","Example_Data_13_INFI.csv"
"A49","ID17","Untreated","TGF-alpha","P01135","OID00503",5.0750538824387,0,0.06875,"Pass","Example_Data_13_INFI.csv"
"A52","ID18","Treated","TGF-alpha","P01135","OID00503",14.0674864590423,0,0.06875,"Pass","Example_Data_13_INFI.csv"
"A55","ID19","Treated","TGF-alpha","P01135","OID00503",9.91959284703378,0,0.06875,"Pass","Example_Data_13_INFI.csv"
"A58","ID20","Untreated","TGF-alpha","P01135","OID00503",8.44780099352838,0,0.06875,"Pass","Example_Data_13_INFI.csv"
"A61","ID21","Untreated","TGF-alpha","P01135","OID00503",5.31845615630785,0,0.06875,"Pass","Example_Data_13_INFI.csv"
"A64","ID22","Untreated","TGF-alpha","P01135","OID00503",11.321442630834,0,0.06875,"Pass","Example_Data_13_INFI.csv"
"A67","ID23","Treated","TGF-alpha","P01135","OID00503",8.10336181669742,0,0.06875,"Pass","Example_Data_13_INFI.csv"
"A70","ID24","Untreated","TGF-alpha","P01135","OID00503",9.6193855688198,0,0.06875,"Pass","Example_Data_13_INFI.csv"
"A73","ID25","Untreated","TGF-alpha","P01135","OID00503",3.75656937637052,0,0.06875,"Pass","Example_Data_13_INFI.csv"
"A76","ID26","Untreated","TGF-alpha","P01135","OID00503",8.33715471214302,0,0.06875,"Pass","Example_Data_13_INFI.csv"
"B2","ID27","Treated","TGF-alpha","P01135","OID00503",5.02622966454608,0,0.06875,"Pass","Example_Data_14_INFI.csv"
"B5","ID28","Treated","TGF-alpha","P01135","OID00503",6.66300921222199,0,0.06875,"Pass","Example_Data_14_INFI.csv"
"B8","ID29","Untreated","TGF-alpha","P01135","OID00503",10.6676947436636,0,0.06875,"Pass","Example_Data_14_INFI.csv"
"B11","ID30","Untreated","TGF-alpha","P01135","OID00503",1.19915321097645,0,0.06875,"Pass","Example_Data_14_INFI.csv"
"B14","ID31","Untreated","TGF-alpha","P01135","OID00503",7.71841401361548,0,0.06875,"Pass","Example_Data_14_INFI.csv"
"B17","ID32","Treated","TGF-alpha","P01135","OID00503",5.16421177687706,0,0.06875,"Pass","Example_Data_14_INFI.csv"
"B20","ID33","Untreated","TGF-alpha","P01135","OID00503",6.24841626968346,0,0.06875,"Pass","Example_Data_14_INFI.csv"
"B23","ID34","Untreated","TGF-alpha","P01135","OID00503",7.3595983446571,0,0.06875,"Pass","Example_Data_14_INFI.csv"
"B26","ID35","Untreated","TGF-alpha","P01135","OID00503",3.59428541141317,0,0.06875,"Pass","Example_Data_14_INFI.csv"
"B29","ID36","Untreated","TGF-alpha","P01135","OID00503",6.60747943780822,0,0.06875,"Pass","Example_Data_14_INFI.csv"
"B32","ID37","Treated","TGF-alpha","P01135","OID00503",1.03644472861403,0,0.06875,"Pass","Example_Data_14_INFI.csv"
"B35","ID38","Treated","TGF-alpha","P01135","OID00503",3.33806409067462,0,0.06875,"Pass","Example_Data_14_INFI.csv"
"B38","ID39","Untreated","TGF-alpha","P01135","OID00503",0.822405613724701,0,0.06875,"Pass","Example_Data_14_INFI.csv"
"B41","ID40","Untreated","TGF-alpha","P01135","OID00503",7.83950715918644,0,0.06875,"Pass","Example_Data_14_INFI.csv"
"B44","ID41","Untreated","TGF-alpha","P01135","OID00503",1.48377477994394,0,0.06875,"Pass","Example_Data_14_INFI.csv"
"B47","ID42","Treated","TGF-alpha","P01135","OID00503",-0.384786142365394,0,0.06875,"Pass","Example_Data_14_INFI.csv"
"B50","ID43","Treated","TGF-alpha","P01135","OID00503",6.41171250940977,0,0.06875,"Pass","Example_Data_14_INFI.csv"
"B53","ID44","Treated","TGF-alpha","P01135","OID00503",11.1753635215717,0,0.06875,"Pass","Example_Data_14_INFI.csv"
"B56","ID45","Treated","TGF-alpha","P01135","OID00503",2.73798035490205,0,0.06875,"Pass","Example_Data_14_INFI.csv"
"B59","ID46","Treated","TGF-alpha","P01135","OID00503",9.10053618260847,0,0.06875,"Pass","Example_Data_14_INFI.csv"
"B62","ID47","Treated","TGF-alpha","P01135","OID00503",5.03740316257537,0,0.06875,"Pass","Example_Data_14_INFI.csv"
"B65","ID48","Treated","TGF-alpha","P01135","OID00503",1.98939892106186,0,0.06875,"Pass","Example_Data_14_INFI.csv"
"B68","ID49","Treated","TGF-alpha","P01135","OID00503",5.39363465989428,0,0.06875,"Pass","Example_Data_14_INFI.csv"
"B71","ID50","Treated","TGF-alpha","P01135","OID00503",5.13155461616259,0,0.06875,"Pass","Example_Data_14_INFI.csv"
"B74","ID51","Untreated","TGF-alpha","P01135","OID00503",2.7157664002104,0,0.06875,"Pass","Example_Data_14_INFI.csv"
"B77","ID52","Treated","TGF-alpha","P01135","OID00503",6.00326802823811,0,0.06875,"Pass","Example_Data_14_INFI.csv"
"A1","ID1","Untreated","MCP-4","Q99616","OID00504",3.35294545843459,1.30882352611345,0.05,"Pass","Example_Data_13_INFI.csv"
"A4","ID2","Untreated","MCP-4","Q99616","OID00504",2.22314518048182,1.30882352611345,0.05,"Pass","Example_Data_13_INFI.csv"
"A7","ID3","Untreated","MCP-4","Q99616","OID00504",0.820937519579444,1.30882352611345,0.05,"Pass","Example_Data_13_INFI.csv"
"A10","ID4","Untreated","MCP-4","Q99616","OID00504",5.35578374868184,1.30882352611345,0.05,"Pass","Example_Data_13_INFI.csv"
"A13","ID5","Untreated","MCP-4","Q99616","OID00504",3.8760658429118,1.30882352611345,0.05,"Pass","Example_Data_13_INFI.csv"
"A16","ID6","Treated","MCP-4","Q99616","OID00504",4.62019002296099,1.30882352611345,0.05,"Pass","Example_Data_13_INFI.csv"
"A19","ID7","Untreated","MCP-4","Q99616","OID00504",5.10756600425206,1.30882352611345,0.05,"Pass","Example_Data_13_INFI.csv"
"A22","ID8","Treated","MCP-4","Q99616","OID00504",7.35811815454253,1.30882352611345,0.05,"Pass","Example_Data_13_INFI.csv"
"A25","ID9","Untreated","MCP-4","Q99616","OID00504",2.96535273729238,1.30882352611345,0.05,"Pass","Example_Data_13_INFI.csv"
"A28","ID10","Treated","MCP-4","Q99616","OID00504",7.99117607175252,1.30882352611345,0.05,"Pass","Example_Data_13_INFI.csv"
"A31","ID11","Treated","MCP-4","Q99616","OID00504",2.0513838535516,1.30882352611345,0.05,"Pass","Example_Data_13_INFI.csv"
"A37","ID13","Untreated","MCP-4","Q99616","OID00504",1.92175644282634,1.30882352611345,0.05,"Pass","Example_Data_13_INFI.csv"
"A40","ID14","Untreated","MCP-4","Q99616","OID00504",2.97660654547964,1.30882352611345,0.05,"Pass","Example_Data_13_INFI.csv"
"A43","ID15","Treated","MCP-4","Q99616","OID00504",2.93134636047377,1.30882352611345,0.05,"Pass","Example_Data_13_INFI.csv"
"A46","ID16","Untreated","MCP-4","Q99616","OID00504",5.28814664575404,1.30882352611345,0.05,"Pass","Example_Data_13_INFI.csv"
"A49","ID17","Untreated","MCP-4","Q99616","OID00504",3.34465064893684,1.30882352611345,0.05,"Pass","Example_Data_13_INFI.csv"
"A52","ID18","Treated","MCP-4","Q99616","OID00504",6.06176727644389,1.30882352611345,0.05,"Pass","Example_Data_13_INFI.csv"
"A55","ID19","Treated","MCP-4","Q99616","OID00504",3.23340882093069,1.30882352611345,0.05,"Pass","Example_Data_13_INFI.csv"
"A58","ID20","Untreated","MCP-4","Q99616","OID00504",7.47328496889108,1.30882352611345,0.05,"Pass","Example_Data_13_INFI.csv"
"A61","ID21","Untreated","MCP-4","Q99616","OID00504",1.42049158905776,1.30882352611345,0.05,"Pass","Example_Data_13_INFI.csv"
"A64","ID22","Untreated","MCP-4","Q99616","OID00504",8.12375942238808,1.30882352611345,0.05,"Pass","Example_Data_13_INFI.csv"
"A67","ID23","Treated","MCP-4","Q99616","OID00504",2.5386846897167,1.30882352611345,0.05,"Pass","Example_Data_13_INFI.csv"
"A70","ID24","Untreated","MCP-4","Q99616","OID00504",7.07384300573897,1.30882352611345,0.05,"Pass","Example_Data_13_INFI.csv"
"A73","ID25","Untreated","MCP-4","Q99616","OID00504",1.85777660418958,1.30882352611345,0.05,"Pass","Example_Data_13_INFI.csv"
"A76","ID26","Untreated","MCP-4","Q99616","OID00504",3.539415020906,1.30882352611345,0.05,"Pass","Example_Data_13_INFI.csv"
"B2","ID27","Treated","MCP-4","Q99616","OID00504",3.4871476454663,1.30882352611345,0.05,"Pass","Example_Data_14_INFI.csv"
"B5","ID28","Treated","MCP-4","Q99616","OID00504",3.01000657166742,1.30882352611345,0.05,"Pass","Example_Data_14_INFI.csv"
"B8","ID29","Untreated","MCP-4","Q99616","OID00504",4.79250315785427,1.30882352611345,0.05,"Pass","Example_Data_14_INFI.csv"
"B11","ID30","Untreated","MCP-4","Q99616","OID00504",5.37877532407303,1.30882352611345,0.05,"Pass","Example_Data_14_INFI.csv"
"B14","ID31","Untreated","MCP-4","Q99616","OID00504",3.2912812035841,1.30882352611345,0.05,"Pass","Example_Data_14_INFI.csv"
"B17","ID32","Treated","MCP-4","Q99616","OID00504",2.96479895852166,1.30882352611345,0.05,"Pass","Example_Data_14_INFI.csv"
"B20","ID33","Untreated","MCP-4","Q99616","OID00504",4.73080440233683,1.30882352611345,0.05,"Pass","Example_Data_14_INFI.csv"
"B23","ID34","Untreated","MCP-4","Q99616","OID00504",4.7817324090509,1.30882352611345,0.05,"Pass","Example_Data_14_INFI.csv"
"B26","ID35","Untreated","MCP-4","Q99616","OID00504",5.20725745708935,1.30882352611345,0.05,"Pass","Example_Data_14_INFI.csv"
"B29","ID36","Untreated","MCP-4","Q99616","OID00504",4.43374418979606,1.30882352611345,0.05,"Pass","Example_Data_14_INFI.csv"
"B32","ID37","Treated","MCP-4","Q99616","OID00504",6.55301832095963,1.30882352611345,0.05,"Pass","Example_Data_14_INFI.csv"
"B35","ID38","Treated","MCP-4","Q99616","OID00504",5.19223052064383,1.30882352611345,0.05,"Pass","Example_Data_14_INFI.csv"
"B38","ID39","Untreated","MCP-4","Q99616","OID00504",6.00036690902363,1.30882352611345,0.05,"Pass","Example_Data_14_INFI.csv"
"B41","ID40","Untreated","MCP-4","Q99616","OID00504",5.19550306640498,1.30882352611345,0.05,"Pass","Example_Data_14_INFI.csv"
"B44","ID41","Untreated","MCP-4","Q99616","OID00504",0.68759848850134,1.30882352611345,0.05,"Pass","Example_Data_14_INFI.csv"
"B47","ID42","Treated","MCP-4","Q99616","OID00504",5.52712433232452,1.30882352611345,0.05,"Pass","Example_Data_14_INFI.csv"
"B50","ID43","Treated","MCP-4","Q99616","OID00504",6.11989850059498,1.30882352611345,0.05,"Pass","Example_Data_14_INFI.csv"
"B53","ID44","Treated","MCP-4","Q99616","OID00504",6.18760562798868,1.30882352611345,0.05,"Pass","Example_Data_14_INFI.csv"
"B56","ID45","Treated","MCP-4","Q99616","OID00504",2.38099899606084,1.30882352611345,0.05,"Pass","Example_Data_14_INFI.csv"
"B59","ID46","Treated","MCP-4","Q99616","OID00504",4.33477946004888,1.30882352611345,0.05,"Pass","Example_Data_14_INFI.csv"
"B62","ID47","Treated","MCP-4","Q99616","OID00504",4.7255699739763,1.30882352611345,0.05,"Pass","Example_Data_14_INFI.csv"
"B65","ID48","Treated","MCP-4","Q99616","OID00504",2.86783314513829,1.30882352611345,0.05,"Pass","Example_Data_14_INFI.csv"
"B68","ID49","Treated","MCP-4","Q99616","OID00504",2.27291122479073,1.30882352611345,0.05,"Pass","Example_Data_14_INFI.csv"
"B71","ID50","Treated","MCP-4","Q99616","OID00504",1.91413423047906,1.30882352611345,0.05,"Pass","Example_Data_14_INFI.csv"
"B74","ID51","Untreated","MCP-4","Q99616","OID00504",1.21097487391831,1.30882352611345,0.05,"Pass","Example_Data_14_INFI.csv"
"B77","ID52","Treated","MCP-4","Q99616","OID00504",1.16952182975292,1.30882352611345,0.05,"Pass","Example_Data_14_INFI.csv"
"A1","ID1","Untreated","CCL11","P51671","OID00505",6.20539016557959,0.0510834641219018,0.0125,"Pass","Example_Data_13_INFI.csv"
"A4","ID2","Untreated","CCL11","P51671","OID00505",0.589105166126374,0.0510834641219018,0.0125,"Pass","Example_Data_13_INFI.csv"
"A7","ID3","Untreated","CCL11","P51671","OID00505",3.11125255293503,0.0510834641219018,0.0125,"Pass","Example_Data_13_INFI.csv"
"A10","ID4","Untreated","CCL11","P51671","OID00505",9.30726076913401,0.0510834641219018,0.0125,"Pass","Example_Data_13_INFI.csv"
"A13","ID5","Untreated","CCL11","P51671","OID00505",1.09649804021415,0.0510834641219018,0.0125,"Pass","Example_Data_13_INFI.csv"
"A16","ID6","Treated","CCL11","P51671","OID00505",4.21258503559658,0.0510834641219018,0.0125,"Pass","Example_Data_13_INFI.csv"
"A19","ID7","Untreated","CCL11","P51671","OID00505",4.73599483144021,0.0510834641219018,0.0125,"Pass","Example_Data_13_INFI.csv"
"A22","ID8","Treated","CCL11","P51671","OID00505",6.13381653781884,0.0510834641219018,0.0125,"Pass","Example_Data_13_INFI.csv"
"A25","ID9","Untreated","CCL11","P51671","OID00505",6.57927928429767,0.0510834641219018,0.0125,"Pass","Example_Data_13_INFI.csv"
"A28","ID10","Treated","CCL11","P51671","OID00505",4.1375101432885,0.0510834641219018,0.0125,"Pass","Example_Data_13_INFI.csv"
"A31","ID11","Treated","CCL11","P51671","OID00505",6.25111957553583,0.0510834641219018,0.0125,"Pass","Example_Data_13_INFI.csv"
"A37","ID13","Untreated","CCL11","P51671","OID00505",5.10311828636438,0.0510834641219018,0.0125,"Pass","Example_Data_13_INFI.csv"
"A40","ID14","Untreated","CCL11","P51671","OID00505",9.09390852681496,0.0510834641219018,0.0125,"Pass","Example_Data_13_INFI.csv"
"A43","ID15","Treated","CCL11","P51671","OID00505",3.31194972229166,0.0510834641219018,0.0125,"Pass","Example_Data_13_INFI.csv"
"A46","ID16","Untreated","CCL11","P51671","OID00505",5.23667545853446,0.0510834641219018,0.0125,"Pass","Example_Data_13_INFI.csv"
"A49","ID17","Untreated","CCL11","P51671","OID00505",7.0707589931299,0.0510834641219018,0.0125,"Pass","Example_Data_13_INFI.csv"
"A52","ID18","Treated","CCL11","P51671","OID00505",6.13336639196153,0.0510834641219018,0.0125,"Pass","Example_Data_13_INFI.csv"
"A55","ID19","Treated","CCL11","P51671","OID00505",6.61226506787646,0.0510834641219018,0.0125,"Pass","Example_Data_13_INFI.csv"
"A58","ID20","Untreated","CCL11","P51671","OID00505",7.20891762735844,0.0510834641219018,0.0125,"Pass","Example_Data_13_INFI.csv"
"A61","ID21","Untreated","CCL11","P51671","OID00505",1.36996608982384,0.0510834641219018,0.0125,"Pass","Example_Data_13_INFI.csv"
"A64","ID22","Untreated","CCL11","P51671","OID00505",4.63968113541453,0.0510834641219018,0.0125,"Pass","Example_Data_13_INFI.csv"
"A67","ID23","Treated","CCL11","P51671","OID00505",3.61312642322593,0.0510834641219018,0.0125,"Pass","Example_Data_13_INFI.csv"
"A70","ID24","Untreated","CCL11","P51671","OID00505",6.03476218186513,0.0510834641219018,0.0125,"Pass","Example_Data_13_INFI.csv"
"A73","ID25","Untreated","CCL11","P51671","OID00505",1.86551706726485,0.0510834641219018,0.0125,"Pass","Example_Data_13_INFI.csv"
"A76","ID26","Untreated","CCL11","P51671","OID00505",1.54000398383491,0.0510834641219018,0.0125,"Pass","Example_Data_13_INFI.csv"
"B2","ID27","Treated","CCL11","P51671","OID00505",1.3866259086539,0.0510834641219018,0.0125,"Pass","Example_Data_14_INFI.csv"
"B5","ID28","Treated","CCL11","P51671","OID00505",4.11023151941278,0.0510834641219018,0.0125,"Pass","Example_Data_14_INFI.csv"
"B8","ID29","Untreated","CCL11","P51671","OID00505",5.16152893591207,0.0510834641219018,0.0125,"Pass","Example_Data_14_INFI.csv"
"B11","ID30","Untreated","CCL11","P51671","OID00505",5.72568701814525,0.0510834641219018,0.0125,"Pass","Example_Data_14_INFI.csv"
"B14","ID31","Untreated","CCL11","P51671","OID00505",5.55910416611599,0.0510834641219018,0.0125,"Pass","Example_Data_14_INFI.csv"
"B17","ID32","Treated","CCL11","P51671","OID00505",5.36478339094656,0.0510834641219018,0.0125,"Pass","Example_Data_14_INFI.csv"
"B20","ID33","Untreated","CCL11","P51671","OID00505",5.45497776524587,0.0510834641219018,0.0125,"Pass","Example_Data_14_INFI.csv"
"B23","ID34","Untreated","CCL11","P51671","OID00505",7.17332524204202,0.0510834641219018,0.0125,"Pass","Example_Data_14_INFI.csv"
"B26","ID35","Untreated","CCL11","P51671","OID00505",8.74690118217179,0.0510834641219018,0.0125,"Pass","Example_Data_14_INFI.csv"
"B29","ID36","Untreated","CCL11","P51671","OID00505",4.00568145476841,0.0510834641219018,0.0125,"Pass","Example_Data_14_INFI.csv"
"B32","ID37","Treated","CCL11","P51671","OID00505",4.89040603579206,0.0510834641219018,0.0125,"Pass","Example_Data_14_INFI.csv"
"B35","ID38","Treated","CCL11","P51671","OID00505",4.84127868889805,0.0510834641219018,0.0125,"Pass","Example_Data_14_INFI.csv"
"B38","ID39","Untreated","CCL11","P51671","OID00505",7.66416436276929,0.0510834641219018,0.0125,"Pass","Example_Data_14_INFI.csv"
"B41","ID40","Untreated","CCL11","P51671","OID00505",2.46069200244639,0.0510834641219018,0.0125,"Pass","Example_Data_14_INFI.csv"
"B44","ID41","Untreated","CCL11","P51671","OID00505",3.23620046875616,0.0510834641219018,0.0125,"Pass","Example_Data_14_INFI.csv"
"B47","ID42","Treated","CCL11","P51671","OID00505",5.7473722794424,0.0510834641219018,0.0125,"Pass","Example_Data_14_INFI.csv"
"B50","ID43","Treated","CCL11","P51671","OID00505",7.52731848268822,0.0510834641219018,0.0125,"Pass","Example_Data_14_INFI.csv"
"B53","ID44","Treated","CCL11","P51671","OID00505",2.03634864113933,0.0510834641219018,0.0125,"Pass","Example_Data_14_INFI.csv"
"B56","ID45","Treated","CCL11","P51671","OID00505",6.72748790524273,0.0510834641219018,0.0125,"Pass","Example_Data_14_INFI.csv"
"B59","ID46","Treated","CCL11","P51671","OID00505",8.13394386090736,0.0510834641219018,0.0125,"Pass","Example_Data_14_INFI.csv"
"B62","ID47","Treated","CCL11","P51671","OID00505",6.06055947334746,0.0510834641219018,0.0125,"Pass","Example_Data_14_INFI.csv"
"B65","ID48","Treated","CCL11","P51671","OID00505",0.689460230018545,0.0510834641219018,0.0125,"Pass","Example_Data_14_INFI.csv"
"B68","ID49","Treated","CCL11","P51671","OID00505",5.42862571561289,0.0510834641219018,0.0125,"Pass","Example_Data_14_INFI.csv"
"B71","ID50","Treated","CCL11","P51671","OID00505",3.91575183776814,0.0510834641219018,0.0125,"Pass","Example_Data_14_INFI.csv"
"B74","ID51","Untreated","CCL11","P51671","OID00505",3.696796756023,0.0510834641219018,0.0125,"Pass","Example_Data_14_INFI.csv"
"B77","ID52","Treated","CCL11","P51671","OID00505",0.83882638637329,0.0510834641219018,0.0125,"Pass","Example_Data_14_INFI.csv"
"A1","ID1","Untreated","TNFSF14","O43557","OID00506",-0.776570276721683,0.00699263595657124,0.08125,"Pass","Example_Data_13_INFI.csv"
"A4","ID2","Untreated","TNFSF14","O43557","OID00506",11.6422275322834,0.00699263595657124,0.08125,"Pass","Example_Data_13_INFI.csv"
"A7","ID3","Untreated","TNFSF14","O43557","OID00506",10.0604526271129,0.00699263595657124,0.08125,"Pass","Example_Data_13_INFI.csv"
"A10","ID4","Untreated","TNFSF14","O43557","OID00506",10.970126973193,0.00699263595657124,0.08125,"Pass","Example_Data_13_INFI.csv"
"A13","ID5","Untreated","TNFSF14","O43557","OID00506",10.4297018267206,0.00699263595657124,0.08125,"Pass","Example_Data_13_INFI.csv"
"A16","ID6","Treated","TNFSF14","O43557","OID00506",7.47260524321918,0.00699263595657124,0.08125,"Pass","Example_Data_13_INFI.csv"
"A19","ID7","Untreated","TNFSF14","O43557","OID00506",9.21075060956389,0.00699263595657124,0.08125,"Pass","Example_Data_13_INFI.csv"
"A22","ID8","Treated","TNFSF14","O43557","OID00506",6.25148067703945,0.00699263595657124,0.08125,"Pass","Example_Data_13_INFI.csv"
"A25","ID9","Untreated","TNFSF14","O43557","OID00506",8.1148941519383,0.00699263595657124,0.08125,"Pass","Example_Data_13_INFI.csv"
"A28","ID10","Treated","TNFSF14","O43557","OID00506",6.39423515986562,0.00699263595657124,0.08125,"Pass","Example_Data_13_INFI.csv"
"A31","ID11","Treated","TNFSF14","O43557","OID00506",4.77196698917681,0.00699263595657124,0.08125,"Pass","Example_Data_13_INFI.csv"
"A37","ID13","Untreated","TNFSF14","O43557","OID00506",11.3563877621816,0.00699263595657124,0.08125,"Pass","Example_Data_13_INFI.csv"
"A40","ID14","Untreated","TNFSF14","O43557","OID00506",10.3821777296531,0.00699263595657124,0.08125,"Pass","Example_Data_13_INFI.csv"
"A43","ID15","Treated","TNFSF14","O43557","OID00506",9.95783816282082,0.00699263595657124,0.08125,"Pass","Example_Data_13_INFI.csv"
"A46","ID16","Untreated","TNFSF14","O43557","OID00506",6.53703424916571,0.00699263595657124,0.08125,"Pass","Example_Data_13_INFI.csv"
"A49","ID17","Untreated","TNFSF14","O43557","OID00506",0.764212583692539,0.00699263595657124,0.08125,"Pass","Example_Data_13_INFI.csv"
"A52","ID18","Treated","TNFSF14","O43557","OID00506",1.07523302764457,0.00699263595657124,0.08125,"Pass","Example_Data_13_INFI.csv"
"A55","ID19","Treated","TNFSF14","O43557","OID00506",9.05938683989986,0.00699263595657124,0.08125,"Pass","Example_Data_13_INFI.csv"
"A58","ID20","Untreated","TNFSF14","O43557","OID00506",7.1851711294689,0.00699263595657124,0.08125,"Pass","Example_Data_13_INFI.csv"
"A61","ID21","Untreated","TNFSF14","O43557","OID00506",1.03863364989575,0.00699263595657124,0.08125,"Pass","Example_Data_13_INFI.csv"
"A64","ID22","Untreated","TNFSF14","O43557","OID00506",7.96179802967832,0.00699263595657124,0.08125,"Pass","Example_Data_13_INFI.csv"
"A67","ID23","Treated","TNFSF14","O43557","OID00506",6.47273088425907,0.00699263595657124,0.08125,"Pass","Example_Data_13_INFI.csv"
"A70","ID24","Untreated","TNFSF14","O43557","OID00506",0.241873634241798,0.00699263595657124,0.08125,"Pass","Example_Data_13_INFI.csv"
"A73","ID25","Untreated","TNFSF14","O43557","OID00506",2.16192479727691,0.00699263595657124,0.08125,"Pass","Example_Data_13_INFI.csv"
"A76","ID26","Untreated","TNFSF14","O43557","OID00506",8.71442448107804,0.00699263595657124,0.08125,"Pass","Example_Data_13_INFI.csv"
"B2","ID27","Treated","TNFSF14","O43557","OID00506",-0.823738515269436,0.00699263595657124,0.08125,"Pass","Example_Data_14_INFI.csv"
"B5","ID28","Treated","TNFSF14","O43557","OID00506",3.32608578992718,0.00699263595657124,0.08125,"Pass","Example_Data_14_INFI.csv"
"B8","ID29","Untreated","TNFSF14","O43557","OID00506",0.102946240454902,0.00699263595657124,0.08125,"Pass","Example_Data_14_INFI.csv"
"B11","ID30","Untreated","TNFSF14","O43557","OID00506",6.0205756472801,0.00699263595657124,0.08125,"Pass","Example_Data_14_INFI.csv"
"B14","ID31","Untreated","TNFSF14","O43557","OID00506",0.540579929638983,0.00699263595657124,0.08125,"Pass","Example_Data_14_INFI.csv"
"B17","ID32","Treated","TNFSF14","O43557","OID00506",-4.93958869693554,0.00699263595657124,0.08125,"Pass","Example_Data_14_INFI.csv"
"B20","ID33","Untreated","TNFSF14","O43557","OID00506",6.31691405553987,0.00699263595657124,0.08125,"Pass","Example_Data_14_INFI.csv"
"B23","ID34","Untreated","TNFSF14","O43557","OID00506",5.54145851401979,0.00699263595657124,0.08125,"Pass","Example_Data_14_INFI.csv"
"B26","ID35","Untreated","TNFSF14","O43557","OID00506",2.13788755535388,0.00699263595657124,0.08125,"Pass","Example_Data_14_INFI.csv"
"B29","ID36","Untreated","TNFSF14","O43557","OID00506",3.9235081122431,0.00699263595657124,0.08125,"Pass","Example_Data_14_INFI.csv"
"B32","ID37","Treated","TNFSF14","O43557","OID00506",10.4049937401417,0.00699263595657124,0.08125,"Pass","Example_Data_14_INFI.csv"
"B35","ID38","Treated","TNFSF14","O43557","OID00506",5.98975319735246,0.00699263595657124,0.08125,"Pass","Example_Data_14_INFI.csv"
"B38","ID39","Untreated","TNFSF14","O43557","OID00506",0.482063787607951,0.00699263595657124,0.08125,"Pass","Example_Data_14_INFI.csv"
"B41","ID40","Untreated","TNFSF14","O43557","OID00506",9.30814541558007,0.00699263595657124,0.08125,"Pass","Example_Data_14_INFI.csv"
"B44","ID41","Untreated","TNFSF14","O43557","OID00506",9.6475398497387,0.00699263595657124,0.08125,"Pass","Example_Data_14_INFI.csv"
"B47","ID42","Treated","TNFSF14","O43557","OID00506",2.03426695374603,0.00699263595657124,0.08125,"Pass","Example_Data_14_INFI.csv"
"B50","ID43","Treated","TNFSF14","O43557","OID00506",1.62449243843962,0.00699263595657124,0.08125,"Pass","Example_Data_14_INFI.csv"
"B53","ID44","Treated","TNFSF14","O43557","OID00506",2.91164835638874,0.00699263595657124,0.08125,"Pass","Example_Data_14_INFI.csv"
"B56","ID45","Treated","TNFSF14","O43557","OID00506",1.88875668413598,0.00699263595657124,0.08125,"Pass","Example_Data_14_INFI.csv"
"B59","ID46","Treated","TNFSF14","O43557","OID00506",3.92413055303296,0.00699263595657124,0.08125,"Pass","Example_Data_14_INFI.csv"
"B62","ID47","Treated","TNFSF14","O43557","OID00506",4.3404792971072,0.00699263595657124,0.08125,"Pass","Example_Data_14_INFI.csv"
"B65","ID48","Treated","TNFSF14","O43557","OID00506",2.31818203056054,0.00699263595657124,0.08125,"Pass","Example_Data_14_INFI.csv"
"B68","ID49","Treated","TNFSF14","O43557","OID00506",2.34590101885691,0.00699263595657124,0.08125,"Pass","Example_Data_14_INFI.csv"
"B71","ID50","Treated","TNFSF14","O43557","OID00506",5.15093993041931,0.00699263595657124,0.08125,"Pass","Example_Data_14_INFI.csv"
"B74","ID51","Untreated","TNFSF14","O43557","OID00506",8.2437647554434,0.00699263595657124,0.08125,"Pass","Example_Data_14_INFI.csv"
"B77","ID52","Treated","TNFSF14","O43557","OID00506",4.8867492428157,0.00699263595657124,0.08125,"Pass","Example_Data_14_INFI.csv"
"A1","ID1","Untreated","FGF-23","Q9GZV9","OID00507",6.38244778111144,1.76130084855249,0.025,"Pass","Example_Data_13_INFI.csv"
"A4","ID2","Untreated","FGF-23","Q9GZV9","OID00507",6.60250837280234,1.76130084855249,0.025,"Pass","Example_Data_13_INFI.csv"
"A7","ID3","Untreated","FGF-23","Q9GZV9","OID00507",8.978067203817,1.76130084855249,0.025,"Pass","Example_Data_13_INFI.csv"
"A10","ID4","Untreated","FGF-23","Q9GZV9","OID00507",9.17049190195301,1.76130084855249,0.025,"Pass","Example_Data_13_INFI.csv"
"A13","ID5","Untreated","FGF-23","Q9GZV9","OID00507",7.6379239720747,1.76130084855249,0.025,"Pass","Example_Data_13_INFI.csv"
"A16","ID6","Treated","FGF-23","Q9GZV9","OID00507",6.80464922002752,1.76130084855249,0.025,"Pass","Example_Data_13_INFI.csv"
"A19","ID7","Untreated","FGF-23","Q9GZV9","OID00507",13.3778278581229,1.76130084855249,0.025,"Pass","Example_Data_13_INFI.csv"
"A22","ID8","Treated","FGF-23","Q9GZV9","OID00507",9.41927894084282,1.76130084855249,0.025,"Pass","Example_Data_13_INFI.csv"
"A25","ID9","Untreated","FGF-23","Q9GZV9","OID00507",11.114888417462,1.76130084855249,0.025,"Pass","Example_Data_13_INFI.csv"
"A28","ID10","Treated","FGF-23","Q9GZV9","OID00507",8.27072967446062,1.76130084855249,0.025,"Pass","Example_Data_13_INFI.csv"
"A31","ID11","Treated","FGF-23","Q9GZV9","OID00507",2.77697098886551,1.76130084855249,0.025,"Pass","Example_Data_13_INFI.csv"
"A37","ID13","Untreated","FGF-23","Q9GZV9","OID00507",8.7770624669764,1.76130084855249,0.025,"Pass","Example_Data_13_INFI.csv"
"A40","ID14","Untreated","FGF-23","Q9GZV9","OID00507",12.8498047912623,1.76130084855249,0.025,"Pass","Example_Data_13_INFI.csv"
"A43","ID15","Treated","FGF-23","Q9GZV9","OID00507",11.8786827321129,1.76130084855249,0.025,"Pass","Example_Data_13_INFI.csv"
"A46","ID16","Untreated","FGF-23","Q9GZV9","OID00507",10.3238845655443,1.76130084855249,0.025,"Pass","Example_Data_13_INFI.csv"
"A49","ID17","Untreated","FGF-23","Q9GZV9","OID00507",17.7312204778134,1.76130084855249,0.025,"Pass","Example_Data_13_INFI.csv"
"A52","ID18","Treated","FGF-23","Q9GZV9","OID00507",4.97481932118185,1.76130084855249,0.025,"Pass","Example_Data_13_INFI.csv"
"A55","ID19","Treated","FGF-23","Q9GZV9","OID00507",12.1609566889642,1.76130084855249,0.025,"Pass","Example_Data_13_INFI.csv"
"A58","ID20","Untreated","FGF-23","Q9GZV9","OID00507",2.85789213035755,1.76130084855249,0.025,"Pass","Example_Data_13_INFI.csv"
"A61","ID21","Untreated","FGF-23","Q9GZV9","OID00507",8.04852960633529,1.76130084855249,0.025,"Pass","Example_Data_13_INFI.csv"
"A64","ID22","Untreated","FGF-23","Q9GZV9","OID00507",7.63913438270522,1.76130084855249,0.025,"Pass","Example_Data_13_INFI.csv"
"A67","ID23","Treated","FGF-23","Q9GZV9","OID00507",9.93180123947624,1.76130084855249,0.025,"Pass","Example_Data_13_INFI.csv"
"A70","ID24","Untreated","FGF-23","Q9GZV9","OID00507",7.77321628734994,1.76130084855249,0.025,"Pass","Example_Data_13_INFI.csv"
"A73","ID25","Untreated","FGF-23","Q9GZV9","OID00507",13.8162212066659,1.76130084855249,0.025,"Pass","Example_Data_13_INFI.csv"
"A76","ID26","Untreated","FGF-23","Q9GZV9","OID00507",10.5304206082393,1.76130084855249,0.025,"Pass","Example_Data_13_INFI.csv"
"B2","ID27","Treated","FGF-23","Q9GZV9","OID00507",9.57649888884619,1.76130084855249,0.025,"Pass","Example_Data_14_INFI.csv"
"B5","ID28","Treated","FGF-23","Q9GZV9","OID00507",8.82554876475425,1.76130084855249,0.025,"Pass","Example_Data_14_INFI.csv"
"B8","ID29","Untreated","FGF-23","Q9GZV9","OID00507",8.55852655243878,1.76130084855249,0.025,"Pass","Example_Data_14_INFI.csv"
"B11","ID30","Untreated","FGF-23","Q9GZV9","OID00507",8.24497302244691,1.76130084855249,0.025,"Pass","Example_Data_14_INFI.csv"
"B14","ID31","Untreated","FGF-23","Q9GZV9","OID00507",3.67317550171121,1.76130084855249,0.025,"Pass","Example_Data_14_INFI.csv"
"B17","ID32","Treated","FGF-23","Q9GZV9","OID00507",4.86250018174232,1.76130084855249,0.025,"Pass","Example_Data_14_INFI.csv"
"B20","ID33","Untreated","FGF-23","Q9GZV9","OID00507",7.0613522153754,1.76130084855249,0.025,"Pass","Example_Data_14_INFI.csv"
"B23","ID34","Untreated","FGF-23","Q9GZV9","OID00507",11.5697888037358,1.76130084855249,0.025,"Pass","Example_Data_14_INFI.csv"
"B26","ID35","Untreated","FGF-23","Q9GZV9","OID00507",9.98301919269623,1.76130084855249,0.025,"Pass","Example_Data_14_INFI.csv"
"B29","ID36","Untreated","FGF-23","Q9GZV9","OID00507",7.75862782488243,1.76130084855249,0.025,"Pass","Example_Data_14_INFI.csv"
"B32","ID37","Treated","FGF-23","Q9GZV9","OID00507",14.5910381620398,1.76130084855249,0.025,"Pass","Example_Data_14_INFI.csv"
"B35","ID38","Treated","FGF-23","Q9GZV9","OID00507",5.32179431241446,1.76130084855249,0.025,"Pass","Example_Data_14_INFI.csv"
"B38","ID39","Untreated","FGF-23","Q9GZV9","OID00507",9.91211040488131,1.76130084855249,0.025,"Pass","Example_Data_14_INFI.csv"
"B41","ID40","Untreated","FGF-23","Q9GZV9","OID00507",8.83686187659986,1.76130084855249,0.025,"Pass","Example_Data_14_INFI.csv"
"B44","ID41","Untreated","FGF-23","Q9GZV9","OID00507",7.84681730034606,1.76130084855249,0.025,"Pass","Example_Data_14_INFI.csv"
"B47","ID42","Treated","FGF-23","Q9GZV9","OID00507",10.2955171937565,1.76130084855249,0.025,"Pass","Example_Data_14_INFI.csv"
"B50","ID43","Treated","FGF-23","Q9GZV9","OID00507",11.3573292537645,1.76130084855249,0.025,"Pass","Example_Data_14_INFI.csv"
"B53","ID44","Treated","FGF-23","Q9GZV9","OID00507",7.35447836364477,1.76130084855249,0.025,"Pass","Example_Data_14_INFI.csv"
"B56","ID45","Treated","FGF-23","Q9GZV9","OID00507",4.19634381279273,1.76130084855249,0.025,"Pass","Example_Data_14_INFI.csv"
"B59","ID46","Treated","FGF-23","Q9GZV9","OID00507",3.51683243254021,1.76130084855249,0.025,"Pass","Example_Data_14_INFI.csv"
"B62","ID47","Treated","FGF-23","Q9GZV9","OID00507",6.56720218062069,1.76130084855249,0.025,"Pass","Example_Data_14_INFI.csv"
"B65","ID48","Treated","FGF-23","Q9GZV9","OID00507",5.22015683040656,1.76130084855249,0.025,"Pass","Example_Data_14_INFI.csv"
"B68","ID49","Treated","FGF-23","Q9GZV9","OID00507",10.5285256630325,1.76130084855249,0.025,"Pass","Example_Data_14_INFI.csv"
"B71","ID50","Treated","FGF-23","Q9GZV9","OID00507",10.147165917316,1.76130084855249,0.025,"Pass","Example_Data_14_INFI.csv"
"B74","ID51","Untreated","FGF-23","Q9GZV9","OID00507",10.1501120498136,1.76130084855249,0.025,"Pass","Example_Data_14_INFI.csv"
"B77","ID52","Treated","FGF-23","Q9GZV9","OID00507",15.2497449802644,1.76130084855249,0.025,"Pass","Example_Data_14_INFI.csv"
"A1","ID1","Untreated","IL-10RA","Q13651","OID00508",5.28381833433663,0.108010809158567,0.025,"Pass","Example_Data_13_INFI.csv"
"A4","ID2","Untreated","IL-10RA","Q13651","OID00508",3.37321199878824,0.108010809158567,0.025,"Pass","Example_Data_13_INFI.csv"
"A7","ID3","Untreated","IL-10RA","Q13651","OID00508",5.20943414888631,0.108010809158567,0.025,"Pass","Example_Data_13_INFI.csv"
"A10","ID4","Untreated","IL-10RA","Q13651","OID00508",2.10972482111226,0.108010809158567,0.025,"Pass","Example_Data_13_INFI.csv"
"A13","ID5","Untreated","IL-10RA","Q13651","OID00508",4.73835977678125,0.108010809158567,0.025,"Pass","Example_Data_13_INFI.csv"
"A16","ID6","Treated","IL-10RA","Q13651","OID00508",4.3317311464728,0.108010809158567,0.025,"Pass","Example_Data_13_INFI.csv"
"A19","ID7","Untreated","IL-10RA","Q13651","OID00508",4.14556612275291,0.108010809158567,0.025,"Pass","Example_Data_13_INFI.csv"
"A22","ID8","Treated","IL-10RA","Q13651","OID00508",3.84250011951254,0.108010809158567,0.025,"Pass","Example_Data_13_INFI.csv"
"A25","ID9","Untreated","IL-10RA","Q13651","OID00508",2.6360063131492,0.108010809158567,0.025,"Pass","Example_Data_13_INFI.csv"
"A28","ID10","Treated","IL-10RA","Q13651","OID00508",4.13720644665099,0.108010809158567,0.025,"Pass","Example_Data_13_INFI.csv"
"A31","ID11","Treated","IL-10RA","Q13651","OID00508",4.15318033718722,0.108010809158567,0.025,"Pass","Example_Data_13_INFI.csv"
"A37","ID13","Untreated","IL-10RA","Q13651","OID00508",3.48475546815113,0.108010809158567,0.025,"Pass","Example_Data_13_INFI.csv"
"A40","ID14","Untreated","IL-10RA","Q13651","OID00508",5.8183942743833,0.108010809158567,0.025,"Pass","Example_Data_13_INFI.csv"
"A43","ID15","Treated","IL-10RA","Q13651","OID00508",7.09281897348138,0.108010809158567,0.025,"Pass","Example_Data_13_INFI.csv"
"A46","ID16","Untreated","IL-10RA","Q13651","OID00508",2.7465119923548,0.108010809158567,0.025,"Pass","Example_Data_13_INFI.csv"
"A49","ID17","Untreated","IL-10RA","Q13651","OID00508",4.89764167050163,0.108010809158567,0.025,"Pass","Example_Data_13_INFI.csv"
"A52","ID18","Treated","IL-10RA","Q13651","OID00508",4.89175903505343,0.108010809158567,0.025,"Pass","Example_Data_13_INFI.csv"
"A55","ID19","Treated","IL-10RA","Q13651","OID00508",1.58309771346345,0.108010809158567,0.025,"Pass","Example_Data_13_INFI.csv"
"A58","ID20","Untreated","IL-10RA","Q13651","OID00508",5.50665388790081,0.108010809158567,0.025,"Pass","Example_Data_13_INFI.csv"
"A61","ID21","Untreated","IL-10RA","Q13651","OID00508",6.36390694244269,0.108010809158567,0.025,"Pass","Example_Data_13_INFI.csv"
"A64","ID22","Untreated","IL-10RA","Q13651","OID00508",5.86169622751604,0.108010809158567,0.025,"Pass","Example_Data_13_INFI.csv"
"A67","ID23","Treated","IL-10RA","Q13651","OID00508",1.32832615063917,0.108010809158567,0.025,"Pass","Example_Data_13_INFI.csv"
"A70","ID24","Untreated","IL-10RA","Q13651","OID00508",3.98353025397717,0.108010809158567,0.025,"Pass","Example_Data_13_INFI.csv"
"A73","ID25","Untreated","IL-10RA","Q13651","OID00508",2.86805391938142,0.108010809158567,0.025,"Pass","Example_Data_13_INFI.csv"
"A76","ID26","Untreated","IL-10RA","Q13651","OID00508",-0.726720317594682,0.108010809158567,0.025,"Pass","Example_Data_13_INFI.csv"
"B2","ID27","Treated","IL-10RA","Q13651","OID00508",3.38302654402265,0.108010809158567,0.025,"Pass","Example_Data_14_INFI.csv"
"B5","ID28","Treated","IL-10RA","Q13651","OID00508",3.70723023570449,0.108010809158567,0.025,"Pass","Example_Data_14_INFI.csv"
"B8","ID29","Untreated","IL-10RA","Q13651","OID00508",2.57387238745068,0.108010809158567,0.025,"Pass","Example_Data_14_INFI.csv"
"B11","ID30","Untreated","IL-10RA","Q13651","OID00508",3.99678320545329,0.108010809158567,0.025,"Pass","Example_Data_14_INFI.csv"
"B14","ID31","Untreated","IL-10RA","Q13651","OID00508",1.45066520012649,0.108010809158567,0.025,"Pass","Example_Data_14_INFI.csv"
"B17","ID32","Treated","IL-10RA","Q13651","OID00508",3.46053828472809,0.108010809158567,0.025,"Pass","Example_Data_14_INFI.csv"
"B20","ID33","Untreated","IL-10RA","Q13651","OID00508",4.23684051117166,0.108010809158567,0.025,"Pass","Example_Data_14_INFI.csv"
"B23","ID34","Untreated","IL-10RA","Q13651","OID00508",7.09035447002703,0.108010809158567,0.025,"Pass","Example_Data_14_INFI.csv"
"B26","ID35","Untreated","IL-10RA","Q13651","OID00508",0.173378260465741,0.108010809158567,0.025,"Pass","Example_Data_14_INFI.csv"
"B29","ID36","Untreated","IL-10RA","Q13651","OID00508",6.46467280769733,0.108010809158567,0.025,"Pass","Example_Data_14_INFI.csv"
"B32","ID37","Treated","IL-10RA","Q13651","OID00508",5.83409783162825,0.108010809158567,0.025,"Pass","Example_Data_14_INFI.csv"
"B35","ID38","Treated","IL-10RA","Q13651","OID00508",0.964542788831304,0.108010809158567,0.025,"Pass","Example_Data_14_INFI.csv"
"B38","ID39","Untreated","IL-10RA","Q13651","OID00508",6.44865086684444,0.108010809158567,0.025,"Pass","Example_Data_14_INFI.csv"
"B41","ID40","Untreated","IL-10RA","Q13651","OID00508",2.24754252165337,0.108010809158567,0.025,"Pass","Example_Data_14_INFI.csv"
"B44","ID41","Untreated","IL-10RA","Q13651","OID00508",1.81661399359529,0.108010809158567,0.025,"Pass","Example_Data_14_INFI.csv"
"B47","ID42","Treated","IL-10RA","Q13651","OID00508",6.55521688545919,0.108010809158567,0.025,"Pass","Example_Data_14_INFI.csv"
"B50","ID43","Treated","IL-10RA","Q13651","OID00508",1.88843497568049,0.108010809158567,0.025,"Pass","Example_Data_14_INFI.csv"
"B53","ID44","Treated","IL-10RA","Q13651","OID00508",4.56718150099672,0.108010809158567,0.025,"Pass","Example_Data_14_INFI.csv"
"B56","ID45","Treated","IL-10RA","Q13651","OID00508",4.2056864947991,0.108010809158567,0.025,"Pass","Example_Data_14_INFI.csv"
"B59","ID46","Treated","IL-10RA","Q13651","OID00508",3.96469209333317,0.108010809158567,0.025,"Pass","Example_Data_14_INFI.csv"
"B62","ID47","Treated","IL-10RA","Q13651","OID00508",5.65313303744436,0.108010809158567,0.025,"Pass","Example_Data_14_INFI.csv"
"B65","ID48","Treated","IL-10RA","Q13651","OID00508",2.17158459267959,0.108010809158567,0.025,"Pass","Example_Data_14_INFI.csv"
"B68","ID49","Treated","IL-10RA","Q13651","OID00508",3.10056354129562,0.108010809158567,0.025,"Pass","Example_Data_14_INFI.csv"
"B71","ID50","Treated","IL-10RA","Q13651","OID00508",5.70121272527718,0.108010809158567,0.025,"Pass","Example_Data_14_INFI.csv"
"B74","ID51","Untreated","IL-10RA","Q13651","OID00508",0.528010341270973,0.108010809158567,0.025,"Pass","Example_Data_14_INFI.csv"
"B77","ID52","Treated","IL-10RA","Q13651","OID00508",5.80123888215451,0.108010809158567,0.025,"Pass","Example_Data_14_INFI.csv"
"A1","ID1","Untreated","FGF-5","Q8NF90","OID00509",13.3719683915868,0.0904943247907797,0.0125,"Pass","Example_Data_13_INFI.csv"
"A4","ID2","Untreated","FGF-5","Q8NF90","OID00509",19.3189744076425,0.0904943247907797,0.0125,"Pass","Example_Data_13_INFI.csv"
"A7","ID3","Untreated","FGF-5","Q8NF90","OID00509",13.6935972032083,0.0904943247907797,0.0125,"Pass","Example_Data_13_INFI.csv"
"A10","ID4","Untreated","FGF-5","Q8NF90","OID00509",11.3305172406626,0.0904943247907797,0.0125,"Pass","Example_Data_13_INFI.csv"
"A13","ID5","Untreated","FGF-5","Q8NF90","OID00509",15.7658146358912,0.0904943247907797,0.0125,"Pass","Example_Data_13_INFI.csv"
"A16","ID6","Treated","FGF-5","Q8NF90","OID00509",7.21122784974491,0.0904943247907797,0.0125,"Pass","Example_Data_13_INFI.csv"
"A19","ID7","Untreated","FGF-5","Q8NF90","OID00509",16.3465043886125,0.0904943247907797,0.0125,"Pass","Example_Data_13_INFI.csv"
"A22","ID8","Treated","FGF-5","Q8NF90","OID00509",11.0668578096798,0.0904943247907797,0.0125,"Pass","Example_Data_13_INFI.csv"
"A25","ID9","Untreated","FGF-5","Q8NF90","OID00509",9.80464319912107,0.0904943247907797,0.0125,"Pass","Example_Data_13_INFI.csv"
"A28","ID10","Treated","FGF-5","Q8NF90","OID00509",2.92800753733699,0.0904943247907797,0.0125,"Pass","Example_Data_13_INFI.csv"
"A31","ID11","Treated","FGF-5","Q8NF90","OID00509",15.5253018515731,0.0904943247907797,0.0125,"Pass","Example_Data_13_INFI.csv"
"A37","ID13","Untreated","FGF-5","Q8NF90","OID00509",3.80293174161171,0.0904943247907797,0.0125,"Pass","Example_Data_13_INFI.csv"
"A40","ID14","Untreated","FGF-5","Q8NF90","OID00509",14.4209501183208,0.0904943247907797,0.0125,"Pass","Example_Data_13_INFI.csv"
"A43","ID15","Treated","FGF-5","Q8NF90","OID00509",6.63542999641914,0.0904943247907797,0.0125,"Pass","Example_Data_13_INFI.csv"
"A46","ID16","Untreated","FGF-5","Q8NF90","OID00509",12.8157949654671,0.0904943247907797,0.0125,"Pass","Example_Data_13_INFI.csv"
"A49","ID17","Untreated","FGF-5","Q8NF90","OID00509",5.3238976396098,0.0904943247907797,0.0125,"Pass","Example_Data_13_INFI.csv"
"A52","ID18","Treated","FGF-5","Q8NF90","OID00509",5.36429124638567,0.0904943247907797,0.0125,"Pass","Example_Data_13_INFI.csv"
"A55","ID19","Treated","FGF-5","Q8NF90","OID00509",12.2577431222156,0.0904943247907797,0.0125,"Pass","Example_Data_13_INFI.csv"
"A58","ID20","Untreated","FGF-5","Q8NF90","OID00509",11.1513571823843,0.0904943247907797,0.0125,"Pass","Example_Data_13_INFI.csv"
"A61","ID21","Untreated","FGF-5","Q8NF90","OID00509",6.70922309606748,0.0904943247907797,0.0125,"Pass","Example_Data_13_INFI.csv"
"A64","ID22","Untreated","FGF-5","Q8NF90","OID00509",4.44907395194654,0.0904943247907797,0.0125,"Pass","Example_Data_13_INFI.csv"
"A67","ID23","Treated","FGF-5","Q8NF90","OID00509",7.5979593575845,0.0904943247907797,0.0125,"Pass","Example_Data_13_INFI.csv"
"A70","ID24","Untreated","FGF-5","Q8NF90","OID00509",8.26248880854915,0.0904943247907797,0.0125,"Pass","Example_Data_13_INFI.csv"
"A73","ID25","Untreated","FGF-5","Q8NF90","OID00509",8.08823021890055,0.0904943247907797,0.0125,"Pass","Example_Data_13_INFI.csv"
"A76","ID26","Untreated","FGF-5","Q8NF90","OID00509",17.5897916247002,0.0904943247907797,0.0125,"Pass","Example_Data_13_INFI.csv"
"B2","ID27","Treated","FGF-5","Q8NF90","OID00509",16.6216432190183,0.0904943247907797,0.0125,"Pass","Example_Data_14_INFI.csv"
"B5","ID28","Treated","FGF-5","Q8NF90","OID00509",9.57159379004995,0.0904943247907797,0.0125,"Pass","Example_Data_14_INFI.csv"
"B8","ID29","Untreated","FGF-5","Q8NF90","OID00509",5.3778155215441,0.0904943247907797,0.0125,"Pass","Example_Data_14_INFI.csv"
"B11","ID30","Untreated","FGF-5","Q8NF90","OID00509",8.47429182746335,0.0904943247907797,0.0125,"Pass","Example_Data_14_INFI.csv"
"B14","ID31","Untreated","FGF-5","Q8NF90","OID00509",13.5477294618697,0.0904943247907797,0.0125,"Pass","Example_Data_14_INFI.csv"
"B17","ID32","Treated","FGF-5","Q8NF90","OID00509",16.138315399907,0.0904943247907797,0.0125,"Pass","Example_Data_14_INFI.csv"
"B20","ID33","Untreated","FGF-5","Q8NF90","OID00509",14.0979652513258,0.0904943247907797,0.0125,"Pass","Example_Data_14_INFI.csv"
"B23","ID34","Untreated","FGF-5","Q8NF90","OID00509",8.82439724701287,0.0904943247907797,0.0125,"Pass","Example_Data_14_INFI.csv"
"B26","ID35","Untreated","FGF-5","Q8NF90","OID00509",8.12300674960512,0.0904943247907797,0.0125,"Pass","Example_Data_14_INFI.csv"
"B29","ID36","Untreated","FGF-5","Q8NF90","OID00509",16.3051923173804,0.0904943247907797,0.0125,"Pass","Example_Data_14_INFI.csv"
"B32","ID37","Treated","FGF-5","Q8NF90","OID00509",4.79053637424075,0.0904943247907797,0.0125,"Pass","Example_Data_14_INFI.csv"
"B35","ID38","Treated","FGF-5","Q8NF90","OID00509",12.4868339078245,0.0904943247907797,0.0125,"Pass","Example_Data_14_INFI.csv"
"B38","ID39","Untreated","FGF-5","Q8NF90","OID00509",15.1783412679201,0.0904943247907797,0.0125,"Pass","Example_Data_14_INFI.csv"
"B41","ID40","Untreated","FGF-5","Q8NF90","OID00509",7.49051029501861,0.0904943247907797,0.0125,"Pass","Example_Data_14_INFI.csv"
"B44","ID41","Untreated","FGF-5","Q8NF90","OID00509",10.8200942586938,0.0904943247907797,0.0125,"Pass","Example_Data_14_INFI.csv"
"B47","ID42","Treated","FGF-5","Q8NF90","OID00509",6.10703725008367,0.0904943247907797,0.0125,"Pass","Example_Data_14_INFI.csv"
"B50","ID43","Treated","FGF-5","Q8NF90","OID00509",11.9907147438352,0.0904943247907797,0.0125,"Pass","Example_Data_14_INFI.csv"
"B53","ID44","Treated","FGF-5","Q8NF90","OID00509",17.2818883455926,0.0904943247907797,0.0125,"Pass","Example_Data_14_INFI.csv"
"B56","ID45","Treated","FGF-5","Q8NF90","OID00509",26.1763595725375,0.0904943247907797,0.0125,"Pass","Example_Data_14_INFI.csv"
"B59","ID46","Treated","FGF-5","Q8NF90","OID00509",5.52012165926477,0.0904943247907797,0.0125,"Pass","Example_Data_14_INFI.csv"
"B62","ID47","Treated","FGF-5","Q8NF90","OID00509",1.93926911418321,0.0904943247907797,0.0125,"Pass","Example_Data_14_INFI.csv"
"B65","ID48","Treated","FGF-5","Q8NF90","OID00509",2.96580506013696,0.0904943247907797,0.0125,"Pass","Example_Data_14_INFI.csv"
"B68","ID49","Treated","FGF-5","Q8NF90","OID00509",11.9362959978208,0.0904943247907797,0.0125,"Pass","Example_Data_14_INFI.csv"
"B71","ID50","Treated","FGF-5","Q8NF90","OID00509",0.940856488350486,0.0904943247907797,0.0125,"Pass","Example_Data_14_INFI.csv"
"B74","ID51","Untreated","FGF-5","Q8NF90","OID00509",15.9430622766864,0.0904943247907797,0.0125,"Pass","Example_Data_14_INFI.csv"
"B77","ID52","Treated","FGF-5","Q8NF90","OID00509",16.5636702038965,0.0904943247907797,0.0125,"Pass","Example_Data_14_INFI.csv"
"A1","ID1","Untreated","MMP-1","P03956","OID00510",3.16151471729817,0,0.04375,"Pass","Example_Data_13_INFI.csv"
"A4","ID2","Untreated","MMP-1","P03956","OID00510",0.707892896792959,0,0.04375,"Pass","Example_Data_13_INFI.csv"
"A7","ID3","Untreated","MMP-1","P03956","OID00510",2.86306993408063,0,0.04375,"Pass","Example_Data_13_INFI.csv"
"A10","ID4","Untreated","MMP-1","P03956","OID00510",-0.983741368624224,0,0.04375,"Pass","Example_Data_13_INFI.csv"
"A13","ID5","Untreated","MMP-1","P03956","OID00510",1.55028183799195,0,0.04375,"Pass","Example_Data_13_INFI.csv"
"A16","ID6","Treated","MMP-1","P03956","OID00510",0.240729803243576,0,0.04375,"Pass","Example_Data_13_INFI.csv"
"A19","ID7","Untreated","MMP-1","P03956","OID00510",2.80814666958012,0,0.04375,"Pass","Example_Data_13_INFI.csv"
"A22","ID8","Treated","MMP-1","P03956","OID00510",1.42475287325002,0,0.04375,"Pass","Example_Data_13_INFI.csv"
"A25","ID9","Untreated","MMP-1","P03956","OID00510",-0.110770294959966,0,0.04375,"Pass","Example_Data_13_INFI.csv"
"A28","ID10","Treated","MMP-1","P03956","OID00510",3.35817823303318,0,0.04375,"Pass","Example_Data_13_INFI.csv"
"A31","ID11","Treated","MMP-1","P03956","OID00510",2.1150074044901,0,0.04375,"Pass","Example_Data_13_INFI.csv"
"A37","ID13","Untreated","MMP-1","P03956","OID00510",1.35924584196591,0,0.04375,"Pass","Example_Data_13_INFI.csv"
"A40","ID14","Untreated","MMP-1","P03956","OID00510",2.39232660352343,0,0.04375,"Pass","Example_Data_13_INFI.csv"
"A43","ID15","Treated","MMP-1","P03956","OID00510",3.37203673362589,0,0.04375,"Pass","Example_Data_13_INFI.csv"
"A46","ID16","Untreated","MMP-1","P03956","OID00510",0.223463208250777,0,0.04375,"Pass","Example_Data_13_INFI.csv"
"A49","ID17","Untreated","MMP-1","P03956","OID00510",2.02983196887551,0,0.04375,"Pass","Example_Data_13_INFI.csv"
"A52","ID18","Treated","MMP-1","P03956","OID00510",2.29485029951208,0,0.04375,"Pass","Example_Data_13_INFI.csv"
"A55","ID19","Treated","MMP-1","P03956","OID00510",1.22869515021704,0,0.04375,"Pass","Example_Data_13_INFI.csv"
"A58","ID20","Untreated","MMP-1","P03956","OID00510",0.497679289100326,0,0.04375,"Pass","Example_Data_13_INFI.csv"
"A61","ID21","Untreated","MMP-1","P03956","OID00510",2.49738196012056,0,0.04375,"Pass","Example_Data_13_INFI.csv"
"A64","ID22","Untreated","MMP-1","P03956","OID00510",0.156239400222676,0,0.04375,"Pass","Example_Data_13_INFI.csv"
"A67","ID23","Treated","MMP-1","P03956","OID00510",0.58026211089448,0,0.04375,"Pass","Example_Data_13_INFI.csv"
"A70","ID24","Untreated","MMP-1","P03956","OID00510",0.604866025942935,0,0.04375,"Pass","Example_Data_13_INFI.csv"
"A73","ID25","Untreated","MMP-1","P03956","OID00510",3.13842480490502,0,0.04375,"Pass","Example_Data_13_INFI.csv"
"A76","ID26","Untreated","MMP-1","P03956","OID00510",2.2091594282588,0,0.04375,"Pass","Example_Data_13_INFI.csv"
"B2","ID27","Treated","MMP-1","P03956","OID00510",0.307167978087918,0,0.04375,"Pass","Example_Data_14_INFI.csv"
"B5","ID28","Treated","MMP-1","P03956","OID00510",2.80616285192684,0,0.04375,"Pass","Example_Data_14_INFI.csv"
"B8","ID29","Untreated","MMP-1","P03956","OID00510",2.57907087086452,0,0.04375,"Pass","Example_Data_14_INFI.csv"
"B11","ID30","Untreated","MMP-1","P03956","OID00510",1.68402639898442,0,0.04375,"Pass","Example_Data_14_INFI.csv"
"B14","ID31","Untreated","MMP-1","P03956","OID00510",0.621197603070469,0,0.04375,"Pass","Example_Data_14_INFI.csv"
"B17","ID32","Treated","MMP-1","P03956","OID00510",1.06414287327001,0,0.04375,"Pass","Example_Data_14_INFI.csv"
"B20","ID33","Untreated","MMP-1","P03956","OID00510",2.66516171886429,0,0.04375,"Pass","Example_Data_14_INFI.csv"
"B23","ID34","Untreated","MMP-1","P03956","OID00510",1.86271380561949,0,0.04375,"Pass","Example_Data_14_INFI.csv"
"B26","ID35","Untreated","MMP-1","P03956","OID00510",2.23085566620987,0,0.04375,"Pass","Example_Data_14_INFI.csv"
"B29","ID36","Untreated","MMP-1","P03956","OID00510",2.54814068081761,0,0.04375,"Pass","Example_Data_14_INFI.csv"
"B32","ID37","Treated","MMP-1","P03956","OID00510",0.593502329666639,0,0.04375,"Pass","Example_Data_14_INFI.csv"
"B35","ID38","Treated","MMP-1","P03956","OID00510",2.75048818857213,0,0.04375,"Pass","Example_Data_14_INFI.csv"
"B38","ID39","Untreated","MMP-1","P03956","OID00510",1.57630449495155,0,0.04375,"Pass","Example_Data_14_INFI.csv"
"B41","ID40","Untreated","MMP-1","P03956","OID00510",2.30538740260128,0,0.04375,"Pass","Example_Data_14_INFI.csv"
"B44","ID41","Untreated","MMP-1","P03956","OID00510",2.47954780569953,0,0.04375,"Pass","Example_Data_14_INFI.csv"
"B47","ID42","Treated","MMP-1","P03956","OID00510",0.944379775935589,0,0.04375,"Pass","Example_Data_14_INFI.csv"
"B50","ID43","Treated","MMP-1","P03956","OID00510",1.97590221130867,0,0.04375,"Pass","Example_Data_14_INFI.csv"
"B53","ID44","Treated","MMP-1","P03956","OID00510",1.34156273484562,0,0.04375,"Pass","Example_Data_14_INFI.csv"
"B56","ID45","Treated","MMP-1","P03956","OID00510",0.881126632025785,0,0.04375,"Pass","Example_Data_14_INFI.csv"
"B59","ID46","Treated","MMP-1","P03956","OID00510",0.353199210279722,0,0.04375,"Pass","Example_Data_14_INFI.csv"
"B62","ID47","Treated","MMP-1","P03956","OID00510",1.6171029560661,0,0.04375,"Pass","Example_Data_14_INFI.csv"
"B65","ID48","Treated","MMP-1","P03956","OID00510",2.9419903883717,0,0.04375,"Pass","Example_Data_14_INFI.csv"
"B68","ID49","Treated","MMP-1","P03956","OID00510",2.09376119056332,0,0.04375,"Pass","Example_Data_14_INFI.csv"
"B71","ID50","Treated","MMP-1","P03956","OID00510",2.83143688629346,0,0.04375,"Pass","Example_Data_14_INFI.csv"
"B74","ID51","Untreated","MMP-1","P03956","OID00510",1.00749959260384,0,0.04375,"Pass","Example_Data_14_INFI.csv"
"B77","ID52","Treated","MMP-1","P03956","OID00510",1.57118824087179,0,0.04375,"Pass","Example_Data_14_INFI.csv"
"A1","ID1","Untreated","LIF-R","P42702","OID00511",14.750846098055,0.055933058424853,0.025,"Pass","Example_Data_13_INFI.csv"
"A4","ID2","Untreated","LIF-R","P42702","OID00511",12.4630280494811,0.055933058424853,0.025,"Pass","Example_Data_13_INFI.csv"
"A7","ID3","Untreated","LIF-R","P42702","OID00511",11.2501460284654,0.055933058424853,0.025,"Pass","Example_Data_13_INFI.csv"
"A10","ID4","Untreated","LIF-R","P42702","OID00511",7.0761107973711,0.055933058424853,0.025,"Pass","Example_Data_13_INFI.csv"
"A13","ID5","Untreated","LIF-R","P42702","OID00511",6.80936922827903,0.055933058424853,0.025,"Pass","Example_Data_13_INFI.csv"
"A16","ID6","Treated","LIF-R","P42702","OID00511",10.116980079152,0.055933058424853,0.025,"Pass","Example_Data_13_INFI.csv"
"A19","ID7","Untreated","LIF-R","P42702","OID00511",14.906700257451,0.055933058424853,0.025,"Pass","Example_Data_13_INFI.csv"
"A22","ID8","Treated","LIF-R","P42702","OID00511",13.4971645206477,0.055933058424853,0.025,"Pass","Example_Data_13_INFI.csv"
"A25","ID9","Untreated","LIF-R","P42702","OID00511",7.03569026564975,0.055933058424853,0.025,"Pass","Example_Data_13_INFI.csv"
"A28","ID10","Treated","LIF-R","P42702","OID00511",20.3733398048335,0.055933058424853,0.025,"Pass","Example_Data_13_INFI.csv"
"A31","ID11","Treated","LIF-R","P42702","OID00511",14.6483383500148,0.055933058424853,0.025,"Pass","Example_Data_13_INFI.csv"
"A37","ID13","Untreated","LIF-R","P42702","OID00511",11.356797777713,0.055933058424853,0.025,"Pass","Example_Data_13_INFI.csv"
"A40","ID14","Untreated","LIF-R","P42702","OID00511",7.94175873158545,0.055933058424853,0.025,"Pass","Example_Data_13_INFI.csv"
"A43","ID15","Treated","LIF-R","P42702","OID00511",10.0899633441192,0.055933058424853,0.025,"Pass","Example_Data_13_INFI.csv"
"A46","ID16","Untreated","LIF-R","P42702","OID00511",5.34365625409075,0.055933058424853,0.025,"Pass","Example_Data_13_INFI.csv"
"A49","ID17","Untreated","LIF-R","P42702","OID00511",7.98543706487927,0.055933058424853,0.025,"Pass","Example_Data_13_INFI.csv"
"A52","ID18","Treated","LIF-R","P42702","OID00511",10.6800466567891,0.055933058424853,0.025,"Pass","Example_Data_13_INFI.csv"
"A55","ID19","Treated","LIF-R","P42702","OID00511",7.53701621595638,0.055933058424853,0.025,"Pass","Example_Data_13_INFI.csv"
"A58","ID20","Untreated","LIF-R","P42702","OID00511",9.9086085033493,0.055933058424853,0.025,"Pass","Example_Data_13_INFI.csv"
"A61","ID21","Untreated","LIF-R","P42702","OID00511",4.72703124667612,0.055933058424853,0.025,"Pass","Example_Data_13_INFI.csv"
"A64","ID22","Untreated","LIF-R","P42702","OID00511",9.63373309223247,0.055933058424853,0.025,"Pass","Example_Data_13_INFI.csv"
"A67","ID23","Treated","LIF-R","P42702","OID00511",12.8301063930193,0.055933058424853,0.025,"Pass","Example_Data_13_INFI.csv"
"A70","ID24","Untreated","LIF-R","P42702","OID00511",13.6781320990348,0.055933058424853,0.025,"Pass","Example_Data_13_INFI.csv"
"A73","ID25","Untreated","LIF-R","P42702","OID00511",12.4469963416663,0.055933058424853,0.025,"Pass","Example_Data_13_INFI.csv"
"A76","ID26","Untreated","LIF-R","P42702","OID00511",8.26904061409649,0.055933058424853,0.025,"Pass","Example_Data_13_INFI.csv"
"B2","ID27","Treated","LIF-R","P42702","OID00511",8.11822460027279,0.055933058424853,0.025,"Pass","Example_Data_14_INFI.csv"
"B5","ID28","Treated","LIF-R","P42702","OID00511",9.77633738962399,0.055933058424853,0.025,"Pass","Example_Data_14_INFI.csv"
"B8","ID29","Untreated","LIF-R","P42702","OID00511",1.42057112296301,0.055933058424853,0.025,"Pass","Example_Data_14_INFI.csv"
"B11","ID30","Untreated","LIF-R","P42702","OID00511",13.6653598957276,0.055933058424853,0.025,"Pass","Example_Data_14_INFI.csv"
"B14","ID31","Untreated","LIF-R","P42702","OID00511",13.3578000392082,0.055933058424853,0.025,"Pass","Example_Data_14_INFI.csv"
"B17","ID32","Treated","LIF-R","P42702","OID00511",8.29216781022133,0.055933058424853,0.025,"Pass","Example_Data_14_INFI.csv"
"B20","ID33","Untreated","LIF-R","P42702","OID00511",4.50987452058015,0.055933058424853,0.025,"Pass","Example_Data_14_INFI.csv"
"B23","ID34","Untreated","LIF-R","P42702","OID00511",9.90488023010753,0.055933058424853,0.025,"Pass","Example_Data_14_INFI.csv"
"B26","ID35","Untreated","LIF-R","P42702","OID00511",7.71355151488094,0.055933058424853,0.025,"Pass","Example_Data_14_INFI.csv"
"B29","ID36","Untreated","LIF-R","P42702","OID00511",4.45128740569824,0.055933058424853,0.025,"Pass","Example_Data_14_INFI.csv"
"B32","ID37","Treated","LIF-R","P42702","OID00511",3.88826476768344,0.055933058424853,0.025,"Pass","Example_Data_14_INFI.csv"
"B35","ID38","Treated","LIF-R","P42702","OID00511",3.10700725099719,0.055933058424853,0.025,"Pass","Example_Data_14_INFI.csv"
"B38","ID39","Untreated","LIF-R","P42702","OID00511",-0.198288662941655,0.055933058424853,0.025,"Pass","Example_Data_14_INFI.csv"
"B41","ID40","Untreated","LIF-R","P42702","OID00511",7.7811828701806,0.055933058424853,0.025,"Pass","Example_Data_14_INFI.csv"
"B44","ID41","Untreated","LIF-R","P42702","OID00511",7.226523855241,0.055933058424853,0.025,"Pass","Example_Data_14_INFI.csv"
"B47","ID42","Treated","LIF-R","P42702","OID00511",0.787686803003744,0.055933058424853,0.025,"Pass","Example_Data_14_INFI.csv"
"B50","ID43","Treated","LIF-R","P42702","OID00511",11.1722239871927,0.055933058424853,0.025,"Pass","Example_Data_14_INFI.csv"
"B53","ID44","Treated","LIF-R","P42702","OID00511",13.7111883352048,0.055933058424853,0.025,"Pass","Example_Data_14_INFI.csv"
"B56","ID45","Treated","LIF-R","P42702","OID00511",8.25453128184766,0.055933058424853,0.025,"Pass","Example_Data_14_INFI.csv"
"B59","ID46","Treated","LIF-R","P42702","OID00511",4.69150761150793,0.055933058424853,0.025,"Pass","Example_Data_14_INFI.csv"
"B62","ID47","Treated","LIF-R","P42702","OID00511",6.64923732812521,0.055933058424853,0.025,"Pass","Example_Data_14_INFI.csv"
"B65","ID48","Treated","LIF-R","P42702","OID00511",13.6168656684351,0.055933058424853,0.025,"Pass","Example_Data_14_INFI.csv"
"B68","ID49","Treated","LIF-R","P42702","OID00511",9.0765513832872,0.055933058424853,0.025,"Pass","Example_Data_14_INFI.csv"
"B71","ID50","Treated","LIF-R","P42702","OID00511",2.31745463065162,0.055933058424853,0.025,"Pass","Example_Data_14_INFI.csv"
"B74","ID51","Untreated","LIF-R","P42702","OID00511",8.96207129992704,0.055933058424853,0.025,"Pass","Example_Data_14_INFI.csv"
"B77","ID52","Treated","LIF-R","P42702","OID00511",11.7090368094333,0.055933058424853,0.025,"Pass","Example_Data_14_INFI.csv"
"A1","ID1","Untreated","FGF-21","Q9NSA1","OID00512",4.54189235090294,0,0.0625,"Pass","Example_Data_13_INFI.csv"
"A4","ID2","Untreated","FGF-21","Q9NSA1","OID00512",-0.109386450947074,0,0.0625,"Pass","Example_Data_13_INFI.csv"
"A7","ID3","Untreated","FGF-21","Q9NSA1","OID00512",1.41489205668861,0,0.0625,"Pass","Example_Data_13_INFI.csv"
"A10","ID4","Untreated","FGF-21","Q9NSA1","OID00512",2.89371522219903,0,0.0625,"Pass","Example_Data_13_INFI.csv"
"A13","ID5","Untreated","FGF-21","Q9NSA1","OID00512",0.212353270333701,0,0.0625,"Pass","Example_Data_13_INFI.csv"
"A16","ID6","Treated","FGF-21","Q9NSA1","OID00512",3.17369901685467,0,0.0625,"Pass","Example_Data_13_INFI.csv"
"A19","ID7","Untreated","FGF-21","Q9NSA1","OID00512",2.81023109647567,0,0.0625,"Pass","Example_Data_13_INFI.csv"
"A22","ID8","Treated","FGF-21","Q9NSA1","OID00512",0.694831366515231,0,0.0625,"Pass","Example_Data_13_INFI.csv"
"A25","ID9","Untreated","FGF-21","Q9NSA1","OID00512",1.85515020622362,0,0.0625,"Pass","Example_Data_13_INFI.csv"
"A28","ID10","Treated","FGF-21","Q9NSA1","OID00512",1.03154975108813,0,0.0625,"Pass","Example_Data_13_INFI.csv"
"A31","ID11","Treated","FGF-21","Q9NSA1","OID00512",-0.371171992422648,0,0.0625,"Pass","Example_Data_13_INFI.csv"
"A37","ID13","Untreated","FGF-21","Q9NSA1","OID00512",1.90896883574322,0,0.0625,"Pass","Example_Data_13_INFI.csv"
"A40","ID14","Untreated","FGF-21","Q9NSA1","OID00512",2.82080404884491,0,0.0625,"Pass","Example_Data_13_INFI.csv"
"A43","ID15","Treated","FGF-21","Q9NSA1","OID00512",2.65662324613674,0,0.0625,"Pass","Example_Data_13_INFI.csv"
"A46","ID16","Untreated","FGF-21","Q9NSA1","OID00512",1.70793692787964,0,0.0625,"Pass","Example_Data_13_INFI.csv"
"A49","ID17","Untreated","FGF-21","Q9NSA1","OID00512",1.31538933320898,0,0.0625,"Pass","Example_Data_13_INFI.csv"
"A52","ID18","Treated","FGF-21","Q9NSA1","OID00512",1.93213849231794,0,0.0625,"Pass","Example_Data_13_INFI.csv"
"A55","ID19","Treated","FGF-21","Q9NSA1","OID00512",1.63331977503374,0,0.0625,"Pass","Example_Data_13_INFI.csv"
"A58","ID20","Untreated","FGF-21","Q9NSA1","OID00512",3.59418335671964,0,0.0625,"Pass","Example_Data_13_INFI.csv"
"A61","ID21","Untreated","FGF-21","Q9NSA1","OID00512",1.57575913680988,0,0.0625,"Pass","Example_Data_13_INFI.csv"
"A64","ID22","Untreated","FGF-21","Q9NSA1","OID00512",1.97821545555209,0,0.0625,"Pass","Example_Data_13_INFI.csv"
"A67","ID23","Treated","FGF-21","Q9NSA1","OID00512",2.1684481492875,0,0.0625,"Pass","Example_Data_13_INFI.csv"
"A70","ID24","Untreated","FGF-21","Q9NSA1","OID00512",2.63753776704892,0,0.0625,"Pass","Example_Data_13_INFI.csv"
"A73","ID25","Untreated","FGF-21","Q9NSA1","OID00512",1.15112649298125,0,0.0625,"Pass","Example_Data_13_INFI.csv"
"A76","ID26","Untreated","FGF-21","Q9NSA1","OID00512",0.495145729201288,0,0.0625,"Pass","Example_Data_13_INFI.csv"
"B2","ID27","Treated","FGF-21","Q9NSA1","OID00512",2.36862577840419,0,0.0625,"Pass","Example_Data_14_INFI.csv"
"B5","ID28","Treated","FGF-21","Q9NSA1","OID00512",4.43347626222184,0,0.0625,"Pass","Example_Data_14_INFI.csv"
"B8","ID29","Untreated","FGF-21","Q9NSA1","OID00512",2.78183453054496,0,0.0625,"Pass","Example_Data_14_INFI.csv"
"B11","ID30","Untreated","FGF-21","Q9NSA1","OID00512",2.35816598512371,0,0.0625,"Pass","Example_Data_14_INFI.csv"
"B14","ID31","Untreated","FGF-21","Q9NSA1","OID00512",2.65429885912283,0,0.0625,"Pass","Example_Data_14_INFI.csv"
"B17","ID32","Treated","FGF-21","Q9NSA1","OID00512",3.89992256626868,0,0.0625,"Pass","Example_Data_14_INFI.csv"
"B20","ID33","Untreated","FGF-21","Q9NSA1","OID00512",3.82064232754169,0,0.0625,"Pass","Example_Data_14_INFI.csv"
"B23","ID34","Untreated","FGF-21","Q9NSA1","OID00512",2.31183044917353,0,0.0625,"Pass","Example_Data_14_INFI.csv"
"B26","ID35","Untreated","FGF-21","Q9NSA1","OID00512",4.32019312770861,0,0.0625,"Pass","Example_Data_14_INFI.csv"
"B29","ID36","Untreated","FGF-21","Q9NSA1","OID00512",1.8413169194178,0,0.0625,"Pass","Example_Data_14_INFI.csv"
"B32","ID37","Treated","FGF-21","Q9NSA1","OID00512",1.01931623588754,0,0.0625,"Pass","Example_Data_14_INFI.csv"
"B35","ID38","Treated","FGF-21","Q9NSA1","OID00512",0.710246891051478,0,0.0625,"Pass","Example_Data_14_INFI.csv"
"B38","ID39","Untreated","FGF-21","Q9NSA1","OID00512",3.24709381387823,0,0.0625,"Pass","Example_Data_14_INFI.csv"
"B41","ID40","Untreated","FGF-21","Q9NSA1","OID00512",1.50214945200879,0,0.0625,"Pass","Example_Data_14_INFI.csv"
"B44","ID41","Untreated","FGF-21","Q9NSA1","OID00512",1.94914466197009,0,0.0625,"Pass","Example_Data_14_INFI.csv"
"B47","ID42","Treated","FGF-21","Q9NSA1","OID00512",3.41337624527316,0,0.0625,"Pass","Example_Data_14_INFI.csv"
"B50","ID43","Treated","FGF-21","Q9NSA1","OID00512",1.36478073092431,0,0.0625,"Pass","Example_Data_14_INFI.csv"
"B53","ID44","Treated","FGF-21","Q9NSA1","OID00512",2.32864461655678,0,0.0625,"Pass","Example_Data_14_INFI.csv"
"B56","ID45","Treated","FGF-21","Q9NSA1","OID00512",-1.17289932058755,0,0.0625,"Pass","Example_Data_14_INFI.csv"
"B59","ID46","Treated","FGF-21","Q9NSA1","OID00512",1.12474399628146,0,0.0625,"Pass","Example_Data_14_INFI.csv"
"B62","ID47","Treated","FGF-21","Q9NSA1","OID00512",2.64226712194148,0,0.0625,"Pass","Example_Data_14_INFI.csv"
"B65","ID48","Treated","FGF-21","Q9NSA1","OID00512",1.48154021681916,0,0.0625,"Pass","Example_Data_14_INFI.csv"
"B68","ID49","Treated","FGF-21","Q9NSA1","OID00512",1.4052771971216,0,0.0625,"Pass","Example_Data_14_INFI.csv"
"B71","ID50","Treated","FGF-21","Q9NSA1","OID00512",3.15162935686086,0,0.0625,"Pass","Example_Data_14_INFI.csv"
"B74","ID51","Untreated","FGF-21","Q9NSA1","OID00512",4.37219901149268,0,0.0625,"Pass","Example_Data_14_INFI.csv"
"B77","ID52","Treated","FGF-21","Q9NSA1","OID00512",1.86117742117234,0,0.0625,"Pass","Example_Data_14_INFI.csv"
"A1","ID1","Untreated","CCL19","Q99731","OID00513",2.05585577092292,0,0.0125,"Pass","Example_Data_13_INFI.csv"
"A4","ID2","Untreated","CCL19","Q99731","OID00513",2.13626216191201,0,0.0125,"Pass","Example_Data_13_INFI.csv"
"A7","ID3","Untreated","CCL19","Q99731","OID00513",3.79703738693492,0,0.0125,"Pass","Example_Data_13_INFI.csv"
"A10","ID4","Untreated","CCL19","Q99731","OID00513",1.98257952227447,0,0.0125,"Pass","Example_Data_13_INFI.csv"
"A13","ID5","Untreated","CCL19","Q99731","OID00513",2.93138194729741,0,0.0125,"Pass","Example_Data_13_INFI.csv"
"A16","ID6","Treated","CCL19","Q99731","OID00513",2.96821664123459,0,0.0125,"Pass","Example_Data_13_INFI.csv"
"A19","ID7","Untreated","CCL19","Q99731","OID00513",2.56243219815377,0,0.0125,"Pass","Example_Data_13_INFI.csv"
"A22","ID8","Treated","CCL19","Q99731","OID00513",3.67931653153221,0,0.0125,"Pass","Example_Data_13_INFI.csv"
"A25","ID9","Untreated","CCL19","Q99731","OID00513",-0.251916951886917,0,0.0125,"Pass","Example_Data_13_INFI.csv"
"A28","ID10","Treated","CCL19","Q99731","OID00513",2.10018458325911,0,0.0125,"Pass","Example_Data_13_INFI.csv"
"A31","ID11","Treated","CCL19","Q99731","OID00513",2.87376242082979,0,0.0125,"Pass","Example_Data_13_INFI.csv"
"A37","ID13","Untreated","CCL19","Q99731","OID00513",1.98824850139822,0,0.0125,"Pass","Example_Data_13_INFI.csv"
"A40","ID14","Untreated","CCL19","Q99731","OID00513",3.78820488635767,0,0.0125,"Pass","Example_Data_13_INFI.csv"
"A43","ID15","Treated","CCL19","Q99731","OID00513",2.59617707691718,0,0.0125,"Pass","Example_Data_13_INFI.csv"
"A46","ID16","Untreated","CCL19","Q99731","OID00513",2.84421312574017,0,0.0125,"Pass","Example_Data_13_INFI.csv"
"A49","ID17","Untreated","CCL19","Q99731","OID00513",1.48607516238403,0,0.0125,"Pass","Example_Data_13_INFI.csv"
"A52","ID18","Treated","CCL19","Q99731","OID00513",3.25779890119032,0,0.0125,"Pass","Example_Data_13_INFI.csv"
"A55","ID19","Treated","CCL19","Q99731","OID00513",4.99280621080346,0,0.0125,"Pass","Example_Data_13_INFI.csv"
"A58","ID20","Untreated","CCL19","Q99731","OID00513",2.31241991277579,0,0.0125,"Pass","Example_Data_13_INFI.csv"
"A61","ID21","Untreated","CCL19","Q99731","OID00513",1.53874833893917,0,0.0125,"Pass","Example_Data_13_INFI.csv"
"A64","ID22","Untreated","CCL19","Q99731","OID00513",3.21456341335267,0,0.0125,"Pass","Example_Data_13_INFI.csv"
"A67","ID23","Treated","CCL19","Q99731","OID00513",2.79932197362939,0,0.0125,"Pass","Example_Data_13_INFI.csv"
"A70","ID24","Untreated","CCL19","Q99731","OID00513",4.25785942300388,0,0.0125,"Pass","Example_Data_13_INFI.csv"
"A73","ID25","Untreated","CCL19","Q99731","OID00513",4.19346922649495,0,0.0125,"Pass","Example_Data_13_INFI.csv"
"A76","ID26","Untreated","CCL19","Q99731","OID00513",2.73298389613974,0,0.0125,"Pass","Example_Data_13_INFI.csv"
"B2","ID27","Treated","CCL19","Q99731","OID00513",1.63726737067463,0,0.0125,"Pass","Example_Data_14_INFI.csv"
"B5","ID28","Treated","CCL19","Q99731","OID00513",3.05850935673905,0,0.0125,"Pass","Example_Data_14_INFI.csv"
"B8","ID29","Untreated","CCL19","Q99731","OID00513",2.85797401439135,0,0.0125,"Pass","Example_Data_14_INFI.csv"
"B11","ID30","Untreated","CCL19","Q99731","OID00513",1.53996806019974,0,0.0125,"Pass","Example_Data_14_INFI.csv"
"B14","ID31","Untreated","CCL19","Q99731","OID00513",3.47180653246507,0,0.0125,"Pass","Example_Data_14_INFI.csv"
"B17","ID32","Treated","CCL19","Q99731","OID00513",3.65130404861739,0,0.0125,"Pass","Example_Data_14_INFI.csv"
"B20","ID33","Untreated","CCL19","Q99731","OID00513",2.64546896057548,0,0.0125,"Pass","Example_Data_14_INFI.csv"
"B23","ID34","Untreated","CCL19","Q99731","OID00513",4.58883489771768,0,0.0125,"Pass","Example_Data_14_INFI.csv"
"B26","ID35","Untreated","CCL19","Q99731","OID00513",3.1068689558206,0,0.0125,"Pass","Example_Data_14_INFI.csv"
"B29","ID36","Untreated","CCL19","Q99731","OID00513",4.26819961244765,0,0.0125,"Pass","Example_Data_14_INFI.csv"
"B32","ID37","Treated","CCL19","Q99731","OID00513",2.6537405957485,0,0.0125,"Pass","Example_Data_14_INFI.csv"
"B35","ID38","Treated","CCL19","Q99731","OID00513",3.70845443859853,0,0.0125,"Pass","Example_Data_14_INFI.csv"
"B38","ID39","Untreated","CCL19","Q99731","OID00513",3.2163528203268,0,0.0125,"Pass","Example_Data_14_INFI.csv"
"B41","ID40","Untreated","CCL19","Q99731","OID00513",5.67974432252046,0,0.0125,"Pass","Example_Data_14_INFI.csv"
"B44","ID41","Untreated","CCL19","Q99731","OID00513",1.65552216070268,0,0.0125,"Pass","Example_Data_14_INFI.csv"
"B47","ID42","Treated","CCL19","Q99731","OID00513",1.01489162709009,0,0.0125,"Pass","Example_Data_14_INFI.csv"
"B50","ID43","Treated","CCL19","Q99731","OID00513",0.867962749758393,0,0.0125,"Pass","Example_Data_14_INFI.csv"
"B53","ID44","Treated","CCL19","Q99731","OID00513",3.55599741094733,0,0.0125,"Pass","Example_Data_14_INFI.csv"
"B56","ID45","Treated","CCL19","Q99731","OID00513",4.3673015475977,0,0.0125,"Pass","Example_Data_14_INFI.csv"
"B59","ID46","Treated","CCL19","Q99731","OID00513",1.23941956944545,0,0.0125,"Pass","Example_Data_14_INFI.csv"
"B62","ID47","Treated","CCL19","Q99731","OID00513",2.40050810723657,0,0.0125,"Pass","Example_Data_14_INFI.csv"
"B65","ID48","Treated","CCL19","Q99731","OID00513",3.27414736432275,0,0.0125,"Pass","Example_Data_14_INFI.csv"
"B68","ID49","Treated","CCL19","Q99731","OID00513",4.15407810122769,0,0.0125,"Pass","Example_Data_14_INFI.csv"
"B71","ID50","Treated","CCL19","Q99731","OID00513",4.51904825581871,0,0.0125,"Pass","Example_Data_14_INFI.csv"
"B74","ID51","Untreated","CCL19","Q99731","OID00513",1.71633850548427,0,0.0125,"Pass","Example_Data_14_INFI.csv"
"B77","ID52","Treated","CCL19","Q99731","OID00513",4.28377181981556,0,0.0125,"Pass","Example_Data_14_INFI.csv"
"A1","ID1","Untreated","IL-15RA","Q13261","OID00514",5.17347664951285,1.02768828509202,0.1,"Pass","Example_Data_13_INFI.csv"
"A4","ID2","Untreated","IL-15RA","Q13261","OID00514",2.01500460960236,1.02768828509202,0.1,"Pass","Example_Data_13_INFI.csv"
"A7","ID3","Untreated","IL-15RA","Q13261","OID00514",-0.604500274265407,1.02768828509202,0.1,"Pass","Example_Data_13_INFI.csv"
"A10","ID4","Untreated","IL-15RA","Q13261","OID00514",7.66096150231337,1.02768828509202,0.1,"Pass","Example_Data_13_INFI.csv"
"A13","ID5","Untreated","IL-15RA","Q13261","OID00514",2.16237220383412,1.02768828509202,0.1,"Pass","Example_Data_13_INFI.csv"
"A16","ID6","Treated","IL-15RA","Q13261","OID00514",4.23689373441902,1.02768828509202,0.1,"Pass","Example_Data_13_INFI.csv"
"A19","ID7","Untreated","IL-15RA","Q13261","OID00514",4.36057652809825,1.02768828509202,0.1,"Pass","Example_Data_13_INFI.csv"
"A22","ID8","Treated","IL-15RA","Q13261","OID00514",4.01456672021017,1.02768828509202,0.1,"Pass","Example_Data_13_INFI.csv"
"A25","ID9","Untreated","IL-15RA","Q13261","OID00514",3.36171486908593,1.02768828509202,0.1,"Pass","Example_Data_13_INFI.csv"
"A28","ID10","Treated","IL-15RA","Q13261","OID00514",3.68274338970407,1.02768828509202,0.1,"Pass","Example_Data_13_INFI.csv"
"A31","ID11","Treated","IL-15RA","Q13261","OID00514",3.09520854252241,1.02768828509202,0.1,"Pass","Example_Data_13_INFI.csv"
"A37","ID13","Untreated","IL-15RA","Q13261","OID00514",4.90197325593203,1.02768828509202,0.1,"Pass","Example_Data_13_INFI.csv"
"A40","ID14","Untreated","IL-15RA","Q13261","OID00514",3.8369884562768,1.02768828509202,0.1,"Pass","Example_Data_13_INFI.csv"
"A43","ID15","Treated","IL-15RA","Q13261","OID00514",4.00712245789855,1.02768828509202,0.1,"Pass","Example_Data_13_INFI.csv"
"A46","ID16","Untreated","IL-15RA","Q13261","OID00514",2.14422281097351,1.02768828509202,0.1,"Pass","Example_Data_13_INFI.csv"
"A49","ID17","Untreated","IL-15RA","Q13261","OID00514",5.48329122362797,1.02768828509202,0.1,"Pass","Example_Data_13_INFI.csv"
"A52","ID18","Treated","IL-15RA","Q13261","OID00514",3.54458570134846,1.02768828509202,0.1,"Pass","Example_Data_13_INFI.csv"
"A55","ID19","Treated","IL-15RA","Q13261","OID00514",2.03598002304399,1.02768828509202,0.1,"Pass","Example_Data_13_INFI.csv"
"A58","ID20","Untreated","IL-15RA","Q13261","OID00514",0.654924461046668,1.02768828509202,0.1,"Pass","Example_Data_13_INFI.csv"
"A61","ID21","Untreated","IL-15RA","Q13261","OID00514",1.24560417823301,1.02768828509202,0.1,"Pass","Example_Data_13_INFI.csv"
"A64","ID22","Untreated","IL-15RA","Q13261","OID00514",3.20348690899934,1.02768828509202,0.1,"Pass","Example_Data_13_INFI.csv"
"A67","ID23","Treated","IL-15RA","Q13261","OID00514",5.53149198934328,1.02768828509202,0.1,"Pass","Example_Data_13_INFI.csv"
"A70","ID24","Untreated","IL-15RA","Q13261","OID00514",1.36418540071769,1.02768828509202,0.1,"Pass","Example_Data_13_INFI.csv"
"A73","ID25","Untreated","IL-15RA","Q13261","OID00514",4.1743870915708,1.02768828509202,0.1,"Pass","Example_Data_13_INFI.csv"
"A76","ID26","Untreated","IL-15RA","Q13261","OID00514",3.64060452868931,1.02768828509202,0.1,"Pass","Example_Data_13_INFI.csv"
"B2","ID27","Treated","IL-15RA","Q13261","OID00514",3.48714275520084,1.02768828509202,0.1,"Pass","Example_Data_14_INFI.csv"
"B5","ID28","Treated","IL-15RA","Q13261","OID00514",1.534363126844,1.02768828509202,0.1,"Pass","Example_Data_14_INFI.csv"
"B8","ID29","Untreated","IL-15RA","Q13261","OID00514",4.28842778462723,1.02768828509202,0.1,"Pass","Example_Data_14_INFI.csv"
"B11","ID30","Untreated","IL-15RA","Q13261","OID00514",1.17525789150611,1.02768828509202,0.1,"Pass","Example_Data_14_INFI.csv"
"B14","ID31","Untreated","IL-15RA","Q13261","OID00514",1.43996015649812,1.02768828509202,0.1,"Pass","Example_Data_14_INFI.csv"
"B17","ID32","Treated","IL-15RA","Q13261","OID00514",3.81924658921051,1.02768828509202,0.1,"Pass","Example_Data_14_INFI.csv"
"B20","ID33","Untreated","IL-15RA","Q13261","OID00514",3.58256101899115,1.02768828509202,0.1,"Pass","Example_Data_14_INFI.csv"
"B23","ID34","Untreated","IL-15RA","Q13261","OID00514",4.47689399325633,1.02768828509202,0.1,"Pass","Example_Data_14_INFI.csv"
"B26","ID35","Untreated","IL-15RA","Q13261","OID00514",1.9235501993635,1.02768828509202,0.1,"Pass","Example_Data_14_INFI.csv"
"B29","ID36","Untreated","IL-15RA","Q13261","OID00514",1.71929029305491,1.02768828509202,0.1,"Pass","Example_Data_14_INFI.csv"
"B32","ID37","Treated","IL-15RA","Q13261","OID00514",2.64568859423599,1.02768828509202,0.1,"Pass","Example_Data_14_INFI.csv"
"B35","ID38","Treated","IL-15RA","Q13261","OID00514",1.82220265393427,1.02768828509202,0.1,"Pass","Example_Data_14_INFI.csv"
"B38","ID39","Untreated","IL-15RA","Q13261","OID00514",5.08079393770001,1.02768828509202,0.1,"Pass","Example_Data_14_INFI.csv"
"B41","ID40","Untreated","IL-15RA","Q13261","OID00514",3.49085697774986,1.02768828509202,0.1,"Pass","Example_Data_14_INFI.csv"
"B44","ID41","Untreated","IL-15RA","Q13261","OID00514",3.65501502041703,1.02768828509202,0.1,"Pass","Example_Data_14_INFI.csv"
"B47","ID42","Treated","IL-15RA","Q13261","OID00514",2.23790267030594,1.02768828509202,0.1,"Pass","Example_Data_14_INFI.csv"
"B50","ID43","Treated","IL-15RA","Q13261","OID00514",1.11691094310487,1.02768828509202,0.1,"Pass","Example_Data_14_INFI.csv"
"B53","ID44","Treated","IL-15RA","Q13261","OID00514",0.790049013842838,1.02768828509202,0.1,"Pass","Example_Data_14_INFI.csv"
"B56","ID45","Treated","IL-15RA","Q13261","OID00514",4.48522411490269,1.02768828509202,0.1,"Pass","Example_Data_14_INFI.csv"
"B59","ID46","Treated","IL-15RA","Q13261","OID00514",3.78893860635396,1.02768828509202,0.1,"Pass","Example_Data_14_INFI.csv"
"B62","ID47","Treated","IL-15RA","Q13261","OID00514",2.25425364570034,1.02768828509202,0.1,"Pass","Example_Data_14_INFI.csv"
"B65","ID48","Treated","IL-15RA","Q13261","OID00514",4.66102743482759,1.02768828509202,0.1,"Pass","Example_Data_14_INFI.csv"
"B68","ID49","Treated","IL-15RA","Q13261","OID00514",0.474777408281384,1.02768828509202,0.1,"Pass","Example_Data_14_INFI.csv"
"B71","ID50","Treated","IL-15RA","Q13261","OID00514",5.3239085447512,1.02768828509202,0.1,"Pass","Example_Data_14_INFI.csv"
"B74","ID51","Untreated","IL-15RA","Q13261","OID00514",2.15774774368015,1.02768828509202,0.1,"Pass","Example_Data_14_INFI.csv"
"B77","ID52","Treated","IL-15RA","Q13261","OID00514",3.39737455181523,1.02768828509202,0.1,"Pass","Example_Data_14_INFI.csv"
"A1","ID1","Untreated","IL-10RB","Q08334","OID00515",5.52696696872034,1.6540009673452,0.06875,"Pass","Example_Data_13_INFI.csv"
"A4","ID2","Untreated","IL-10RB","Q08334","OID00515",1.77723305042129,1.6540009673452,0.06875,"Pass","Example_Data_13_INFI.csv"
"A7","ID3","Untreated","IL-10RB","Q08334","OID00515",6.44260571431472,1.6540009673452,0.06875,"Pass","Example_Data_13_INFI.csv"
"A10","ID4","Untreated","IL-10RB","Q08334","OID00515",14.1492242585405,1.6540009673452,0.06875,"Pass","Example_Data_13_INFI.csv"
"A13","ID5","Untreated","IL-10RB","Q08334","OID00515",7.83135276246882,1.6540009673452,0.06875,"Pass","Example_Data_13_INFI.csv"
"A16","ID6","Treated","IL-10RB","Q08334","OID00515",11.9598212249439,1.6540009673452,0.06875,"Pass","Example_Data_13_INFI.csv"
"A19","ID7","Untreated","IL-10RB","Q08334","OID00515",7.57772061224408,1.6540009673452,0.06875,"Pass","Example_Data_13_INFI.csv"
"A22","ID8","Treated","IL-10RB","Q08334","OID00515",8.94871800963331,1.6540009673452,0.06875,"Pass","Example_Data_13_INFI.csv"
"A25","ID9","Untreated","IL-10RB","Q08334","OID00515",14.0510418733402,1.6540009673452,0.06875,"Pass","Example_Data_13_INFI.csv"
"A28","ID10","Treated","IL-10RB","Q08334","OID00515",9.5925384461429,1.6540009673452,0.06875,"Pass","Example_Data_13_INFI.csv"
"A31","ID11","Treated","IL-10RB","Q08334","OID00515",11.8953490264005,1.6540009673452,0.06875,"Pass","Example_Data_13_INFI.csv"
"A37","ID13","Untreated","IL-10RB","Q08334","OID00515",8.81462209600993,1.6540009673452,0.06875,"Pass","Example_Data_13_INFI.csv"
"A40","ID14","Untreated","IL-10RB","Q08334","OID00515",5.14035724127685,1.6540009673452,0.06875,"Pass","Example_Data_13_INFI.csv"
"A43","ID15","Treated","IL-10RB","Q08334","OID00515",7.15015814427766,1.6540009673452,0.06875,"Pass","Example_Data_13_INFI.csv"
"A46","ID16","Untreated","IL-10RB","Q08334","OID00515",10.3065943008895,1.6540009673452,0.06875,"Pass","Example_Data_13_INFI.csv"
"A49","ID17","Untreated","IL-10RB","Q08334","OID00515",2.86191386811975,1.6540009673452,0.06875,"Pass","Example_Data_13_INFI.csv"
"A52","ID18","Treated","IL-10RB","Q08334","OID00515",14.8647454653974,1.6540009673452,0.06875,"Pass","Example_Data_13_INFI.csv"
"A55","ID19","Treated","IL-10RB","Q08334","OID00515",4.621524165678,1.6540009673452,0.06875,"Pass","Example_Data_13_INFI.csv"
"A58","ID20","Untreated","IL-10RB","Q08334","OID00515",18.0530732989286,1.6540009673452,0.06875,"Pass","Example_Data_13_INFI.csv"
"A61","ID21","Untreated","IL-10RB","Q08334","OID00515",1.83646386336372,1.6540009673452,0.06875,"Pass","Example_Data_13_INFI.csv"
"A64","ID22","Untreated","IL-10RB","Q08334","OID00515",5.44250927307645,1.6540009673452,0.06875,"Pass","Example_Data_13_INFI.csv"
"A67","ID23","Treated","IL-10RB","Q08334","OID00515",17.3558551170709,1.6540009673452,0.06875,"Pass","Example_Data_13_INFI.csv"
"A70","ID24","Untreated","IL-10RB","Q08334","OID00515",8.21413622842942,1.6540009673452,0.06875,"Pass","Example_Data_13_INFI.csv"
"A73","ID25","Untreated","IL-10RB","Q08334","OID00515",1.83330024144233,1.6540009673452,0.06875,"Pass","Example_Data_13_INFI.csv"
"A76","ID26","Untreated","IL-10RB","Q08334","OID00515",7.6085396385628,1.6540009673452,0.06875,"Pass","Example_Data_13_INFI.csv"
"B2","ID27","Treated","IL-10RB","Q08334","OID00515",11.6408717984112,1.6540009673452,0.06875,"Pass","Example_Data_14_INFI.csv"
"B5","ID28","Treated","IL-10RB","Q08334","OID00515",9.52348791897996,1.6540009673452,0.06875,"Pass","Example_Data_14_INFI.csv"
"B8","ID29","Untreated","IL-10RB","Q08334","OID00515",8.31760633891872,1.6540009673452,0.06875,"Pass","Example_Data_14_INFI.csv"
"B11","ID30","Untreated","IL-10RB","Q08334","OID00515",14.690580899965,1.6540009673452,0.06875,"Pass","Example_Data_14_INFI.csv"
"B14","ID31","Untreated","IL-10RB","Q08334","OID00515",6.31655643351911,1.6540009673452,0.06875,"Pass","Example_Data_14_INFI.csv"
"B17","ID32","Treated","IL-10RB","Q08334","OID00515",4.8323887953019,1.6540009673452,0.06875,"Pass","Example_Data_14_INFI.csv"
"B20","ID33","Untreated","IL-10RB","Q08334","OID00515",13.52417391759,1.6540009673452,0.06875,"Pass","Example_Data_14_INFI.csv"
"B23","ID34","Untreated","IL-10RB","Q08334","OID00515",2.50367768659311,1.6540009673452,0.06875,"Pass","Example_Data_14_INFI.csv"
"B26","ID35","Untreated","IL-10RB","Q08334","OID00515",6.80193586235892,1.6540009673452,0.06875,"Pass","Example_Data_14_INFI.csv"
"B29","ID36","Untreated","IL-10RB","Q08334","OID00515",2.59075746619576,1.6540009673452,0.06875,"Pass","Example_Data_14_INFI.csv"
"B32","ID37","Treated","IL-10RB","Q08334","OID00515",6.04592059250996,1.6540009673452,0.06875,"Pass","Example_Data_14_INFI.csv"
"B35","ID38","Treated","IL-10RB","Q08334","OID00515",8.9331083866313,1.6540009673452,0.06875,"Pass","Example_Data_14_INFI.csv"
"B38","ID39","Untreated","IL-10RB","Q08334","OID00515",7.18140169932248,1.6540009673452,0.06875,"Pass","Example_Data_14_INFI.csv"
"B41","ID40","Untreated","IL-10RB","Q08334","OID00515",1.74638706090985,1.6540009673452,0.06875,"Pass","Example_Data_14_INFI.csv"
"B44","ID41","Untreated","IL-10RB","Q08334","OID00515",8.01441151404077,1.6540009673452,0.06875,"Pass","Example_Data_14_INFI.csv"
"B47","ID42","Treated","IL-10RB","Q08334","OID00515",3.81010656831095,1.6540009673452,0.06875,"Pass","Example_Data_14_INFI.csv"
"B50","ID43","Treated","IL-10RB","Q08334","OID00515",1.65759717624971,1.6540009673452,0.06875,"Pass","Example_Data_14_INFI.csv"
"B53","ID44","Treated","IL-10RB","Q08334","OID00515",9.88771482516102,1.6540009673452,0.06875,"Pass","Example_Data_14_INFI.csv"
"B56","ID45","Treated","IL-10RB","Q08334","OID00515",12.0459350726233,1.6540009673452,0.06875,"Pass","Example_Data_14_INFI.csv"
"B59","ID46","Treated","IL-10RB","Q08334","OID00515",9.06098153555671,1.6540009673452,0.06875,"Pass","Example_Data_14_INFI.csv"
"B62","ID47","Treated","IL-10RB","Q08334","OID00515",7.88364474400802,1.6540009673452,0.06875,"Pass","Example_Data_14_INFI.csv"
"B65","ID48","Treated","IL-10RB","Q08334","OID00515",10.3170530091409,1.6540009673452,0.06875,"Pass","Example_Data_14_INFI.csv"
"B68","ID49","Treated","IL-10RB","Q08334","OID00515",9.7241726743755,1.6540009673452,0.06875,"Pass","Example_Data_14_INFI.csv"
"B71","ID50","Treated","IL-10RB","Q08334","OID00515",5.67128264642522,1.6540009673452,0.06875,"Pass","Example_Data_14_INFI.csv"
"B74","ID51","Untreated","IL-10RB","Q08334","OID00515",5.05672499030368,1.6540009673452,0.06875,"Pass","Example_Data_14_INFI.csv"
"B77","ID52","Treated","IL-10RB","Q08334","OID00515",4.88351023827705,1.6540009673452,0.06875,"Pass","Example_Data_14_INFI.csv"
"A1","ID1","Untreated","IL-22 RA1","Q8N6P7","OID00516",11.2757233396239,0.992002576531377,0.0375,"Pass","Example_Data_13_INFI.csv"
"A4","ID2","Untreated","IL-22 RA1","Q8N6P7","OID00516",7.93503186465408,0.992002576531377,0.0375,"Pass","Example_Data_13_INFI.csv"
"A7","ID3","Untreated","IL-22 RA1","Q8N6P7","OID00516",9.71841997109433,0.992002576531377,0.0375,"Pass","Example_Data_13_INFI.csv"
"A10","ID4","Untreated","IL-22 RA1","Q8N6P7","OID00516",8.18588476467384,0.992002576531377,0.0375,"Pass","Example_Data_13_INFI.csv"
"A13","ID5","Untreated","IL-22 RA1","Q8N6P7","OID00516",19.1740200475368,0.992002576531377,0.0375,"Pass","Example_Data_13_INFI.csv"
"A16","ID6","Treated","IL-22 RA1","Q8N6P7","OID00516",9.64520140463496,0.992002576531377,0.0375,"Pass","Example_Data_13_INFI.csv"
"A19","ID7","Untreated","IL-22 RA1","Q8N6P7","OID00516",13.6507072444523,0.992002576531377,0.0375,"Pass","Example_Data_13_INFI.csv"
"A22","ID8","Treated","IL-22 RA1","Q8N6P7","OID00516",7.70304849232548,0.992002576531377,0.0375,"Pass","Example_Data_13_INFI.csv"
"A25","ID9","Untreated","IL-22 RA1","Q8N6P7","OID00516",8.24627831988408,0.992002576531377,0.0375,"Pass","Example_Data_13_INFI.csv"
"A28","ID10","Treated","IL-22 RA1","Q8N6P7","OID00516",0.994186042781965,0.992002576531377,0.0375,"Pass","Example_Data_13_INFI.csv"
"A31","ID11","Treated","IL-22 RA1","Q8N6P7","OID00516",16.6334842532714,0.992002576531377,0.0375,"Pass","Example_Data_13_INFI.csv"
"A37","ID13","Untreated","IL-22 RA1","Q8N6P7","OID00516",12.1870106145217,0.992002576531377,0.0375,"Pass","Example_Data_13_INFI.csv"
"A40","ID14","Untreated","IL-22 RA1","Q8N6P7","OID00516",10.3584808423519,0.992002576531377,0.0375,"Pass","Example_Data_13_INFI.csv"
"A43","ID15","Treated","IL-22 RA1","Q8N6P7","OID00516",6.20134523493222,0.992002576531377,0.0375,"Pass","Example_Data_13_INFI.csv"
"A46","ID16","Untreated","IL-22 RA1","Q8N6P7","OID00516",13.2830931152411,0.992002576531377,0.0375,"Pass","Example_Data_13_INFI.csv"
"A49","ID17","Untreated","IL-22 RA1","Q8N6P7","OID00516",21.4706173067354,0.992002576531377,0.0375,"Pass","Example_Data_13_INFI.csv"
"A52","ID18","Treated","IL-22 RA1","Q8N6P7","OID00516",2.15490607605984,0.992002576531377,0.0375,"Pass","Example_Data_13_INFI.csv"
"A55","ID19","Treated","IL-22 RA1","Q8N6P7","OID00516",6.82358219648633,0.992002576531377,0.0375,"Pass","Example_Data_13_INFI.csv"
"A58","ID20","Untreated","IL-22 RA1","Q8N6P7","OID00516",11.4662102578516,0.992002576531377,0.0375,"Pass","Example_Data_13_INFI.csv"
"A61","ID21","Untreated","IL-22 RA1","Q8N6P7","OID00516",15.7118875571571,0.992002576531377,0.0375,"Pass","Example_Data_13_INFI.csv"
"A64","ID22","Untreated","IL-22 RA1","Q8N6P7","OID00516",9.34678410388873,0.992002576531377,0.0375,"Pass","Example_Data_13_INFI.csv"
"A67","ID23","Treated","IL-22 RA1","Q8N6P7","OID00516",15.2446977025171,0.992002576531377,0.0375,"Pass","Example_Data_13_INFI.csv"
"A70","ID24","Untreated","IL-22 RA1","Q8N6P7","OID00516",17.2881364017744,0.992002576531377,0.0375,"Pass","Example_Data_13_INFI.csv"
"A73","ID25","Untreated","IL-22 RA1","Q8N6P7","OID00516",16.0430661839405,0.992002576531377,0.0375,"Pass","Example_Data_13_INFI.csv"
"A76","ID26","Untreated","IL-22 RA1","Q8N6P7","OID00516",22.7662591918379,0.992002576531377,0.0375,"Pass","Example_Data_13_INFI.csv"
"B2","ID27","Treated","IL-22 RA1","Q8N6P7","OID00516",4.81437997280317,0.992002576531377,0.0375,"Pass","Example_Data_14_INFI.csv"
"B5","ID28","Treated","IL-22 RA1","Q8N6P7","OID00516",8.72758998115497,0.992002576531377,0.0375,"Pass","Example_Data_14_INFI.csv"
"B8","ID29","Untreated","IL-22 RA1","Q8N6P7","OID00516",20.5906356187197,0.992002576531377,0.0375,"Pass","Example_Data_14_INFI.csv"
"B11","ID30","Untreated","IL-22 RA1","Q8N6P7","OID00516",3.62698532633892,0.992002576531377,0.0375,"Pass","Example_Data_14_INFI.csv"
"B14","ID31","Untreated","IL-22 RA1","Q8N6P7","OID00516",15.7381466862706,0.992002576531377,0.0375,"Pass","Example_Data_14_INFI.csv"
"B17","ID32","Treated","IL-22 RA1","Q8N6P7","OID00516",13.2667444975058,0.992002576531377,0.0375,"Pass","Example_Data_14_INFI.csv"
"B20","ID33","Untreated","IL-22 RA1","Q8N6P7","OID00516",0.977593648245429,0.992002576531377,0.0375,"Pass","Example_Data_14_INFI.csv"
"B23","ID34","Untreated","IL-22 RA1","Q8N6P7","OID00516",16.9542821876499,0.992002576531377,0.0375,"Pass","Example_Data_14_INFI.csv"
"B26","ID35","Untreated","IL-22 RA1","Q8N6P7","OID00516",16.500289005119,0.992002576531377,0.0375,"Pass","Example_Data_14_INFI.csv"
"B29","ID36","Untreated","IL-22 RA1","Q8N6P7","OID00516",17.75122390335,0.992002576531377,0.0375,"Pass","Example_Data_14_INFI.csv"
"B32","ID37","Treated","IL-22 RA1","Q8N6P7","OID00516",9.65269188391541,0.992002576531377,0.0375,"Pass","Example_Data_14_INFI.csv"
"B35","ID38","Treated","IL-22 RA1","Q8N6P7","OID00516",14.5754365372505,0.992002576531377,0.0375,"Pass","Example_Data_14_INFI.csv"
"B38","ID39","Untreated","IL-22 RA1","Q8N6P7","OID00516",8.06549968999491,0.992002576531377,0.0375,"Pass","Example_Data_14_INFI.csv"
"B41","ID40","Untreated","IL-22 RA1","Q8N6P7","OID00516",3.35220707097727,0.992002576531377,0.0375,"Pass","Example_Data_14_INFI.csv"
"B44","ID41","Untreated","IL-22 RA1","Q8N6P7","OID00516",13.9571731399805,0.992002576531377,0.0375,"Pass","Example_Data_14_INFI.csv"
"B47","ID42","Treated","IL-22 RA1","Q8N6P7","OID00516",17.6046091564954,0.992002576531377,0.0375,"Pass","Example_Data_14_INFI.csv"
"B50","ID43","Treated","IL-22 RA1","Q8N6P7","OID00516",15.7208550064205,0.992002576531377,0.0375,"Pass","Example_Data_14_INFI.csv"
"B53","ID44","Treated","IL-22 RA1","Q8N6P7","OID00516",12.9031775090104,0.992002576531377,0.0375,"Pass","Example_Data_14_INFI.csv"
"B56","ID45","Treated","IL-22 RA1","Q8N6P7","OID00516",6.4595886032035,0.992002576531377,0.0375,"Pass","Example_Data_14_INFI.csv"
"B59","ID46","Treated","IL-22 RA1","Q8N6P7","OID00516",5.85768402554831,0.992002576531377,0.0375,"Pass","Example_Data_14_INFI.csv"
"B62","ID47","Treated","IL-22 RA1","Q8N6P7","OID00516",3.23020481337069,0.992002576531377,0.0375,"Pass","Example_Data_14_INFI.csv"
"B65","ID48","Treated","IL-22 RA1","Q8N6P7","OID00516",7.79117461102607,0.992002576531377,0.0375,"Pass","Example_Data_14_INFI.csv"
"B68","ID49","Treated","IL-22 RA1","Q8N6P7","OID00516",6.11683386694402,0.992002576531377,0.0375,"Pass","Example_Data_14_INFI.csv"
"B71","ID50","Treated","IL-22 RA1","Q8N6P7","OID00516",14.7789916854465,0.992002576531377,0.0375,"Pass","Example_Data_14_INFI.csv"
"B74","ID51","Untreated","IL-22 RA1","Q8N6P7","OID00516",-2.40030085168932,0.992002576531377,0.0375,"Pass","Example_Data_14_INFI.csv"
"B77","ID52","Treated","IL-22 RA1","Q8N6P7","OID00516",2.45332794145665,0.992002576531377,0.0375,"Pass","Example_Data_14_INFI.csv"
"A1","ID1","Untreated","IL-18R1","Q13478","OID00517",7.80252145337009,0,0.03125,"Pass","Example_Data_13_INFI.csv"
"A4","ID2","Untreated","IL-18R1","Q13478","OID00517",3.39847671781873,0,0.03125,"Pass","Example_Data_13_INFI.csv"
"A7","ID3","Untreated","IL-18R1","Q13478","OID00517",3.438927296406,0,0.03125,"Pass","Example_Data_13_INFI.csv"
"A10","ID4","Untreated","IL-18R1","Q13478","OID00517",7.34731354642722,0,0.03125,"Pass","Example_Data_13_INFI.csv"
"A13","ID5","Untreated","IL-18R1","Q13478","OID00517",6.35880763515401,0,0.03125,"Pass","Example_Data_13_INFI.csv"
"A16","ID6","Treated","IL-18R1","Q13478","OID00517",2.5977594455782,0,0.03125,"Pass","Example_Data_13_INFI.csv"
"A19","ID7","Untreated","IL-18R1","Q13478","OID00517",1.35420094652331,0,0.03125,"Pass","Example_Data_13_INFI.csv"
"A22","ID8","Treated","IL-18R1","Q13478","OID00517",1.06457666860997,0,0.03125,"Pass","Example_Data_13_INFI.csv"
"A25","ID9","Untreated","IL-18R1","Q13478","OID00517",3.06567101705125,0,0.03125,"Pass","Example_Data_13_INFI.csv"
"A28","ID10","Treated","IL-18R1","Q13478","OID00517",5.0796855496212,0,0.03125,"Pass","Example_Data_13_INFI.csv"
"A31","ID11","Treated","IL-18R1","Q13478","OID00517",6.6842478528174,0,0.03125,"Pass","Example_Data_13_INFI.csv"
"A37","ID13","Untreated","IL-18R1","Q13478","OID00517",8.85880287084366,0,0.03125,"Pass","Example_Data_13_INFI.csv"
"A40","ID14","Untreated","IL-18R1","Q13478","OID00517",8.8982115926933,0,0.03125,"Pass","Example_Data_13_INFI.csv"
"A43","ID15","Treated","IL-18R1","Q13478","OID00517",4.58646387342423,0,0.03125,"Pass","Example_Data_13_INFI.csv"
"A46","ID16","Untreated","IL-18R1","Q13478","OID00517",4.20775607850222,0,0.03125,"Pass","Example_Data_13_INFI.csv"
"A49","ID17","Untreated","IL-18R1","Q13478","OID00517",1.62901121091608,0,0.03125,"Pass","Example_Data_13_INFI.csv"
"A52","ID18","Treated","IL-18R1","Q13478","OID00517",4.26632586285029,0,0.03125,"Pass","Example_Data_13_INFI.csv"
"A55","ID19","Treated","IL-18R1","Q13478","OID00517",3.14355657500091,0,0.03125,"Pass","Example_Data_13_INFI.csv"
"A58","ID20","Untreated","IL-18R1","Q13478","OID00517",4.8050186543285,0,0.03125,"Pass","Example_Data_13_INFI.csv"
"A61","ID21","Untreated","IL-18R1","Q13478","OID00517",2.44641930098155,0,0.03125,"Pass","Example_Data_13_INFI.csv"
"A64","ID22","Untreated","IL-18R1","Q13478","OID00517",1.55107545854463,0,0.03125,"Pass","Example_Data_13_INFI.csv"
"A67","ID23","Treated","IL-18R1","Q13478","OID00517",3.46268137170122,0,0.03125,"Pass","Example_Data_13_INFI.csv"
"A70","ID24","Untreated","IL-18R1","Q13478","OID00517",5.75206241971666,0,0.03125,"Pass","Example_Data_13_INFI.csv"
"A73","ID25","Untreated","IL-18R1","Q13478","OID00517",4.37024861311988,0,0.03125,"Pass","Example_Data_13_INFI.csv"
"A76","ID26","Untreated","IL-18R1","Q13478","OID00517",7.54072025913599,0,0.03125,"Pass","Example_Data_13_INFI.csv"
"B2","ID27","Treated","IL-18R1","Q13478","OID00517",9.9541702218465,0,0.03125,"Pass","Example_Data_14_INFI.csv"
"B5","ID28","Treated","IL-18R1","Q13478","OID00517",5.09696047746859,0,0.03125,"Pass","Example_Data_14_INFI.csv"
"B8","ID29","Untreated","IL-18R1","Q13478","OID00517",-1.35676532930294,0,0.03125,"Pass","Example_Data_14_INFI.csv"
"B11","ID30","Untreated","IL-18R1","Q13478","OID00517",3.11291146121306,0,0.03125,"Pass","Example_Data_14_INFI.csv"
"B14","ID31","Untreated","IL-18R1","Q13478","OID00517",0.405103227057783,0,0.03125,"Pass","Example_Data_14_INFI.csv"
"B17","ID32","Treated","IL-18R1","Q13478","OID00517",8.93982328519976,0,0.03125,"Pass","Example_Data_14_INFI.csv"
"B20","ID33","Untreated","IL-18R1","Q13478","OID00517",4.07875494978523,0,0.03125,"Pass","Example_Data_14_INFI.csv"
"B23","ID34","Untreated","IL-18R1","Q13478","OID00517",1.89431184937596,0,0.03125,"Pass","Example_Data_14_INFI.csv"
"B26","ID35","Untreated","IL-18R1","Q13478","OID00517",6.48268382278283,0,0.03125,"Pass","Example_Data_14_INFI.csv"
"B29","ID36","Untreated","IL-18R1","Q13478","OID00517",4.29861474879924,0,0.03125,"Pass","Example_Data_14_INFI.csv"
"B32","ID37","Treated","IL-18R1","Q13478","OID00517",8.00749077841531,0,0.03125,"Pass","Example_Data_14_INFI.csv"
"B35","ID38","Treated","IL-18R1","Q13478","OID00517",1.48472747630174,0,0.03125,"Pass","Example_Data_14_INFI.csv"
"B38","ID39","Untreated","IL-18R1","Q13478","OID00517",6.96856689016854,0,0.03125,"Pass","Example_Data_14_INFI.csv"
"B41","ID40","Untreated","IL-18R1","Q13478","OID00517",2.66153596868683,0,0.03125,"Pass","Example_Data_14_INFI.csv"
"B44","ID41","Untreated","IL-18R1","Q13478","OID00517",0.797447335993872,0,0.03125,"Pass","Example_Data_14_INFI.csv"
"B47","ID42","Treated","IL-18R1","Q13478","OID00517",3.69374184715809,0,0.03125,"Pass","Example_Data_14_INFI.csv"
"B50","ID43","Treated","IL-18R1","Q13478","OID00517",4.00735867348245,0,0.03125,"Pass","Example_Data_14_INFI.csv"
"B53","ID44","Treated","IL-18R1","Q13478","OID00517",4.4940012196146,0,0.03125,"Pass","Example_Data_14_INFI.csv"
"B56","ID45","Treated","IL-18R1","Q13478","OID00517",0.704609224374329,0,0.03125,"Pass","Example_Data_14_INFI.csv"
"B59","ID46","Treated","IL-18R1","Q13478","OID00517",3.49699801972988,0,0.03125,"Pass","Example_Data_14_INFI.csv"
"B62","ID47","Treated","IL-18R1","Q13478","OID00517",9.13593760201327,0,0.03125,"Pass","Example_Data_14_INFI.csv"
"B65","ID48","Treated","IL-18R1","Q13478","OID00517",4.74634408116078,0,0.03125,"Pass","Example_Data_14_INFI.csv"
"B68","ID49","Treated","IL-18R1","Q13478","OID00517",6.94514075045491,0,0.03125,"Pass","Example_Data_14_INFI.csv"
"B71","ID50","Treated","IL-18R1","Q13478","OID00517",7.99125657697215,0,0.03125,"Pass","Example_Data_14_INFI.csv"
"B74","ID51","Untreated","IL-18R1","Q13478","OID00517",4.01940701098019,0,0.03125,"Pass","Example_Data_14_INFI.csv"
"B77","ID52","Treated","IL-18R1","Q13478","OID00517",7.31399909959305,0,0.03125,"Pass","Example_Data_14_INFI.csv"
"A1","ID1","Untreated","PD-L1","Q9NZQ7","OID00518",2.1475952284919,0,0.08125,"Pass","Example_Data_13_INFI.csv"
"A4","ID2","Untreated","PD-L1","Q9NZQ7","OID00518",0.492842940038355,0,0.08125,"Pass","Example_Data_13_INFI.csv"
"A7","ID3","Untreated","PD-L1","Q9NZQ7","OID00518",1.26353236674599,0,0.08125,"Pass","Example_Data_13_INFI.csv"
"A10","ID4","Untreated","PD-L1","Q9NZQ7","OID00518",1.54123986121855,0,0.08125,"Pass","Example_Data_13_INFI.csv"
"A13","ID5","Untreated","PD-L1","Q9NZQ7","OID00518",3.21327865736493,0,0.08125,"Pass","Example_Data_13_INFI.csv"
"A16","ID6","Treated","PD-L1","Q9NZQ7","OID00518",1.13894016630151,0,0.08125,"Pass","Example_Data_13_INFI.csv"
"A19","ID7","Untreated","PD-L1","Q9NZQ7","OID00518",2.66403753548164,0,0.08125,"Pass","Example_Data_13_INFI.csv"
"A22","ID8","Treated","PD-L1","Q9NZQ7","OID00518",3.25250143839534,0,0.08125,"Pass","Example_Data_13_INFI.csv"
"A25","ID9","Untreated","PD-L1","Q9NZQ7","OID00518",0.549826171427283,0,0.08125,"Pass","Example_Data_13_INFI.csv"
"A28","ID10","Treated","PD-L1","Q9NZQ7","OID00518",-0.405160264491152,0,0.08125,"Pass","Example_Data_13_INFI.csv"
"A31","ID11","Treated","PD-L1","Q9NZQ7","OID00518",2.17538728793894,0,0.08125,"Pass","Example_Data_13_INFI.csv"
"A37","ID13","Untreated","PD-L1","Q9NZQ7","OID00518",2.28758010452414,0,0.08125,"Pass","Example_Data_13_INFI.csv"
"A40","ID14","Untreated","PD-L1","Q9NZQ7","OID00518",0.907749410502684,0,0.08125,"Pass","Example_Data_13_INFI.csv"
"A43","ID15","Treated","PD-L1","Q9NZQ7","OID00518",1.30229873030392,0,0.08125,"Pass","Example_Data_13_INFI.csv"
"A46","ID16","Untreated","PD-L1","Q9NZQ7","OID00518",1.76933286312758,0,0.08125,"Pass","Example_Data_13_INFI.csv"
"A49","ID17","Untreated","PD-L1","Q9NZQ7","OID00518",2.72550742615817,0,0.08125,"Pass","Example_Data_13_INFI.csv"
"A52","ID18","Treated","PD-L1","Q9NZQ7","OID00518",-0.0343806791271635,0,0.08125,"Pass","Example_Data_13_INFI.csv"
"A55","ID19","Treated","PD-L1","Q9NZQ7","OID00518",2.98886131046856,0,0.08125,"Pass","Example_Data_13_INFI.csv"
"A58","ID20","Untreated","PD-L1","Q9NZQ7","OID00518",-2.20147229938658,0,0.08125,"Pass","Example_Data_13_INFI.csv"
"A61","ID21","Untreated","PD-L1","Q9NZQ7","OID00518",2.58860518242894,0,0.08125,"Pass","Example_Data_13_INFI.csv"
"A64","ID22","Untreated","PD-L1","Q9NZQ7","OID00518",0.642410880583271,0,0.08125,"Pass","Example_Data_13_INFI.csv"
"A67","ID23","Treated","PD-L1","Q9NZQ7","OID00518",3.25894608466099,0,0.08125,"Pass","Example_Data_13_INFI.csv"
"A70","ID24","Untreated","PD-L1","Q9NZQ7","OID00518",2.55664125108245,0,0.08125,"Pass","Example_Data_13_INFI.csv"
"A73","ID25","Untreated","PD-L1","Q9NZQ7","OID00518",0.818853452622456,0,0.08125,"Pass","Example_Data_13_INFI.csv"
"A76","ID26","Untreated","PD-L1","Q9NZQ7","OID00518",1.99364236075388,0,0.08125,"Pass","Example_Data_13_INFI.csv"
"B2","ID27","Treated","PD-L1","Q9NZQ7","OID00518",-0.66161153311567,0,0.08125,"Pass","Example_Data_14_INFI.csv"
"B5","ID28","Treated","PD-L1","Q9NZQ7","OID00518",3.58843223984249,0,0.08125,"Pass","Example_Data_14_INFI.csv"
"B8","ID29","Untreated","PD-L1","Q9NZQ7","OID00518",3.19790772538644,0,0.08125,"Pass","Example_Data_14_INFI.csv"
"B11","ID30","Untreated","PD-L1","Q9NZQ7","OID00518",2.35624881623147,0,0.08125,"Pass","Example_Data_14_INFI.csv"
"B14","ID31","Untreated","PD-L1","Q9NZQ7","OID00518",0.143282527787863,0,0.08125,"Pass","Example_Data_14_INFI.csv"
"B17","ID32","Treated","PD-L1","Q9NZQ7","OID00518",2.72284770464178,0,0.08125,"Pass","Example_Data_14_INFI.csv"
"B20","ID33","Untreated","PD-L1","Q9NZQ7","OID00518",1.48242349720168,0,0.08125,"Pass","Example_Data_14_INFI.csv"
"B23","ID34","Untreated","PD-L1","Q9NZQ7","OID00518",1.72855240050447,0,0.08125,"Pass","Example_Data_14_INFI.csv"
"B26","ID35","Untreated","PD-L1","Q9NZQ7","OID00518",0.6941490076461,0,0.08125,"Pass","Example_Data_14_INFI.csv"
"B29","ID36","Untreated","PD-L1","Q9NZQ7","OID00518",2.01978688921219,0,0.08125,"Pass","Example_Data_14_INFI.csv"
"B32","ID37","Treated","PD-L1","Q9NZQ7","OID00518",2.2401606163021,0,0.08125,"Pass","Example_Data_14_INFI.csv"
"B35","ID38","Treated","PD-L1","Q9NZQ7","OID00518",2.73895549209685,0,0.08125,"Pass","Example_Data_14_INFI.csv"
"B38","ID39","Untreated","PD-L1","Q9NZQ7","OID00518",3.49273591613021,0,0.08125,"Pass","Example_Data_14_INFI.csv"
"B41","ID40","Untreated","PD-L1","Q9NZQ7","OID00518",0.635647432970405,0,0.08125,"Pass","Example_Data_14_INFI.csv"
"B44","ID41","Untreated","PD-L1","Q9NZQ7","OID00518",1.28843584664257,0,0.08125,"Pass","Example_Data_14_INFI.csv"
"B47","ID42","Treated","PD-L1","Q9NZQ7","OID00518",0.973878243628374,0,0.08125,"Pass","Example_Data_14_INFI.csv"
"B50","ID43","Treated","PD-L1","Q9NZQ7","OID00518",1.96885300504897,0,0.08125,"Pass","Example_Data_14_INFI.csv"
"B53","ID44","Treated","PD-L1","Q9NZQ7","OID00518",0.862593494422621,0,0.08125,"Pass","Example_Data_14_INFI.csv"
"B56","ID45","Treated","PD-L1","Q9NZQ7","OID00518",2.27182071382429,0,0.08125,"Pass","Example_Data_14_INFI.csv"
"B59","ID46","Treated","PD-L1","Q9NZQ7","OID00518",3.12025781675119,0,0.08125,"Pass","Example_Data_14_INFI.csv"
"B62","ID47","Treated","PD-L1","Q9NZQ7","OID00518",-0.191307492300894,0,0.08125,"Pass","Example_Data_14_INFI.csv"
"B65","ID48","Treated","PD-L1","Q9NZQ7","OID00518",1.6694085764514,0,0.08125,"Pass","Example_Data_14_INFI.csv"
"B68","ID49","Treated","PD-L1","Q9NZQ7","OID00518",1.66413103182463,0,0.08125,"Pass","Example_Data_14_INFI.csv"
"B71","ID50","Treated","PD-L1","Q9NZQ7","OID00518",3.48831153861923,0,0.08125,"Pass","Example_Data_14_INFI.csv"
"B74","ID51","Untreated","PD-L1","Q9NZQ7","OID00518",1.73431104494253,0,0.08125,"Pass","Example_Data_14_INFI.csv"
"B77","ID52","Treated","PD-L1","Q9NZQ7","OID00518",1.86123116364557,0,0.08125,"Pass","Example_Data_14_INFI.csv"
"A1","ID1","Untreated","Beta-NGF","P01138","OID00519",18.6168447734424,1.08908189553767,0.03125,"Pass","Example_Data_13_INFI.csv"
"A4","ID2","Untreated","Beta-NGF","P01138","OID00519",9.05947089047245,1.08908189553767,0.03125,"Pass","Example_Data_13_INFI.csv"
"A7","ID3","Untreated","Beta-NGF","P01138","OID00519",12.1883361914084,1.08908189553767,0.03125,"Pass","Example_Data_13_INFI.csv"
"A10","ID4","Untreated","Beta-NGF","P01138","OID00519",16.0459691173954,1.08908189553767,0.03125,"Pass","Example_Data_13_INFI.csv"
"A13","ID5","Untreated","Beta-NGF","P01138","OID00519",11.73126625124,1.08908189553767,0.03125,"Pass","Example_Data_13_INFI.csv"
"A16","ID6","Treated","Beta-NGF","P01138","OID00519",4.39284544146146,1.08908189553767,0.03125,"Pass","Example_Data_13_INFI.csv"
"A19","ID7","Untreated","Beta-NGF","P01138","OID00519",-0.0324624191579579,1.08908189553767,0.03125,"Pass","Example_Data_13_INFI.csv"
"A22","ID8","Treated","Beta-NGF","P01138","OID00519",20.2419648951181,1.08908189553767,0.03125,"Pass","Example_Data_13_INFI.csv"
"A25","ID9","Untreated","Beta-NGF","P01138","OID00519",14.4935729382382,1.08908189553767,0.03125,"Pass","Example_Data_13_INFI.csv"
"A28","ID10","Treated","Beta-NGF","P01138","OID00519",6.04545089970305,1.08908189553767,0.03125,"Pass","Example_Data_13_INFI.csv"
"A31","ID11","Treated","Beta-NGF","P01138","OID00519",7.63771481651522,1.08908189553767,0.03125,"Pass","Example_Data_13_INFI.csv"
"A37","ID13","Untreated","Beta-NGF","P01138","OID00519",12.0932935466293,1.08908189553767,0.03125,"Pass","Example_Data_13_INFI.csv"
"A40","ID14","Untreated","Beta-NGF","P01138","OID00519",2.82567311845599,1.08908189553767,0.03125,"Pass","Example_Data_13_INFI.csv"
"A43","ID15","Treated","Beta-NGF","P01138","OID00519",3.88126080664745,1.08908189553767,0.03125,"Pass","Example_Data_13_INFI.csv"
"A46","ID16","Untreated","Beta-NGF","P01138","OID00519",15.6852640459579,1.08908189553767,0.03125,"Pass","Example_Data_13_INFI.csv"
"A49","ID17","Untreated","Beta-NGF","P01138","OID00519",11.5627031926747,1.08908189553767,0.03125,"Pass","Example_Data_13_INFI.csv"
"A52","ID18","Treated","Beta-NGF","P01138","OID00519",16.3624336059478,1.08908189553767,0.03125,"Pass","Example_Data_13_INFI.csv"
"A55","ID19","Treated","Beta-NGF","P01138","OID00519",12.3352114986645,1.08908189553767,0.03125,"Pass","Example_Data_13_INFI.csv"
"A58","ID20","Untreated","Beta-NGF","P01138","OID00519",13.6053021415667,1.08908189553767,0.03125,"Pass","Example_Data_13_INFI.csv"
"A61","ID21","Untreated","Beta-NGF","P01138","OID00519",4.04167585647654,1.08908189553767,0.03125,"Pass","Example_Data_13_INFI.csv"
"A64","ID22","Untreated","Beta-NGF","P01138","OID00519",13.8593931055761,1.08908189553767,0.03125,"Pass","Example_Data_13_INFI.csv"
"A67","ID23","Treated","Beta-NGF","P01138","OID00519",13.8106780281454,1.08908189553767,0.03125,"Pass","Example_Data_13_INFI.csv"
"A70","ID24","Untreated","Beta-NGF","P01138","OID00519",8.53843462961594,1.08908189553767,0.03125,"Pass","Example_Data_13_INFI.csv"
"A73","ID25","Untreated","Beta-NGF","P01138","OID00519",7.94094864905517,1.08908189553767,0.03125,"Pass","Example_Data_13_INFI.csv"
"A76","ID26","Untreated","Beta-NGF","P01138","OID00519",2.96519507470243,1.08908189553767,0.03125,"Pass","Example_Data_13_INFI.csv"
"B2","ID27","Treated","Beta-NGF","P01138","OID00519",8.8315382855585,1.08908189553767,0.03125,"Pass","Example_Data_14_INFI.csv"
"B5","ID28","Treated","Beta-NGF","P01138","OID00519",8.31157188528033,1.08908189553767,0.03125,"Pass","Example_Data_14_INFI.csv"
"B8","ID29","Untreated","Beta-NGF","P01138","OID00519",10.5795220700259,1.08908189553767,0.03125,"Pass","Example_Data_14_INFI.csv"
"B11","ID30","Untreated","Beta-NGF","P01138","OID00519",5.12370458462267,1.08908189553767,0.03125,"Pass","Example_Data_14_INFI.csv"
"B14","ID31","Untreated","Beta-NGF","P01138","OID00519",12.5722101482824,1.08908189553767,0.03125,"Pass","Example_Data_14_INFI.csv"
"B17","ID32","Treated","Beta-NGF","P01138","OID00519",6.88975555172712,1.08908189553767,0.03125,"Pass","Example_Data_14_INFI.csv"
"B20","ID33","Untreated","Beta-NGF","P01138","OID00519",2.37101929635881,1.08908189553767,0.03125,"Pass","Example_Data_14_INFI.csv"
"B23","ID34","Untreated","Beta-NGF","P01138","OID00519",12.2595657812776,1.08908189553767,0.03125,"Pass","Example_Data_14_INFI.csv"
"B26","ID35","Untreated","Beta-NGF","P01138","OID00519",11.6732437079664,1.08908189553767,0.03125,"Pass","Example_Data_14_INFI.csv"
"B29","ID36","Untreated","Beta-NGF","P01138","OID00519",2.34043013545331,1.08908189553767,0.03125,"Pass","Example_Data_14_INFI.csv"
"B32","ID37","Treated","Beta-NGF","P01138","OID00519",17.6271889258329,1.08908189553767,0.03125,"Pass","Example_Data_14_INFI.csv"
"B35","ID38","Treated","Beta-NGF","P01138","OID00519",10.6618727289804,1.08908189553767,0.03125,"Pass","Example_Data_14_INFI.csv"
"B38","ID39","Untreated","Beta-NGF","P01138","OID00519",12.8877870475622,1.08908189553767,0.03125,"Pass","Example_Data_14_INFI.csv"
"B41","ID40","Untreated","Beta-NGF","P01138","OID00519",5.52774196775883,1.08908189553767,0.03125,"Pass","Example_Data_14_INFI.csv"
"B44","ID41","Untreated","Beta-NGF","P01138","OID00519",5.49758175668031,1.08908189553767,0.03125,"Pass","Example_Data_14_INFI.csv"
"B47","ID42","Treated","Beta-NGF","P01138","OID00519",15.8647497162109,1.08908189553767,0.03125,"Pass","Example_Data_14_INFI.csv"
"B50","ID43","Treated","Beta-NGF","P01138","OID00519",7.24513924652128,1.08908189553767,0.03125,"Pass","Example_Data_14_INFI.csv"
"B53","ID44","Treated","Beta-NGF","P01138","OID00519",9.02470514024856,1.08908189553767,0.03125,"Pass","Example_Data_14_INFI.csv"
"B56","ID45","Treated","Beta-NGF","P01138","OID00519",8.29545660987418,1.08908189553767,0.03125,"Pass","Example_Data_14_INFI.csv"
"B59","ID46","Treated","Beta-NGF","P01138","OID00519",8.44608126610718,1.08908189553767,0.03125,"Pass","Example_Data_14_INFI.csv"
"B62","ID47","Treated","Beta-NGF","P01138","OID00519",1.95509585618843,1.08908189553767,0.03125,"Pass","Example_Data_14_INFI.csv"
"B65","ID48","Treated","Beta-NGF","P01138","OID00519",13.0171993063457,1.08908189553767,0.03125,"Pass","Example_Data_14_INFI.csv"
"B68","ID49","Treated","Beta-NGF","P01138","OID00519",15.2276024459854,1.08908189553767,0.03125,"Pass","Example_Data_14_INFI.csv"
"B71","ID50","Treated","Beta-NGF","P01138","OID00519",18.8532985136116,1.08908189553767,0.03125,"Pass","Example_Data_14_INFI.csv"
"B74","ID51","Untreated","Beta-NGF","P01138","OID00519",7.49987350760475,1.08908189553767,0.03125,"Pass","Example_Data_14_INFI.csv"
"B77","ID52","Treated","Beta-NGF","P01138","OID00519",8.42565602947553,1.08908189553767,0.03125,"Pass","Example_Data_14_INFI.csv"
"A1","ID1","Untreated","CXCL5","P42830","OID00520",-2.74699042354305,-3.35882846768945,0.00625,"Pass","Example_Data_13_INFI.csv"
"A4","ID2","Untreated","CXCL5","P42830","OID00520",4.54656624995332,-3.35882846768945,0.00625,"Pass","Example_Data_13_INFI.csv"
"A7","ID3","Untreated","CXCL5","P42830","OID00520",9.78983073665888,-3.35882846768945,0.00625,"Pass","Example_Data_13_INFI.csv"
"A10","ID4","Untreated","CXCL5","P42830","OID00520",13.4790804042984,-3.35882846768945,0.00625,"Pass","Example_Data_13_INFI.csv"
"A13","ID5","Untreated","CXCL5","P42830","OID00520",4.54099546242384,-3.35882846768945,0.00625,"Pass","Example_Data_13_INFI.csv"
"A16","ID6","Treated","CXCL5","P42830","OID00520",13.2825949059534,-3.35882846768945,0.00625,"Pass","Example_Data_13_INFI.csv"
"A19","ID7","Untreated","CXCL5","P42830","OID00520",15.9232476742682,-3.35882846768945,0.00625,"Pass","Example_Data_13_INFI.csv"
"A22","ID8","Treated","CXCL5","P42830","OID00520",9.58637657420443,-3.35882846768945,0.00625,"Pass","Example_Data_13_INFI.csv"
"A25","ID9","Untreated","CXCL5","P42830","OID00520",12.5436114433037,-3.35882846768945,0.00625,"Pass","Example_Data_13_INFI.csv"
"A28","ID10","Treated","CXCL5","P42830","OID00520",7.43792531600026,-3.35882846768945,0.00625,"Pass","Example_Data_13_INFI.csv"
"A31","ID11","Treated","CXCL5","P42830","OID00520",10.8082764030388,-3.35882846768945,0.00625,"Pass","Example_Data_13_INFI.csv"
"A37","ID13","Untreated","CXCL5","P42830","OID00520",10.5967818726746,-3.35882846768945,0.00625,"Pass","Example_Data_13_INFI.csv"
"A40","ID14","Untreated","CXCL5","P42830","OID00520",4.23469651961308,-3.35882846768945,0.00625,"Pass","Example_Data_13_INFI.csv"
"A43","ID15","Treated","CXCL5","P42830","OID00520",2.19285515596568,-3.35882846768945,0.00625,"Pass","Example_Data_13_INFI.csv"
"A46","ID16","Untreated","CXCL5","P42830","OID00520",14.6951996068379,-3.35882846768945,0.00625,"Pass","Example_Data_13_INFI.csv"
"A49","ID17","Untreated","CXCL5","P42830","OID00520",2.78495336717954,-3.35882846768945,0.00625,"Pass","Example_Data_13_INFI.csv"
"A52","ID18","Treated","CXCL5","P42830","OID00520",10.8846781826898,-3.35882846768945,0.00625,"Pass","Example_Data_13_INFI.csv"
"A55","ID19","Treated","CXCL5","P42830","OID00520",4.47794557205862,-3.35882846768945,0.00625,"Pass","Example_Data_13_INFI.csv"
"A58","ID20","Untreated","CXCL5","P42830","OID00520",8.92915380121048,-3.35882846768945,0.00625,"Pass","Example_Data_13_INFI.csv"
"A61","ID21","Untreated","CXCL5","P42830","OID00520",8.2837882307427,-3.35882846768945,0.00625,"Pass","Example_Data_13_INFI.csv"
"A64","ID22","Untreated","CXCL5","P42830","OID00520",2.89812676086535,-3.35882846768945,0.00625,"Pass","Example_Data_13_INFI.csv"
"A67","ID23","Treated","CXCL5","P42830","OID00520",15.5164862612006,-3.35882846768945,0.00625,"Pass","Example_Data_13_INFI.csv"
"A70","ID24","Untreated","CXCL5","P42830","OID00520",8.76489897302682,-3.35882846768945,0.00625,"Pass","Example_Data_13_INFI.csv"
"A73","ID25","Untreated","CXCL5","P42830","OID00520",14.2494071410617,-3.35882846768945,0.00625,"Pass","Example_Data_13_INFI.csv"
"A76","ID26","Untreated","CXCL5","P42830","OID00520",6.58212776643551,-3.35882846768945,0.00625,"Pass","Example_Data_13_INFI.csv"
"B2","ID27","Treated","CXCL5","P42830","OID00520",-3.52689393507198,-3.35882846768945,0.00625,"Pass","Example_Data_14_INFI.csv"
"B5","ID28","Treated","CXCL5","P42830","OID00520",10.7177574419069,-3.35882846768945,0.00625,"Pass","Example_Data_14_INFI.csv"
"B8","ID29","Untreated","CXCL5","P42830","OID00520",-0.051088906078701,-3.35882846768945,0.00625,"Pass","Example_Data_14_INFI.csv"
"B11","ID30","Untreated","CXCL5","P42830","OID00520",5.69188410750855,-3.35882846768945,0.00625,"Pass","Example_Data_14_INFI.csv"
"B14","ID31","Untreated","CXCL5","P42830","OID00520",2.5676860520691,-3.35882846768945,0.00625,"Pass","Example_Data_14_INFI.csv"
"B17","ID32","Treated","CXCL5","P42830","OID00520",2.82158266516194,-3.35882846768945,0.00625,"Pass","Example_Data_14_INFI.csv"
"B20","ID33","Untreated","CXCL5","P42830","OID00520",11.3417819550185,-3.35882846768945,0.00625,"Pass","Example_Data_14_INFI.csv"
"B23","ID34","Untreated","CXCL5","P42830","OID00520",-0.826225078443513,-3.35882846768945,0.00625,"Pass","Example_Data_14_INFI.csv"
"B26","ID35","Untreated","CXCL5","P42830","OID00520",12.7623121942147,-3.35882846768945,0.00625,"Pass","Example_Data_14_INFI.csv"
"B29","ID36","Untreated","CXCL5","P42830","OID00520",9.96156573077837,-3.35882846768945,0.00625,"Pass","Example_Data_14_INFI.csv"
"B32","ID37","Treated","CXCL5","P42830","OID00520",13.46582541996,-3.35882846768945,0.00625,"Pass","Example_Data_14_INFI.csv"
"B35","ID38","Treated","CXCL5","P42830","OID00520",2.07484336132552,-3.35882846768945,0.00625,"Pass","Example_Data_14_INFI.csv"
"B38","ID39","Untreated","CXCL5","P42830","OID00520",-2.97562744384649,-3.35882846768945,0.00625,"Pass","Example_Data_14_INFI.csv"
"B41","ID40","Untreated","CXCL5","P42830","OID00520",2.0465432275784,-3.35882846768945,0.00625,"Pass","Example_Data_14_INFI.csv"
"B44","ID41","Untreated","CXCL5","P42830","OID00520",6.94979022351471,-3.35882846768945,0.00625,"Pass","Example_Data_14_INFI.csv"
"B47","ID42","Treated","CXCL5","P42830","OID00520",4.54872785766085,-3.35882846768945,0.00625,"Pass","Example_Data_14_INFI.csv"
"B50","ID43","Treated","CXCL5","P42830","OID00520",12.9639951432509,-3.35882846768945,0.00625,"Pass","Example_Data_14_INFI.csv"
"B53","ID44","Treated","CXCL5","P42830","OID00520",-0.670311083994822,-3.35882846768945,0.00625,"Pass","Example_Data_14_INFI.csv"
"B56","ID45","Treated","CXCL5","P42830","OID00520",-0.10154282417845,-3.35882846768945,0.00625,"Pass","Example_Data_14_INFI.csv"
"B59","ID46","Treated","CXCL5","P42830","OID00520",15.6170188233285,-3.35882846768945,0.00625,"Pass","Example_Data_14_INFI.csv"
"B62","ID47","Treated","CXCL5","P42830","OID00520",16.8886988938729,-3.35882846768945,0.00625,"Pass","Example_Data_14_INFI.csv"
"B65","ID48","Treated","CXCL5","P42830","OID00520",8.30741316745529,-3.35882846768945,0.00625,"Pass","Example_Data_14_INFI.csv"
"B68","ID49","Treated","CXCL5","P42830","OID00520",6.83609079183327,-3.35882846768945,0.00625,"Pass","Example_Data_14_INFI.csv"
"B71","ID50","Treated","CXCL5","P42830","OID00520",11.1579349959841,-3.35882846768945,0.00625,"Pass","Example_Data_14_INFI.csv"
"B74","ID51","Untreated","CXCL5","P42830","OID00520",12.6350333543736,-3.35882846768945,0.00625,"Pass","Example_Data_14_INFI.csv"
"B77","ID52","Treated","CXCL5","P42830","OID00520",15.6284786012611,-3.35882846768945,0.00625,"Pass","Example_Data_14_INFI.csv"
"A1","ID1","Untreated","TRANCE","O14788","OID00521",4.1651738144712,0,0.05,"Pass","Example_Data_13_INFI.csv"
"A4","ID2","Untreated","TRANCE","O14788","OID00521",3.95836050266773,0,0.05,"Pass","Example_Data_13_INFI.csv"
"A7","ID3","Untreated","TRANCE","O14788","OID00521",3.10120431441662,0,0.05,"Pass","Example_Data_13_INFI.csv"
"A10","ID4","Untreated","TRANCE","O14788","OID00521",3.37531388587894,0,0.05,"Pass","Example_Data_13_INFI.csv"
"A13","ID5","Untreated","TRANCE","O14788","OID00521",5.00568109764843,0,0.05,"Pass","Example_Data_13_INFI.csv"
"A16","ID6","Treated","TRANCE","O14788","OID00521",0.0748453618875897,0,0.05,"Pass","Example_Data_13_INFI.csv"
"A19","ID7","Untreated","TRANCE","O14788","OID00521",6.2768284081654,0,0.05,"Pass","Example_Data_13_INFI.csv"
"A22","ID8","Treated","TRANCE","O14788","OID00521",3.54819313601089,0,0.05,"Pass","Example_Data_13_INFI.csv"
"A25","ID9","Untreated","TRANCE","O14788","OID00521",3.73294489256616,0,0.05,"Pass","Example_Data_13_INFI.csv"
"A28","ID10","Treated","TRANCE","O14788","OID00521",5.78056814123646,0,0.05,"Pass","Example_Data_13_INFI.csv"
"A31","ID11","Treated","TRANCE","O14788","OID00521",5.97103087782782,0,0.05,"Pass","Example_Data_13_INFI.csv"
"A37","ID13","Untreated","TRANCE","O14788","OID00521",2.39167635527329,0,0.05,"Pass","Example_Data_13_INFI.csv"
"A40","ID14","Untreated","TRANCE","O14788","OID00521",0.80250571936801,0,0.05,"Pass","Example_Data_13_INFI.csv"
"A43","ID15","Treated","TRANCE","O14788","OID00521",2.64090756482686,0,0.05,"Pass","Example_Data_13_INFI.csv"
"A46","ID16","Untreated","TRANCE","O14788","OID00521",4.72718070696621,0,0.05,"Pass","Example_Data_13_INFI.csv"
"A49","ID17","Untreated","TRANCE","O14788","OID00521",3.38953924490514,0,0.05,"Pass","Example_Data_13_INFI.csv"
"A52","ID18","Treated","TRANCE","O14788","OID00521",3.13846543343088,0,0.05,"Pass","Example_Data_13_INFI.csv"
"A55","ID19","Treated","TRANCE","O14788","OID00521",7.78025280997453,0,0.05,"Pass","Example_Data_13_INFI.csv"
"A58","ID20","Untreated","TRANCE","O14788","OID00521",1.84319523914596,0,0.05,"Pass","Example_Data_13_INFI.csv"
"A61","ID21","Untreated","TRANCE","O14788","OID00521",3.45493700416763,0,0.05,"Pass","Example_Data_13_INFI.csv"
"A64","ID22","Untreated","TRANCE","O14788","OID00521",0.130341353656295,0,0.05,"Pass","Example_Data_13_INFI.csv"
"A67","ID23","Treated","TRANCE","O14788","OID00521",8.80170465972348,0,0.05,"Pass","Example_Data_13_INFI.csv"
"A70","ID24","Untreated","TRANCE","O14788","OID00521",1.05854552209666,0,0.05,"Pass","Example_Data_13_INFI.csv"
"A73","ID25","Untreated","TRANCE","O14788","OID00521",1.82522152954231,0,0.05,"Pass","Example_Data_13_INFI.csv"
"A76","ID26","Untreated","TRANCE","O14788","OID00521",2.93927630717955,0,0.05,"Pass","Example_Data_13_INFI.csv"
"B2","ID27","Treated","TRANCE","O14788","OID00521",6.88987706647685,0,0.05,"Pass","Example_Data_14_INFI.csv"
"B5","ID28","Treated","TRANCE","O14788","OID00521",3.10875198704453,0,0.05,"Pass","Example_Data_14_INFI.csv"
"B8","ID29","Untreated","TRANCE","O14788","OID00521",4.36067199172881,0,0.05,"Pass","Example_Data_14_INFI.csv"
"B11","ID30","Untreated","TRANCE","O14788","OID00521",5.83657779934215,0,0.05,"Pass","Example_Data_14_INFI.csv"
"B14","ID31","Untreated","TRANCE","O14788","OID00521",7.57134388500701,0,0.05,"Pass","Example_Data_14_INFI.csv"
"B17","ID32","Treated","TRANCE","O14788","OID00521",4.27604100895985,0,0.05,"Pass","Example_Data_14_INFI.csv"
"B20","ID33","Untreated","TRANCE","O14788","OID00521",4.06553243587614,0,0.05,"Pass","Example_Data_14_INFI.csv"
"B23","ID34","Untreated","TRANCE","O14788","OID00521",9.23131263308161,0,0.05,"Pass","Example_Data_14_INFI.csv"
"B26","ID35","Untreated","TRANCE","O14788","OID00521",3.75999139874727,0,0.05,"Pass","Example_Data_14_INFI.csv"
"B29","ID36","Untreated","TRANCE","O14788","OID00521",3.12174768683649,0,0.05,"Pass","Example_Data_14_INFI.csv"
"B32","ID37","Treated","TRANCE","O14788","OID00521",3.21702649484653,0,0.05,"Pass","Example_Data_14_INFI.csv"
"B35","ID38","Treated","TRANCE","O14788","OID00521",5.67041235404124,0,0.05,"Pass","Example_Data_14_INFI.csv"
"B38","ID39","Untreated","TRANCE","O14788","OID00521",3.20133248690511,0,0.05,"Pass","Example_Data_14_INFI.csv"
"B41","ID40","Untreated","TRANCE","O14788","OID00521",4.04139233757783,0,0.05,"Pass","Example_Data_14_INFI.csv"
"B44","ID41","Untreated","TRANCE","O14788","OID00521",6.83134141162081,0,0.05,"Pass","Example_Data_14_INFI.csv"
"B47","ID42","Treated","TRANCE","O14788","OID00521",5.04861837536102,0,0.05,"Pass","Example_Data_14_INFI.csv"
"B50","ID43","Treated","TRANCE","O14788","OID00521",2.78716936120743,0,0.05,"Pass","Example_Data_14_INFI.csv"
"B53","ID44","Treated","TRANCE","O14788","OID00521",7.28170768121492,0,0.05,"Pass","Example_Data_14_INFI.csv"
"B56","ID45","Treated","TRANCE","O14788","OID00521",3.38470930276492,0,0.05,"Pass","Example_Data_14_INFI.csv"
"B59","ID46","Treated","TRANCE","O14788","OID00521",4.31046877361018,0,0.05,"Pass","Example_Data_14_INFI.csv"
"B62","ID47","Treated","TRANCE","O14788","OID00521",-0.243517203801926,0,0.05,"Pass","Example_Data_14_INFI.csv"
"B65","ID48","Treated","TRANCE","O14788","OID00521",2.60863762216938,0,0.05,"Pass","Example_Data_14_INFI.csv"
"B68","ID49","Treated","TRANCE","O14788","OID00521",2.84883959649705,0,0.05,"Pass","Example_Data_14_INFI.csv"
"B71","ID50","Treated","TRANCE","O14788","OID00521",5.03534023624594,0,0.05,"Pass","Example_Data_14_INFI.csv"
"B74","ID51","Untreated","TRANCE","O14788","OID00521",5.04139548443137,0,0.05,"Pass","Example_Data_14_INFI.csv"
"B77","ID52","Treated","TRANCE","O14788","OID00521",6.03794039571368,0,0.05,"Pass","Example_Data_14_INFI.csv"
"A1","ID1","Untreated","HGF","P14210","OID00522",5.16401570807316,0,0.05,"Pass","Example_Data_13_INFI.csv"
"A4","ID2","Untreated","HGF","P14210","OID00522",7.28841530131638,0,0.05,"Pass","Example_Data_13_INFI.csv"
"A7","ID3","Untreated","HGF","P14210","OID00522",5.16744135726399,0,0.05,"Pass","Example_Data_13_INFI.csv"
"A10","ID4","Untreated","HGF","P14210","OID00522",4.3950438640245,0,0.05,"Pass","Example_Data_13_INFI.csv"
"A13","ID5","Untreated","HGF","P14210","OID00522",1.88347097580896,0,0.05,"Pass","Example_Data_13_INFI.csv"
"A16","ID6","Treated","HGF","P14210","OID00522",4.224648865078,0,0.05,"Pass","Example_Data_13_INFI.csv"
"A19","ID7","Untreated","HGF","P14210","OID00522",2.7081031695984,0,0.05,"Pass","Example_Data_13_INFI.csv"
"A22","ID8","Treated","HGF","P14210","OID00522",-0.744834694082844,0,0.05,"Pass","Example_Data_13_INFI.csv"
"A25","ID9","Untreated","HGF","P14210","OID00522",1.90560886324266,0,0.05,"Pass","Example_Data_13_INFI.csv"
"A28","ID10","Treated","HGF","P14210","OID00522",7.8177997786284,0,0.05,"Pass","Example_Data_13_INFI.csv"
"A31","ID11","Treated","HGF","P14210","OID00522",1.5638337413354,0,0.05,"Pass","Example_Data_13_INFI.csv"
"A37","ID13","Untreated","HGF","P14210","OID00522",6.2397637000387,0,0.05,"Pass","Example_Data_13_INFI.csv"
"A40","ID14","Untreated","HGF","P14210","OID00522",7.87986028177317,0,0.05,"Pass","Example_Data_13_INFI.csv"
"A43","ID15","Treated","HGF","P14210","OID00522",-1.36506840241777,0,0.05,"Pass","Example_Data_13_INFI.csv"
"A46","ID16","Untreated","HGF","P14210","OID00522",1.89650634746691,0,0.05,"Pass","Example_Data_13_INFI.csv"
"A49","ID17","Untreated","HGF","P14210","OID00522",2.48379805661654,0,0.05,"Pass","Example_Data_13_INFI.csv"
"A52","ID18","Treated","HGF","P14210","OID00522",6.66069588099828,0,0.05,"Pass","Example_Data_13_INFI.csv"
"A55","ID19","Treated","HGF","P14210","OID00522",3.10962324159684,0,0.05,"Pass","Example_Data_13_INFI.csv"
"A58","ID20","Untreated","HGF","P14210","OID00522",-0.139162613642769,0,0.05,"Pass","Example_Data_13_INFI.csv"
"A61","ID21","Untreated","HGF","P14210","OID00522",-0.113948494149524,0,0.05,"Pass","Example_Data_13_INFI.csv"
"A64","ID22","Untreated","HGF","P14210","OID00522",3.72577692673867,0,0.05,"Pass","Example_Data_13_INFI.csv"
"A67","ID23","Treated","HGF","P14210","OID00522",-0.822008876995174,0,0.05,"Pass","Example_Data_13_INFI.csv"
"A70","ID24","Untreated","HGF","P14210","OID00522",3.52959788914257,0,0.05,"Pass","Example_Data_13_INFI.csv"
"A73","ID25","Untreated","HGF","P14210","OID00522",4.8706466658806,0,0.05,"Pass","Example_Data_13_INFI.csv"
"A76","ID26","Untreated","HGF","P14210","OID00522",0.615010874363873,0,0.05,"Pass","Example_Data_13_INFI.csv"
"B2","ID27","Treated","HGF","P14210","OID00522",0.0715160786523487,0,0.05,"Pass","Example_Data_14_INFI.csv"
"B5","ID28","Treated","HGF","P14210","OID00522",3.49557986263754,0,0.05,"Pass","Example_Data_14_INFI.csv"
"B8","ID29","Untreated","HGF","P14210","OID00522",2.99218300214575,0,0.05,"Pass","Example_Data_14_INFI.csv"
"B11","ID30","Untreated","HGF","P14210","OID00522",4.75977337764881,0,0.05,"Pass","Example_Data_14_INFI.csv"
"B14","ID31","Untreated","HGF","P14210","OID00522",5.18310644032383,0,0.05,"Pass","Example_Data_14_INFI.csv"
"B17","ID32","Treated","HGF","P14210","OID00522",6.5535730362034,0,0.05,"Pass","Example_Data_14_INFI.csv"
"B20","ID33","Untreated","HGF","P14210","OID00522",7.11598123079926,0,0.05,"Pass","Example_Data_14_INFI.csv"
"B23","ID34","Untreated","HGF","P14210","OID00522",2.0769822519974,0,0.05,"Pass","Example_Data_14_INFI.csv"
"B26","ID35","Untreated","HGF","P14210","OID00522",5.64031022008548,0,0.05,"Pass","Example_Data_14_INFI.csv"
"B29","ID36","Untreated","HGF","P14210","OID00522",4.30731421696923,0,0.05,"Pass","Example_Data_14_INFI.csv"
"B32","ID37","Treated","HGF","P14210","OID00522",5.89989031468185,0,0.05,"Pass","Example_Data_14_INFI.csv"
"B35","ID38","Treated","HGF","P14210","OID00522",2.32097841795458,0,0.05,"Pass","Example_Data_14_INFI.csv"
"B38","ID39","Untreated","HGF","P14210","OID00522",5.63331384637105,0,0.05,"Pass","Example_Data_14_INFI.csv"
"B41","ID40","Untreated","HGF","P14210","OID00522",3.81921439275387,0,0.05,"Pass","Example_Data_14_INFI.csv"
"B44","ID41","Untreated","HGF","P14210","OID00522",2.68144222046693,0,0.05,"Pass","Example_Data_14_INFI.csv"
"B47","ID42","Treated","HGF","P14210","OID00522",3.19244058624419,0,0.05,"Pass","Example_Data_14_INFI.csv"
"B50","ID43","Treated","HGF","P14210","OID00522",2.07837318885476,0,0.05,"Pass","Example_Data_14_INFI.csv"
"B53","ID44","Treated","HGF","P14210","OID00522",5.59537647381708,0,0.05,"Pass","Example_Data_14_INFI.csv"
"B56","ID45","Treated","HGF","P14210","OID00522",5.83318995576159,0,0.05,"Pass","Example_Data_14_INFI.csv"
"B59","ID46","Treated","HGF","P14210","OID00522",3.76961287373683,0,0.05,"Pass","Example_Data_14_INFI.csv"
"B62","ID47","Treated","HGF","P14210","OID00522",2.80688729889387,0,0.05,"Pass","Example_Data_14_INFI.csv"
"B65","ID48","Treated","HGF","P14210","OID00522",5.18139352534306,0,0.05,"Pass","Example_Data_14_INFI.csv"
"B68","ID49","Treated","HGF","P14210","OID00522",4.77776640496513,0,0.05,"Pass","Example_Data_14_INFI.csv"
"B71","ID50","Treated","HGF","P14210","OID00522",3.72460238333308,0,0.05,"Pass","Example_Data_14_INFI.csv"
"B74","ID51","Untreated","HGF","P14210","OID00522",5.90889730024165,0,0.05,"Pass","Example_Data_14_INFI.csv"
"B77","ID52","Treated","HGF","P14210","OID00522",5.15890876241342,0,0.05,"Pass","Example_Data_14_INFI.csv"
"A1","ID1","Untreated","IL-12B","P29460","OID00523",7.0942457910457,0.435296978615225,0.0125,"Pass","Example_Data_13_INFI.csv"
"A4","ID2","Untreated","IL-12B","P29460","OID00523",11.9988817190158,0.435296978615225,0.0125,"Pass","Example_Data_13_INFI.csv"
"A7","ID3","Untreated","IL-12B","P29460","OID00523",4.00811764604502,0.435296978615225,0.0125,"Pass","Example_Data_13_INFI.csv"
"A10","ID4","Untreated","IL-12B","P29460","OID00523",11.9413996835163,0.435296978615225,0.0125,"Pass","Example_Data_13_INFI.csv"
"A13","ID5","Untreated","IL-12B","P29460","OID00523",8.36227108829499,0.435296978615225,0.0125,"Pass","Example_Data_13_INFI.csv"
"A16","ID6","Treated","IL-12B","P29460","OID00523",12.102740730833,0.435296978615225,0.0125,"Pass","Example_Data_13_INFI.csv"
"A19","ID7","Untreated","IL-12B","P29460","OID00523",8.95469096450269,0.435296978615225,0.0125,"Pass","Example_Data_13_INFI.csv"
"A22","ID8","Treated","IL-12B","P29460","OID00523",8.23984796353007,0.435296978615225,0.0125,"Pass","Example_Data_13_INFI.csv"
"A25","ID9","Untreated","IL-12B","P29460","OID00523",11.8863577276766,0.435296978615225,0.0125,"Pass","Example_Data_13_INFI.csv"
"A28","ID10","Treated","IL-12B","P29460","OID00523",6.11069989227473,0.435296978615225,0.0125,"Pass","Example_Data_13_INFI.csv"
"A31","ID11","Treated","IL-12B","P29460","OID00523",6.74540594174969,0.435296978615225,0.0125,"Pass","Example_Data_13_INFI.csv"
"A37","ID13","Untreated","IL-12B","P29460","OID00523",8.92839657480846,0.435296978615225,0.0125,"Pass","Example_Data_13_INFI.csv"
"A40","ID14","Untreated","IL-12B","P29460","OID00523",9.05886049937262,0.435296978615225,0.0125,"Pass","Example_Data_13_INFI.csv"
"A43","ID15","Treated","IL-12B","P29460","OID00523",11.6048983253018,0.435296978615225,0.0125,"Pass","Example_Data_13_INFI.csv"
"A46","ID16","Untreated","IL-12B","P29460","OID00523",16.4581141667231,0.435296978615225,0.0125,"Pass","Example_Data_13_INFI.csv"
"A49","ID17","Untreated","IL-12B","P29460","OID00523",11.2391611996765,0.435296978615225,0.0125,"Pass","Example_Data_13_INFI.csv"
"A52","ID18","Treated","IL-12B","P29460","OID00523",14.0625557581461,0.435296978615225,0.0125,"Pass","Example_Data_13_INFI.csv"
"A55","ID19","Treated","IL-12B","P29460","OID00523",12.2630168323486,0.435296978615225,0.0125,"Pass","Example_Data_13_INFI.csv"
"A58","ID20","Untreated","IL-12B","P29460","OID00523",6.926737375002,0.435296978615225,0.0125,"Pass","Example_Data_13_INFI.csv"
"A61","ID21","Untreated","IL-12B","P29460","OID00523",10.3302148742236,0.435296978615225,0.0125,"Pass","Example_Data_13_INFI.csv"
"A64","ID22","Untreated","IL-12B","P29460","OID00523",7.57889567550794,0.435296978615225,0.0125,"Pass","Example_Data_13_INFI.csv"
"A67","ID23","Treated","IL-12B","P29460","OID00523",1.57233263907725,0.435296978615225,0.0125,"Pass","Example_Data_13_INFI.csv"
"A70","ID24","Untreated","IL-12B","P29460","OID00523",14.4290723471248,0.435296978615225,0.0125,"Pass","Example_Data_13_INFI.csv"
"A73","ID25","Untreated","IL-12B","P29460","OID00523",7.45897043827964,0.435296978615225,0.0125,"Pass","Example_Data_13_INFI.csv"
"A76","ID26","Untreated","IL-12B","P29460","OID00523",9.4612371368351,0.435296978615225,0.0125,"Pass","Example_Data_13_INFI.csv"
"B2","ID27","Treated","IL-12B","P29460","OID00523",3.44585090888852,0.435296978615225,0.0125,"Pass","Example_Data_14_INFI.csv"
"B5","ID28","Treated","IL-12B","P29460","OID00523",10.6949536278427,0.435296978615225,0.0125,"Pass","Example_Data_14_INFI.csv"
"B8","ID29","Untreated","IL-12B","P29460","OID00523",7.76267896723465,0.435296978615225,0.0125,"Pass","Example_Data_14_INFI.csv"
"B11","ID30","Untreated","IL-12B","P29460","OID00523",8.00232097120346,0.435296978615225,0.0125,"Pass","Example_Data_14_INFI.csv"
"B14","ID31","Untreated","IL-12B","P29460","OID00523",9.0211020781514,0.435296978615225,0.0125,"Pass","Example_Data_14_INFI.csv"
"B17","ID32","Treated","IL-12B","P29460","OID00523",10.1321201721722,0.435296978615225,0.0125,"Pass","Example_Data_14_INFI.csv"
"B20","ID33","Untreated","IL-12B","P29460","OID00523",7.97691594337741,0.435296978615225,0.0125,"Pass","Example_Data_14_INFI.csv"
"B23","ID34","Untreated","IL-12B","P29460","OID00523",-7.02443330706786,0.435296978615225,0.0125,"Pass","Example_Data_14_INFI.csv"
"B26","ID35","Untreated","IL-12B","P29460","OID00523",6.10624564038614,0.435296978615225,0.0125,"Pass","Example_Data_14_INFI.csv"
"B29","ID36","Untreated","IL-12B","P29460","OID00523",3.38797054980857,0.435296978615225,0.0125,"Pass","Example_Data_14_INFI.csv"
"B32","ID37","Treated","IL-12B","P29460","OID00523",12.6865898550625,0.435296978615225,0.0125,"Pass","Example_Data_14_INFI.csv"
"B35","ID38","Treated","IL-12B","P29460","OID00523",7.82138847477843,0.435296978615225,0.0125,"Pass","Example_Data_14_INFI.csv"
"B38","ID39","Untreated","IL-12B","P29460","OID00523",15.5963974288258,0.435296978615225,0.0125,"Pass","Example_Data_14_INFI.csv"
"B41","ID40","Untreated","IL-12B","P29460","OID00523",11.7023053554253,0.435296978615225,0.0125,"Pass","Example_Data_14_INFI.csv"
"B44","ID41","Untreated","IL-12B","P29460","OID00523",12.1118806681441,0.435296978615225,0.0125,"Pass","Example_Data_14_INFI.csv"
"B47","ID42","Treated","IL-12B","P29460","OID00523",12.8880994212764,0.435296978615225,0.0125,"Pass","Example_Data_14_INFI.csv"
"B50","ID43","Treated","IL-12B","P29460","OID00523",7.70315350842252,0.435296978615225,0.0125,"Pass","Example_Data_14_INFI.csv"
"B53","ID44","Treated","IL-12B","P29460","OID00523",8.2315379843249,0.435296978615225,0.0125,"Pass","Example_Data_14_INFI.csv"
"B56","ID45","Treated","IL-12B","P29460","OID00523",10.1060445140769,0.435296978615225,0.0125,"Pass","Example_Data_14_INFI.csv"
"B59","ID46","Treated","IL-12B","P29460","OID00523",7.84112619247627,0.435296978615225,0.0125,"Pass","Example_Data_14_INFI.csv"
"B62","ID47","Treated","IL-12B","P29460","OID00523",9.11528283597996,0.435296978615225,0.0125,"Pass","Example_Data_14_INFI.csv"
"B65","ID48","Treated","IL-12B","P29460","OID00523",13.7769852393001,0.435296978615225,0.0125,"Pass","Example_Data_14_INFI.csv"
"B68","ID49","Treated","IL-12B","P29460","OID00523",18.9405417346459,0.435296978615225,0.0125,"Pass","Example_Data_14_INFI.csv"
"B71","ID50","Treated","IL-12B","P29460","OID00523",8.94734428833927,0.435296978615225,0.0125,"Pass","Example_Data_14_INFI.csv"
"B74","ID51","Untreated","IL-12B","P29460","OID00523",12.5248011784427,0.435296978615225,0.0125,"Pass","Example_Data_14_INFI.csv"
"B77","ID52","Treated","IL-12B","P29460","OID00523",15.6326683429502,0.435296978615225,0.0125,"Pass","Example_Data_14_INFI.csv"
"A1","ID1","Untreated","IL-24","Q13007","OID00524",2.82552621096187,1.07767060831407,0.0875,"Pass","Example_Data_13_INFI.csv"
"A4","ID2","Untreated","IL-24","Q13007","OID00524",6.35591058787095,1.07767060831407,0.0875,"Pass","Example_Data_13_INFI.csv"
"A7","ID3","Untreated","IL-24","Q13007","OID00524",7.81916638876661,1.07767060831407,0.0875,"Pass","Example_Data_13_INFI.csv"
"A10","ID4","Untreated","IL-24","Q13007","OID00524",11.7473479204753,1.07767060831407,0.0875,"Pass","Example_Data_13_INFI.csv"
"A13","ID5","Untreated","IL-24","Q13007","OID00524",1.18161990622541,1.07767060831407,0.0875,"Pass","Example_Data_13_INFI.csv"
"A16","ID6","Treated","IL-24","Q13007","OID00524",3.9209184839592,1.07767060831407,0.0875,"Pass","Example_Data_13_INFI.csv"
"A19","ID7","Untreated","IL-24","Q13007","OID00524",8.07663019781416,1.07767060831407,0.0875,"Pass","Example_Data_13_INFI.csv"
"A22","ID8","Treated","IL-24","Q13007","OID00524",1.06189420107103,1.07767060831407,0.0875,"Pass","Example_Data_13_INFI.csv"
"A25","ID9","Untreated","IL-24","Q13007","OID00524",1.97498911087582,1.07767060831407,0.0875,"Pass","Example_Data_13_INFI.csv"
"A28","ID10","Treated","IL-24","Q13007","OID00524",3.36795723230183,1.07767060831407,0.0875,"Pass","Example_Data_13_INFI.csv"
"A31","ID11","Treated","IL-24","Q13007","OID00524",10.1312804447992,1.07767060831407,0.0875,"Pass","Example_Data_13_INFI.csv"
"A37","ID13","Untreated","IL-24","Q13007","OID00524",5.53712761935048,1.07767060831407,0.0875,"Pass","Example_Data_13_INFI.csv"
"A40","ID14","Untreated","IL-24","Q13007","OID00524",7.29447252406002,1.07767060831407,0.0875,"Pass","Example_Data_13_INFI.csv"
"A43","ID15","Treated","IL-24","Q13007","OID00524",11.8525886677951,1.07767060831407,0.0875,"Pass","Example_Data_13_INFI.csv"
"A46","ID16","Untreated","IL-24","Q13007","OID00524",6.74048181157595,1.07767060831407,0.0875,"Pass","Example_Data_13_INFI.csv"
"A49","ID17","Untreated","IL-24","Q13007","OID00524",7.38071537792886,1.07767060831407,0.0875,"Pass","Example_Data_13_INFI.csv"
"A52","ID18","Treated","IL-24","Q13007","OID00524",2.68680944259198,1.07767060831407,0.0875,"Pass","Example_Data_13_INFI.csv"
"A55","ID19","Treated","IL-24","Q13007","OID00524",6.76762593750136,1.07767060831407,0.0875,"Pass","Example_Data_13_INFI.csv"
"A58","ID20","Untreated","IL-24","Q13007","OID00524",3.13303750705599,1.07767060831407,0.0875,"Pass","Example_Data_13_INFI.csv"
"A61","ID21","Untreated","IL-24","Q13007","OID00524",7.9353347123971,1.07767060831407,0.0875,"Pass","Example_Data_13_INFI.csv"
"A64","ID22","Untreated","IL-24","Q13007","OID00524",-1.68855709261519,1.07767060831407,0.0875,"Pass","Example_Data_13_INFI.csv"
"A67","ID23","Treated","IL-24","Q13007","OID00524",4.54781306937357,1.07767060831407,0.0875,"Pass","Example_Data_13_INFI.csv"
"A70","ID24","Untreated","IL-24","Q13007","OID00524",2.68750083967081,1.07767060831407,0.0875,"Pass","Example_Data_13_INFI.csv"
"A73","ID25","Untreated","IL-24","Q13007","OID00524",8.2809460760993,1.07767060831407,0.0875,"Pass","Example_Data_13_INFI.csv"
"A76","ID26","Untreated","IL-24","Q13007","OID00524",7.59274562317424,1.07767060831407,0.0875,"Pass","Example_Data_13_INFI.csv"
"B2","ID27","Treated","IL-24","Q13007","OID00524",1.7113448322052,1.07767060831407,0.0875,"Pass","Example_Data_14_INFI.csv"
"B5","ID28","Treated","IL-24","Q13007","OID00524",-0.521174642992,1.07767060831407,0.0875,"Pass","Example_Data_14_INFI.csv"
"B8","ID29","Untreated","IL-24","Q13007","OID00524",3.66796967714568,1.07767060831407,0.0875,"Pass","Example_Data_14_INFI.csv"
"B11","ID30","Untreated","IL-24","Q13007","OID00524",4.06343290121987,1.07767060831407,0.0875,"Pass","Example_Data_14_INFI.csv"
"B14","ID31","Untreated","IL-24","Q13007","OID00524",7.1801704300825,1.07767060831407,0.0875,"Pass","Example_Data_14_INFI.csv"
"B17","ID32","Treated","IL-24","Q13007","OID00524",3.64556774314837,1.07767060831407,0.0875,"Pass","Example_Data_14_INFI.csv"
"B20","ID33","Untreated","IL-24","Q13007","OID00524",5.00497429476725,1.07767060831407,0.0875,"Pass","Example_Data_14_INFI.csv"
"B23","ID34","Untreated","IL-24","Q13007","OID00524",6.17087136272777,1.07767060831407,0.0875,"Pass","Example_Data_14_INFI.csv"
"B26","ID35","Untreated","IL-24","Q13007","OID00524",5.32586660945739,1.07767060831407,0.0875,"Pass","Example_Data_14_INFI.csv"
"B29","ID36","Untreated","IL-24","Q13007","OID00524",2.35685725204176,1.07767060831407,0.0875,"Pass","Example_Data_14_INFI.csv"
"B32","ID37","Treated","IL-24","Q13007","OID00524",4.95680675832128,1.07767060831407,0.0875,"Pass","Example_Data_14_INFI.csv"
"B35","ID38","Treated","IL-24","Q13007","OID00524",7.32418688655951,1.07767060831407,0.0875,"Pass","Example_Data_14_INFI.csv"
"B38","ID39","Untreated","IL-24","Q13007","OID00524",10.7297461671476,1.07767060831407,0.0875,"Pass","Example_Data_14_INFI.csv"
"B41","ID40","Untreated","IL-24","Q13007","OID00524",5.9828883529418,1.07767060831407,0.0875,"Pass","Example_Data_14_INFI.csv"
"B44","ID41","Untreated","IL-24","Q13007","OID00524",2.31238624208342,1.07767060831407,0.0875,"Pass","Example_Data_14_INFI.csv"
"B47","ID42","Treated","IL-24","Q13007","OID00524",6.93496630416305,1.07767060831407,0.0875,"Pass","Example_Data_14_INFI.csv"
"B50","ID43","Treated","IL-24","Q13007","OID00524",5.36694004900077,1.07767060831407,0.0875,"Pass","Example_Data_14_INFI.csv"
"B53","ID44","Treated","IL-24","Q13007","OID00524",8.11829971284935,1.07767060831407,0.0875,"Pass","Example_Data_14_INFI.csv"
"B56","ID45","Treated","IL-24","Q13007","OID00524",2.5141884404488,1.07767060831407,0.0875,"Pass","Example_Data_14_INFI.csv"
"B59","ID46","Treated","IL-24","Q13007","OID00524",6.25611743923023,1.07767060831407,0.0875,"Pass","Example_Data_14_INFI.csv"
"B62","ID47","Treated","IL-24","Q13007","OID00524",4.40684343903256,1.07767060831407,0.0875,"Pass","Example_Data_14_INFI.csv"
"B65","ID48","Treated","IL-24","Q13007","OID00524",2.58572123704266,1.07767060831407,0.0875,"Pass","Example_Data_14_INFI.csv"
"B68","ID49","Treated","IL-24","Q13007","OID00524",11.6384295680989,1.07767060831407,0.0875,"Pass","Example_Data_14_INFI.csv"
"B71","ID50","Treated","IL-24","Q13007","OID00524",6.48438149544469,1.07767060831407,0.0875,"Pass","Example_Data_14_INFI.csv"
"B74","ID51","Untreated","IL-24","Q13007","OID00524",9.91997171854994,1.07767060831407,0.0875,"Pass","Example_Data_14_INFI.csv"
"B77","ID52","Treated","IL-24","Q13007","OID00524",3.3969036874275,1.07767060831407,0.0875,"Pass","Example_Data_14_INFI.csv"
"A1","ID1","Untreated","IL13","P35225","OID00525",1.77844939002613,0,0.08125,"Pass","Example_Data_13_INFI.csv"
"A4","ID2","Untreated","IL13","P35225","OID00525",2.68760058495149,0,0.08125,"Pass","Example_Data_13_INFI.csv"
"A7","ID3","Untreated","IL13","P35225","OID00525",4.3925983152618,0,0.08125,"Pass","Example_Data_13_INFI.csv"
"A10","ID4","Untreated","IL13","P35225","OID00525",3.95580070431031,0,0.08125,"Pass","Example_Data_13_INFI.csv"
"A13","ID5","Untreated","IL13","P35225","OID00525",2.19019901752604,0,0.08125,"Pass","Example_Data_13_INFI.csv"
"A16","ID6","Treated","IL13","P35225","OID00525",5.39678267914373,0,0.08125,"Pass","Example_Data_13_INFI.csv"
"A19","ID7","Untreated","IL13","P35225","OID00525",3.82628942754542,0,0.08125,"Pass","Example_Data_13_INFI.csv"
"A22","ID8","Treated","IL13","P35225","OID00525",2.57914298893921,0,0.08125,"Pass","Example_Data_13_INFI.csv"
"A25","ID9","Untreated","IL13","P35225","OID00525",1.76779794717217,0,0.08125,"Pass","Example_Data_13_INFI.csv"
"A28","ID10","Treated","IL13","P35225","OID00525",5.48133442319733,0,0.08125,"Pass","Example_Data_13_INFI.csv"
"A31","ID11","Treated","IL13","P35225","OID00525",0.545994662722805,0,0.08125,"Pass","Example_Data_13_INFI.csv"
"A37","ID13","Untreated","IL13","P35225","OID00525",3.55506688217367,0,0.08125,"Pass","Example_Data_13_INFI.csv"
"A40","ID14","Untreated","IL13","P35225","OID00525",-0.228609441970368,0,0.08125,"Pass","Example_Data_13_INFI.csv"
"A43","ID15","Treated","IL13","P35225","OID00525",5.34035457049559,0,0.08125,"Pass","Example_Data_13_INFI.csv"
"A46","ID16","Untreated","IL13","P35225","OID00525",4.35112885578577,0,0.08125,"Pass","Example_Data_13_INFI.csv"
"A49","ID17","Untreated","IL13","P35225","OID00525",2.62622327559182,0,0.08125,"Pass","Example_Data_13_INFI.csv"
"A52","ID18","Treated","IL13","P35225","OID00525",2.63200569157111,0,0.08125,"Pass","Example_Data_13_INFI.csv"
"A55","ID19","Treated","IL13","P35225","OID00525",3.55897993869417,0,0.08125,"Pass","Example_Data_13_INFI.csv"
"A58","ID20","Untreated","IL13","P35225","OID00525",3.80175943670908,0,0.08125,"Pass","Example_Data_13_INFI.csv"
"A61","ID21","Untreated","IL13","P35225","OID00525",-0.46970437763905,0,0.08125,"Pass","Example_Data_13_INFI.csv"
"A64","ID22","Untreated","IL13","P35225","OID00525",1.41087574566912,0,0.08125,"Pass","Example_Data_13_INFI.csv"
"A67","ID23","Treated","IL13","P35225","OID00525",-1.00393196683798,0,0.08125,"Pass","Example_Data_13_INFI.csv"
"A70","ID24","Untreated","IL13","P35225","OID00525",1.5029884637416,0,0.08125,"Pass","Example_Data_13_INFI.csv"
"A73","ID25","Untreated","IL13","P35225","OID00525",6.54161505659101,0,0.08125,"Pass","Example_Data_13_INFI.csv"
"A76","ID26","Untreated","IL13","P35225","OID00525",0.650792856805993,0,0.08125,"Pass","Example_Data_13_INFI.csv"
"B2","ID27","Treated","IL13","P35225","OID00525",6.18476875255565,0,0.08125,"Pass","Example_Data_14_INFI.csv"
"B5","ID28","Treated","IL13","P35225","OID00525",6.00396401562598,0,0.08125,"Pass","Example_Data_14_INFI.csv"
"B8","ID29","Untreated","IL13","P35225","OID00525",4.85745972309511,0,0.08125,"Pass","Example_Data_14_INFI.csv"
"B11","ID30","Untreated","IL13","P35225","OID00525",1.37024890173741,0,0.08125,"Pass","Example_Data_14_INFI.csv"
"B14","ID31","Untreated","IL13","P35225","OID00525",4.83903705200189,0,0.08125,"Pass","Example_Data_14_INFI.csv"
"B17","ID32","Treated","IL13","P35225","OID00525",5.15203693057007,0,0.08125,"Pass","Example_Data_14_INFI.csv"
"B20","ID33","Untreated","IL13","P35225","OID00525",0.0132401086490473,0,0.08125,"Pass","Example_Data_14_INFI.csv"
"B23","ID34","Untreated","IL13","P35225","OID00525",-0.360636968734862,0,0.08125,"Pass","Example_Data_14_INFI.csv"
"B26","ID35","Untreated","IL13","P35225","OID00525",3.66741326969832,0,0.08125,"Pass","Example_Data_14_INFI.csv"
"B29","ID36","Untreated","IL13","P35225","OID00525",4.15671224179656,0,0.08125,"Pass","Example_Data_14_INFI.csv"
"B32","ID37","Treated","IL13","P35225","OID00525",1.18271886299884,0,0.08125,"Pass","Example_Data_14_INFI.csv"
"B35","ID38","Treated","IL13","P35225","OID00525",-1.17539155953881,0,0.08125,"Pass","Example_Data_14_INFI.csv"
"B38","ID39","Untreated","IL13","P35225","OID00525",5.37625902218951,0,0.08125,"Pass","Example_Data_14_INFI.csv"
"B41","ID40","Untreated","IL13","P35225","OID00525",3.39843029056055,0,0.08125,"Pass","Example_Data_14_INFI.csv"
"B44","ID41","Untreated","IL13","P35225","OID00525",0.893908553616471,0,0.08125,"Pass","Example_Data_14_INFI.csv"
"B47","ID42","Treated","IL13","P35225","OID00525",5.30533499300098,0,0.08125,"Pass","Example_Data_14_INFI.csv"
"B50","ID43","Treated","IL13","P35225","OID00525",3.52969902840796,0,0.08125,"Pass","Example_Data_14_INFI.csv"
"B53","ID44","Treated","IL13","P35225","OID00525",-1.03270743313685,0,0.08125,"Pass","Example_Data_14_INFI.csv"
"B56","ID45","Treated","IL13","P35225","OID00525",-4.39061899414203,0,0.08125,"Pass","Example_Data_14_INFI.csv"
"B59","ID46","Treated","IL13","P35225","OID00525",4.6774275183756,0,0.08125,"Pass","Example_Data_14_INFI.csv"
"B62","ID47","Treated","IL13","P35225","OID00525",0.333612866546388,0,0.08125,"Pass","Example_Data_14_INFI.csv"
"B65","ID48","Treated","IL13","P35225","OID00525",3.68082533492721,0,0.08125,"Pass","Example_Data_14_INFI.csv"
"B68","ID49","Treated","IL13","P35225","OID00525",2.12111128501153,0,0.08125,"Pass","Example_Data_14_INFI.csv"
"B71","ID50","Treated","IL13","P35225","OID00525",-0.000218594446585008,0,0.08125,"Pass","Example_Data_14_INFI.csv"
"B74","ID51","Untreated","IL13","P35225","OID00525",4.85366379826921,0,0.08125,"Pass","Example_Data_14_INFI.csv"
"B77","ID52","Treated","IL13","P35225","OID00525",-0.0484140461478896,0,0.08125,"Pass","Example_Data_14_INFI.csv"
"A1","ID1","Untreated","ARTN","Q5T4W7","OID00526",5.09704486316904,0.103339430895656,0.03125,"Pass","Example_Data_13_INFI.csv"
"A4","ID2","Untreated","ARTN","Q5T4W7","OID00526",3.39382312284876,0.103339430895656,0.03125,"Pass","Example_Data_13_INFI.csv"
"A7","ID3","Untreated","ARTN","Q5T4W7","OID00526",1.2284614607396,0.103339430895656,0.03125,"Pass","Example_Data_13_INFI.csv"
"A10","ID4","Untreated","ARTN","Q5T4W7","OID00526",2.24906234995572,0.103339430895656,0.03125,"Pass","Example_Data_13_INFI.csv"
"A13","ID5","Untreated","ARTN","Q5T4W7","OID00526",2.5636450378602,0.103339430895656,0.03125,"Pass","Example_Data_13_INFI.csv"
"A16","ID6","Treated","ARTN","Q5T4W7","OID00526",2.15460371025475,0.103339430895656,0.03125,"Pass","Example_Data_13_INFI.csv"
"A19","ID7","Untreated","ARTN","Q5T4W7","OID00526",1.27305738302471,0.103339430895656,0.03125,"Pass","Example_Data_13_INFI.csv"
"A22","ID8","Treated","ARTN","Q5T4W7","OID00526",2.86640909041497,0.103339430895656,0.03125,"Pass","Example_Data_13_INFI.csv"
"A25","ID9","Untreated","ARTN","Q5T4W7","OID00526",4.87310363485953,0.103339430895656,0.03125,"Pass","Example_Data_13_INFI.csv"
"A28","ID10","Treated","ARTN","Q5T4W7","OID00526",-3.4286704837287,0.103339430895656,0.03125,"Pass","Example_Data_13_INFI.csv"
"A31","ID11","Treated","ARTN","Q5T4W7","OID00526",3.03614762241351,0.103339430895656,0.03125,"Pass","Example_Data_13_INFI.csv"
"A37","ID13","Untreated","ARTN","Q5T4W7","OID00526",6.90398013967428,0.103339430895656,0.03125,"Pass","Example_Data_13_INFI.csv"
"A40","ID14","Untreated","ARTN","Q5T4W7","OID00526",1.6030102967439,0.103339430895656,0.03125,"Pass","Example_Data_13_INFI.csv"
"A43","ID15","Treated","ARTN","Q5T4W7","OID00526",3.70972737675371,0.103339430895656,0.03125,"Pass","Example_Data_13_INFI.csv"
"A46","ID16","Untreated","ARTN","Q5T4W7","OID00526",4.20090050782254,0.103339430895656,0.03125,"Pass","Example_Data_13_INFI.csv"
"A49","ID17","Untreated","ARTN","Q5T4W7","OID00526",3.16679685974204,0.103339430895656,0.03125,"Pass","Example_Data_13_INFI.csv"
"A52","ID18","Treated","ARTN","Q5T4W7","OID00526",6.12943097400936,0.103339430895656,0.03125,"Pass","Example_Data_13_INFI.csv"
"A55","ID19","Treated","ARTN","Q5T4W7","OID00526",1.96261611425078,0.103339430895656,0.03125,"Pass","Example_Data_13_INFI.csv"
"A58","ID20","Untreated","ARTN","Q5T4W7","OID00526",4.46101609129497,0.103339430895656,0.03125,"Pass","Example_Data_13_INFI.csv"
"A61","ID21","Untreated","ARTN","Q5T4W7","OID00526",2.90290881447864,0.103339430895656,0.03125,"Pass","Example_Data_13_INFI.csv"
"A64","ID22","Untreated","ARTN","Q5T4W7","OID00526",3.31004840339961,0.103339430895656,0.03125,"Pass","Example_Data_13_INFI.csv"
"A67","ID23","Treated","ARTN","Q5T4W7","OID00526",2.66460845147609,0.103339430895656,0.03125,"Pass","Example_Data_13_INFI.csv"
"A70","ID24","Untreated","ARTN","Q5T4W7","OID00526",4.04891520453165,0.103339430895656,0.03125,"Pass","Example_Data_13_INFI.csv"
"A73","ID25","Untreated","ARTN","Q5T4W7","OID00526",4.43855340318738,0.103339430895656,0.03125,"Pass","Example_Data_13_INFI.csv"
"A76","ID26","Untreated","ARTN","Q5T4W7","OID00526",3.2577406603854,0.103339430895656,0.03125,"Pass","Example_Data_13_INFI.csv"
"B2","ID27","Treated","ARTN","Q5T4W7","OID00526",4.75044188133993,0.103339430895656,0.03125,"Pass","Example_Data_14_INFI.csv"
"B5","ID28","Treated","ARTN","Q5T4W7","OID00526",4.80417820324145,0.103339430895656,0.03125,"Pass","Example_Data_14_INFI.csv"
"B8","ID29","Untreated","ARTN","Q5T4W7","OID00526",3.91960047288082,0.103339430895656,0.03125,"Pass","Example_Data_14_INFI.csv"
"B11","ID30","Untreated","ARTN","Q5T4W7","OID00526",4.39633538853832,0.103339430895656,0.03125,"Pass","Example_Data_14_INFI.csv"
"B14","ID31","Untreated","ARTN","Q5T4W7","OID00526",4.19994050527728,0.103339430895656,0.03125,"Pass","Example_Data_14_INFI.csv"
"B17","ID32","Treated","ARTN","Q5T4W7","OID00526",4.24004220644101,0.103339430895656,0.03125,"Pass","Example_Data_14_INFI.csv"
"B20","ID33","Untreated","ARTN","Q5T4W7","OID00526",1.9315208364414,0.103339430895656,0.03125,"Pass","Example_Data_14_INFI.csv"
"B23","ID34","Untreated","ARTN","Q5T4W7","OID00526",3.5251783315917,0.103339430895656,0.03125,"Pass","Example_Data_14_INFI.csv"
"B26","ID35","Untreated","ARTN","Q5T4W7","OID00526",2.30983528161853,0.103339430895656,0.03125,"Pass","Example_Data_14_INFI.csv"
"B29","ID36","Untreated","ARTN","Q5T4W7","OID00526",2.16244061063045,0.103339430895656,0.03125,"Pass","Example_Data_14_INFI.csv"
"B32","ID37","Treated","ARTN","Q5T4W7","OID00526",4.28553339674243,0.103339430895656,0.03125,"Pass","Example_Data_14_INFI.csv"
"B35","ID38","Treated","ARTN","Q5T4W7","OID00526",2.22431154205877,0.103339430895656,0.03125,"Pass","Example_Data_14_INFI.csv"
"B38","ID39","Untreated","ARTN","Q5T4W7","OID00526",4.70206800394297,0.103339430895656,0.03125,"Pass","Example_Data_14_INFI.csv"
"B41","ID40","Untreated","ARTN","Q5T4W7","OID00526",3.03052307998965,0.103339430895656,0.03125,"Pass","Example_Data_14_INFI.csv"
"B44","ID41","Untreated","ARTN","Q5T4W7","OID00526",3.96780120309719,0.103339430895656,0.03125,"Pass","Example_Data_14_INFI.csv"
"B47","ID42","Treated","ARTN","Q5T4W7","OID00526",2.42060808007534,0.103339430895656,0.03125,"Pass","Example_Data_14_INFI.csv"
"B50","ID43","Treated","ARTN","Q5T4W7","OID00526",1.76077462213618,0.103339430895656,0.03125,"Pass","Example_Data_14_INFI.csv"
"B53","ID44","Treated","ARTN","Q5T4W7","OID00526",4.22287532219333,0.103339430895656,0.03125,"Pass","Example_Data_14_INFI.csv"
"B56","ID45","Treated","ARTN","Q5T4W7","OID00526",5.32793473711909,0.103339430895656,0.03125,"Pass","Example_Data_14_INFI.csv"
"B59","ID46","Treated","ARTN","Q5T4W7","OID00526",4.68913632084482,0.103339430895656,0.03125,"Pass","Example_Data_14_INFI.csv"
"B62","ID47","Treated","ARTN","Q5T4W7","OID00526",1.42419081236261,0.103339430895656,0.03125,"Pass","Example_Data_14_INFI.csv"
"B65","ID48","Treated","ARTN","Q5T4W7","OID00526",1.6726004053215,0.103339430895656,0.03125,"Pass","Example_Data_14_INFI.csv"
"B68","ID49","Treated","ARTN","Q5T4W7","OID00526",4.96757238061382,0.103339430895656,0.03125,"Pass","Example_Data_14_INFI.csv"
"B71","ID50","Treated","ARTN","Q5T4W7","OID00526",2.59029265011501,0.103339430895656,0.03125,"Pass","Example_Data_14_INFI.csv"
"B74","ID51","Untreated","ARTN","Q5T4W7","OID00526",6.40658794970482,0.103339430895656,0.03125,"Pass","Example_Data_14_INFI.csv"
"B77","ID52","Treated","ARTN","Q5T4W7","OID00526",4.37470205838037,0.103339430895656,0.03125,"Pass","Example_Data_14_INFI.csv"
"A1","ID1","Untreated","MMP-10","P09238","OID00527",11.8351038369233,5.94061575480088,0.09375,"Pass","Example_Data_13_INFI.csv"
"A4","ID2","Untreated","MMP-10","P09238","OID00527",16.4488972532504,5.94061575480088,0.09375,"Pass","Example_Data_13_INFI.csv"
"A7","ID3","Untreated","MMP-10","P09238","OID00527",12.9479041242655,5.94061575480088,0.09375,"Pass","Example_Data_13_INFI.csv"
"A10","ID4","Untreated","MMP-10","P09238","OID00527",8.13834193786907,5.94061575480088,0.09375,"Pass","Example_Data_13_INFI.csv"
"A13","ID5","Untreated","MMP-10","P09238","OID00527",10.5563385518341,5.94061575480088,0.09375,"Pass","Example_Data_13_INFI.csv"
"A16","ID6","Treated","MMP-10","P09238","OID00527",12.431423884286,5.94061575480088,0.09375,"Pass","Example_Data_13_INFI.csv"
"A19","ID7","Untreated","MMP-10","P09238","OID00527",5.96385395571382,5.94061575480088,0.09375,"Pass","Example_Data_13_INFI.csv"
"A22","ID8","Treated","MMP-10","P09238","OID00527",7.40778718938323,5.94061575480088,0.09375,"Pass","Example_Data_13_INFI.csv"
"A25","ID9","Untreated","MMP-10","P09238","OID00527",9.20653692102823,5.94061575480088,0.09375,"Pass","Example_Data_13_INFI.csv"
"A28","ID10","Treated","MMP-10","P09238","OID00527",9.14815657742354,5.94061575480088,0.09375,"Pass","Example_Data_13_INFI.csv"
"A31","ID11","Treated","MMP-10","P09238","OID00527",6.45623227496274,5.94061575480088,0.09375,"Pass","Example_Data_13_INFI.csv"
"A37","ID13","Untreated","MMP-10","P09238","OID00527",10.109787515662,5.94061575480088,0.09375,"Pass","Example_Data_13_INFI.csv"
"A40","ID14","Untreated","MMP-10","P09238","OID00527",15.3934077000892,5.94061575480088,0.09375,"Pass","Example_Data_13_INFI.csv"
"A43","ID15","Treated","MMP-10","P09238","OID00527",10.2203389278128,5.94061575480088,0.09375,"Pass","Example_Data_13_INFI.csv"
"A46","ID16","Untreated","MMP-10","P09238","OID00527",14.7200752729785,5.94061575480088,0.09375,"Pass","Example_Data_13_INFI.csv"
"A49","ID17","Untreated","MMP-10","P09238","OID00527",11.7444584104769,5.94061575480088,0.09375,"Pass","Example_Data_13_INFI.csv"
"A52","ID18","Treated","MMP-10","P09238","OID00527",5.88605516767743,5.94061575480088,0.09375,"Pass","Example_Data_13_INFI.csv"
"A55","ID19","Treated","MMP-10","P09238","OID00527",4.39768947989912,5.94061575480088,0.09375,"Pass","Example_Data_13_INFI.csv"
"A58","ID20","Untreated","MMP-10","P09238","OID00527",16.2573557058403,5.94061575480088,0.09375,"Pass","Example_Data_13_INFI.csv"
"A61","ID21","Untreated","MMP-10","P09238","OID00527",14.5342885673625,5.94061575480088,0.09375,"Pass","Example_Data_13_INFI.csv"
"A64","ID22","Untreated","MMP-10","P09238","OID00527",16.9215756441358,5.94061575480088,0.09375,"Pass","Example_Data_13_INFI.csv"
"A67","ID23","Treated","MMP-10","P09238","OID00527",10.4635506255412,5.94061575480088,0.09375,"Pass","Example_Data_13_INFI.csv"
"A70","ID24","Untreated","MMP-10","P09238","OID00527",13.7245248136564,5.94061575480088,0.09375,"Pass","Example_Data_13_INFI.csv"
"A73","ID25","Untreated","MMP-10","P09238","OID00527",4.32058410456198,5.94061575480088,0.09375,"Pass","Example_Data_13_INFI.csv"
"A76","ID26","Untreated","MMP-10","P09238","OID00527",12.7770783609268,5.94061575480088,0.09375,"Pass","Example_Data_13_INFI.csv"
"B2","ID27","Treated","MMP-10","P09238","OID00527",1.14516057687142,5.94061575480088,0.09375,"Pass","Example_Data_14_INFI.csv"
"B5","ID28","Treated","MMP-10","P09238","OID00527",6.23227658974212,5.94061575480088,0.09375,"Pass","Example_Data_14_INFI.csv"
"B8","ID29","Untreated","MMP-10","P09238","OID00527",14.5041970623715,5.94061575480088,0.09375,"Pass","Example_Data_14_INFI.csv"
"B11","ID30","Untreated","MMP-10","P09238","OID00527",8.98039105866657,5.94061575480088,0.09375,"Pass","Example_Data_14_INFI.csv"
"B14","ID31","Untreated","MMP-10","P09238","OID00527",13.6430869491076,5.94061575480088,0.09375,"Pass","Example_Data_14_INFI.csv"
"B17","ID32","Treated","MMP-10","P09238","OID00527",10.7834345892901,5.94061575480088,0.09375,"Pass","Example_Data_14_INFI.csv"
"B20","ID33","Untreated","MMP-10","P09238","OID00527",7.63364815939528,5.94061575480088,0.09375,"Pass","Example_Data_14_INFI.csv"
"B23","ID34","Untreated","MMP-10","P09238","OID00527",12.0129458131756,5.94061575480088,0.09375,"Pass","Example_Data_14_INFI.csv"
"B26","ID35","Untreated","MMP-10","P09238","OID00527",6.90814587753251,5.94061575480088,0.09375,"Pass","Example_Data_14_INFI.csv"
"B29","ID36","Untreated","MMP-10","P09238","OID00527",14.6741313732998,5.94061575480088,0.09375,"Pass","Example_Data_14_INFI.csv"
"B32","ID37","Treated","MMP-10","P09238","OID00527",9.71612214922783,5.94061575480088,0.09375,"Pass","Example_Data_14_INFI.csv"
"B35","ID38","Treated","MMP-10","P09238","OID00527",9.15484098494451,5.94061575480088,0.09375,"Pass","Example_Data_14_INFI.csv"
"B38","ID39","Untreated","MMP-10","P09238","OID00527",10.1966569230167,5.94061575480088,0.09375,"Pass","Example_Data_14_INFI.csv"
"B41","ID40","Untreated","MMP-10","P09238","OID00527",12.1809789043164,5.94061575480088,0.09375,"Pass","Example_Data_14_INFI.csv"
"B44","ID41","Untreated","MMP-10","P09238","OID00527",13.8784544064592,5.94061575480088,0.09375,"Pass","Example_Data_14_INFI.csv"
"B47","ID42","Treated","MMP-10","P09238","OID00527",11.6313813681249,5.94061575480088,0.09375,"Pass","Example_Data_14_INFI.csv"
"B50","ID43","Treated","MMP-10","P09238","OID00527",0.978091758389548,5.94061575480088,0.09375,"Pass","Example_Data_14_INFI.csv"
"B53","ID44","Treated","MMP-10","P09238","OID00527",7.39016075342551,5.94061575480088,0.09375,"Pass","Example_Data_14_INFI.csv"
"B56","ID45","Treated","MMP-10","P09238","OID00527",10.8657372335879,5.94061575480088,0.09375,"Pass","Example_Data_14_INFI.csv"
"B59","ID46","Treated","MMP-10","P09238","OID00527",7.44485001019169,5.94061575480088,0.09375,"Pass","Example_Data_14_INFI.csv"
"B62","ID47","Treated","MMP-10","P09238","OID00527",8.97422769058092,5.94061575480088,0.09375,"Pass","Example_Data_14_INFI.csv"
"B65","ID48","Treated","MMP-10","P09238","OID00527",13.4135076498911,5.94061575480088,0.09375,"Pass","Example_Data_14_INFI.csv"
"B68","ID49","Treated","MMP-10","P09238","OID00527",12.9843911678114,5.94061575480088,0.09375,"Pass","Example_Data_14_INFI.csv"
"B71","ID50","Treated","MMP-10","P09238","OID00527",13.4469201144491,5.94061575480088,0.09375,"Pass","Example_Data_14_INFI.csv"
"B74","ID51","Untreated","MMP-10","P09238","OID00527",10.7473372237605,5.94061575480088,0.09375,"Pass","Example_Data_14_INFI.csv"
"B77","ID52","Treated","MMP-10","P09238","OID00527",4.82723217528992,5.94061575480088,0.09375,"Pass","Example_Data_14_INFI.csv"
"A1","ID1","Untreated","IL10","P22301","OID00528",1.89521874075116,0,0.0625,"Pass","Example_Data_13_INFI.csv"
"A4","ID2","Untreated","IL10","P22301","OID00528",3.49976081889276,0,0.0625,"Pass","Example_Data_13_INFI.csv"
"A7","ID3","Untreated","IL10","P22301","OID00528",-0.132560420738983,0,0.0625,"Pass","Example_Data_13_INFI.csv"
"A10","ID4","Untreated","IL10","P22301","OID00528",-0.988376265311902,0,0.0625,"Pass","Example_Data_13_INFI.csv"
"A13","ID5","Untreated","IL10","P22301","OID00528",3.5740706329319,0,0.0625,"Pass","Example_Data_13_INFI.csv"
"A16","ID6","Treated","IL10","P22301","OID00528",4.83058721094006,0,0.0625,"Pass","Example_Data_13_INFI.csv"
"A19","ID7","Untreated","IL10","P22301","OID00528",3.91613652043626,0,0.0625,"Pass","Example_Data_13_INFI.csv"
"A22","ID8","Treated","IL10","P22301","OID00528",2.4931422669362,0,0.0625,"Pass","Example_Data_13_INFI.csv"
"A25","ID9","Untreated","IL10","P22301","OID00528",4.45126422861368,0,0.0625,"Pass","Example_Data_13_INFI.csv"
"A28","ID10","Treated","IL10","P22301","OID00528",6.22898729102301,0,0.0625,"Pass","Example_Data_13_INFI.csv"
"A31","ID11","Treated","IL10","P22301","OID00528",3.55455273670781,0,0.0625,"Pass","Example_Data_13_INFI.csv"
"A37","ID13","Untreated","IL10","P22301","OID00528",4.55960088061669,0,0.0625,"Pass","Example_Data_13_INFI.csv"
"A40","ID14","Untreated","IL10","P22301","OID00528",3.23658322248929,0,0.0625,"Pass","Example_Data_13_INFI.csv"
"A43","ID15","Treated","IL10","P22301","OID00528",2.24066732976679,0,0.0625,"Pass","Example_Data_13_INFI.csv"
"A46","ID16","Untreated","IL10","P22301","OID00528",7.0493926731412,0,0.0625,"Pass","Example_Data_13_INFI.csv"
"A49","ID17","Untreated","IL10","P22301","OID00528",5.15529986778033,0,0.0625,"Pass","Example_Data_13_INFI.csv"
"A52","ID18","Treated","IL10","P22301","OID00528",4.60040641985298,0,0.0625,"Pass","Example_Data_13_INFI.csv"
"A55","ID19","Treated","IL10","P22301","OID00528",3.67781647095459,0,0.0625,"Pass","Example_Data_13_INFI.csv"
"A58","ID20","Untreated","IL10","P22301","OID00528",3.91532282393902,0,0.0625,"Pass","Example_Data_13_INFI.csv"
"A61","ID21","Untreated","IL10","P22301","OID00528",4.20406770703944,0,0.0625,"Pass","Example_Data_13_INFI.csv"
"A64","ID22","Untreated","IL10","P22301","OID00528",5.79605483228266,0,0.0625,"Pass","Example_Data_13_INFI.csv"
"A67","ID23","Treated","IL10","P22301","OID00528",0.0632852136063891,0,0.0625,"Pass","Example_Data_13_INFI.csv"
"A70","ID24","Untreated","IL10","P22301","OID00528",2.15852916088714,0,0.0625,"Pass","Example_Data_13_INFI.csv"
"A73","ID25","Untreated","IL10","P22301","OID00528",3.16270765177799,0,0.0625,"Pass","Example_Data_13_INFI.csv"
"A76","ID26","Untreated","IL10","P22301","OID00528",4.71744112774438,0,0.0625,"Pass","Example_Data_13_INFI.csv"
"B2","ID27","Treated","IL10","P22301","OID00528",3.36923033433104,0,0.0625,"Pass","Example_Data_14_INFI.csv"
"B5","ID28","Treated","IL10","P22301","OID00528",1.7081731072948,0,0.0625,"Pass","Example_Data_14_INFI.csv"
"B8","ID29","Untreated","IL10","P22301","OID00528",3.14045755990405,0,0.0625,"Pass","Example_Data_14_INFI.csv"
"B11","ID30","Untreated","IL10","P22301","OID00528",3.04225316683842,0,0.0625,"Pass","Example_Data_14_INFI.csv"
"B14","ID31","Untreated","IL10","P22301","OID00528",4.25330664137502,0,0.0625,"Pass","Example_Data_14_INFI.csv"
"B17","ID32","Treated","IL10","P22301","OID00528",5.2855956881095,0,0.0625,"Pass","Example_Data_14_INFI.csv"
"B20","ID33","Untreated","IL10","P22301","OID00528",4.33303479840692,0,0.0625,"Pass","Example_Data_14_INFI.csv"
"B23","ID34","Untreated","IL10","P22301","OID00528",4.08074658825129,0,0.0625,"Pass","Example_Data_14_INFI.csv"
"B26","ID35","Untreated","IL10","P22301","OID00528",5.22302381524623,0,0.0625,"Pass","Example_Data_14_INFI.csv"
"B29","ID36","Untreated","IL10","P22301","OID00528",0.991817172121233,0,0.0625,"Pass","Example_Data_14_INFI.csv"
"B32","ID37","Treated","IL10","P22301","OID00528",0.562049693102809,0,0.0625,"Pass","Example_Data_14_INFI.csv"
"B35","ID38","Treated","IL10","P22301","OID00528",3.51755960923106,0,0.0625,"Pass","Example_Data_14_INFI.csv"
"B38","ID39","Untreated","IL10","P22301","OID00528",4.65592438608302,0,0.0625,"Pass","Example_Data_14_INFI.csv"
"B41","ID40","Untreated","IL10","P22301","OID00528",5.5195356771907,0,0.0625,"Pass","Example_Data_14_INFI.csv"
"B44","ID41","Untreated","IL10","P22301","OID00528",4.37673787584381,0,0.0625,"Pass","Example_Data_14_INFI.csv"
"B47","ID42","Treated","IL10","P22301","OID00528",5.56663415991918,0,0.0625,"Pass","Example_Data_14_INFI.csv"
"B50","ID43","Treated","IL10","P22301","OID00528",0.0945116410558255,0,0.0625,"Pass","Example_Data_14_INFI.csv"
"B53","ID44","Treated","IL10","P22301","OID00528",4.31572956285593,0,0.0625,"Pass","Example_Data_14_INFI.csv"
"B56","ID45","Treated","IL10","P22301","OID00528",0.301201078881408,0,0.0625,"Pass","Example_Data_14_INFI.csv"
"B59","ID46","Treated","IL10","P22301","OID00528",2.55934630730794,0,0.0625,"Pass","Example_Data_14_INFI.csv"
"B62","ID47","Treated","IL10","P22301","OID00528",1.54073910624077,0,0.0625,"Pass","Example_Data_14_INFI.csv"
"B65","ID48","Treated","IL10","P22301","OID00528",4.21274328602327,0,0.0625,"Pass","Example_Data_14_INFI.csv"
"B68","ID49","Treated","IL10","P22301","OID00528",3.91994844103763,0,0.0625,"Pass","Example_Data_14_INFI.csv"
"B71","ID50","Treated","IL10","P22301","OID00528",5.78332802671495,0,0.0625,"Pass","Example_Data_14_INFI.csv"
"B74","ID51","Untreated","IL10","P22301","OID00528",2.91113772272696,0,0.0625,"Pass","Example_Data_14_INFI.csv"
"B77","ID52","Treated","IL10","P22301","OID00528",-1.36755545928453,0,0.0625,"Pass","Example_Data_14_INFI.csv"
"A1","ID1","Untreated","TNF","P01375","OID00529",11.1286242633964,-1.30727541847155,0.00625,"Pass","Example_Data_13_INFI.csv"
"A4","ID2","Untreated","TNF","P01375","OID00529",9.52340252626091,-1.30727541847155,0.00625,"Pass","Example_Data_13_INFI.csv"
"A7","ID3","Untreated","TNF","P01375","OID00529",7.79956922353568,-1.30727541847155,0.00625,"Pass","Example_Data_13_INFI.csv"
"A10","ID4","Untreated","TNF","P01375","OID00529",13.6310388346459,-1.30727541847155,0.00625,"Pass","Example_Data_13_INFI.csv"
"A13","ID5","Untreated","TNF","P01375","OID00529",15.0895300989704,-1.30727541847155,0.00625,"Pass","Example_Data_13_INFI.csv"
"A16","ID6","Treated","TNF","P01375","OID00529",13.7005660469026,-1.30727541847155,0.00625,"Pass","Example_Data_13_INFI.csv"
"A19","ID7","Untreated","TNF","P01375","OID00529",9.13644037608547,-1.30727541847155,0.00625,"Pass","Example_Data_13_INFI.csv"
"A22","ID8","Treated","TNF","P01375","OID00529",13.9901554860181,-1.30727541847155,0.00625,"Pass","Example_Data_13_INFI.csv"
"A25","ID9","Untreated","TNF","P01375","OID00529",4.28130201264416,-1.30727541847155,0.00625,"Pass","Example_Data_13_INFI.csv"
"A28","ID10","Treated","TNF","P01375","OID00529",13.2258913480294,-1.30727541847155,0.00625,"Pass","Example_Data_13_INFI.csv"
"A31","ID11","Treated","TNF","P01375","OID00529",1.498901825209,-1.30727541847155,0.00625,"Pass","Example_Data_13_INFI.csv"
"A37","ID13","Untreated","TNF","P01375","OID00529",7.82931119149349,-1.30727541847155,0.00625,"Pass","Example_Data_13_INFI.csv"
"A40","ID14","Untreated","TNF","P01375","OID00529",17.055290771058,-1.30727541847155,0.00625,"Pass","Example_Data_13_INFI.csv"
"A43","ID15","Treated","TNF","P01375","OID00529",17.2212770585232,-1.30727541847155,0.00625,"Pass","Example_Data_13_INFI.csv"
"A46","ID16","Untreated","TNF","P01375","OID00529",20.904787926912,-1.30727541847155,0.00625,"Pass","Example_Data_13_INFI.csv"
"A49","ID17","Untreated","TNF","P01375","OID00529",-1.29645871104591,-1.30727541847155,0.00625,"Pass","Example_Data_13_INFI.csv"
"A52","ID18","Treated","TNF","P01375","OID00529",5.61618565788463,-1.30727541847155,0.00625,"Pass","Example_Data_13_INFI.csv"
"A55","ID19","Treated","TNF","P01375","OID00529",14.8163511728258,-1.30727541847155,0.00625,"Pass","Example_Data_13_INFI.csv"
"A58","ID20","Untreated","TNF","P01375","OID00529",15.6516250533151,-1.30727541847155,0.00625,"Pass","Example_Data_13_INFI.csv"
"A61","ID21","Untreated","TNF","P01375","OID00529",8.63885528081655,-1.30727541847155,0.00625,"Pass","Example_Data_13_INFI.csv"
"A64","ID22","Untreated","TNF","P01375","OID00529",7.39131779667674,-1.30727541847155,0.00625,"Pass","Example_Data_13_INFI.csv"
"A67","ID23","Treated","TNF","P01375","OID00529",9.71535264429982,-1.30727541847155,0.00625,"Pass","Example_Data_13_INFI.csv"
"A70","ID24","Untreated","TNF","P01375","OID00529",15.9324955253922,-1.30727541847155,0.00625,"Pass","Example_Data_13_INFI.csv"
"A73","ID25","Untreated","TNF","P01375","OID00529",5.40980737279004,-1.30727541847155,0.00625,"Pass","Example_Data_13_INFI.csv"
"A76","ID26","Untreated","TNF","P01375","OID00529",10.4020171574679,-1.30727541847155,0.00625,"Pass","Example_Data_13_INFI.csv"
"B2","ID27","Treated","TNF","P01375","OID00529",7.74055472891876,-1.30727541847155,0.00625,"Pass","Example_Data_14_INFI.csv"
"B5","ID28","Treated","TNF","P01375","OID00529",8.60648351776293,-1.30727541847155,0.00625,"Pass","Example_Data_14_INFI.csv"
"B8","ID29","Untreated","TNF","P01375","OID00529",7.05680372882553,-1.30727541847155,0.00625,"Pass","Example_Data_14_INFI.csv"
"B11","ID30","Untreated","TNF","P01375","OID00529",9.3235690024926,-1.30727541847155,0.00625,"Pass","Example_Data_14_INFI.csv"
"B14","ID31","Untreated","TNF","P01375","OID00529",9.3837289367625,-1.30727541847155,0.00625,"Pass","Example_Data_14_INFI.csv"
"B17","ID32","Treated","TNF","P01375","OID00529",10.3811165000924,-1.30727541847155,0.00625,"Pass","Example_Data_14_INFI.csv"
"B20","ID33","Untreated","TNF","P01375","OID00529",3.39820333503296,-1.30727541847155,0.00625,"Pass","Example_Data_14_INFI.csv"
"B23","ID34","Untreated","TNF","P01375","OID00529",10.1860125517944,-1.30727541847155,0.00625,"Pass","Example_Data_14_INFI.csv"
"B26","ID35","Untreated","TNF","P01375","OID00529",11.9539521108146,-1.30727541847155,0.00625,"Pass","Example_Data_14_INFI.csv"
"B29","ID36","Untreated","TNF","P01375","OID00529",14.3412599037851,-1.30727541847155,0.00625,"Pass","Example_Data_14_INFI.csv"
"B32","ID37","Treated","TNF","P01375","OID00529",8.0022870649975,-1.30727541847155,0.00625,"Pass","Example_Data_14_INFI.csv"
"B35","ID38","Treated","TNF","P01375","OID00529",12.6388414188126,-1.30727541847155,0.00625,"Pass","Example_Data_14_INFI.csv"
"B38","ID39","Untreated","TNF","P01375","OID00529",4.82323990547847,-1.30727541847155,0.00625,"Pass","Example_Data_14_INFI.csv"
"B41","ID40","Untreated","TNF","P01375","OID00529",11.9901226159006,-1.30727541847155,0.00625,"Pass","Example_Data_14_INFI.csv"
"B44","ID41","Untreated","TNF","P01375","OID00529",1.0561585716285,-1.30727541847155,0.00625,"Pass","Example_Data_14_INFI.csv"
"B47","ID42","Treated","TNF","P01375","OID00529",3.03079994461879,-1.30727541847155,0.00625,"Pass","Example_Data_14_INFI.csv"
"B50","ID43","Treated","TNF","P01375","OID00529",12.3425393293325,-1.30727541847155,0.00625,"Pass","Example_Data_14_INFI.csv"
"B53","ID44","Treated","TNF","P01375","OID00529",13.6786192018122,-1.30727541847155,0.00625,"Pass","Example_Data_14_INFI.csv"
"B56","ID45","Treated","TNF","P01375","OID00529",9.66508439410337,-1.30727541847155,0.00625,"Pass","Example_Data_14_INFI.csv"
"B59","ID46","Treated","TNF","P01375","OID00529",9.72813268505377,-1.30727541847155,0.00625,"Pass","Example_Data_14_INFI.csv"
"B62","ID47","Treated","TNF","P01375","OID00529",4.72804066708859,-1.30727541847155,0.00625,"Pass","Example_Data_14_INFI.csv"
"B65","ID48","Treated","TNF","P01375","OID00529",14.0000159083583,-1.30727541847155,0.00625,"Pass","Example_Data_14_INFI.csv"
"B68","ID49","Treated","TNF","P01375","OID00529",17.5533272729735,-1.30727541847155,0.00625,"Pass","Example_Data_14_INFI.csv"
"B71","ID50","Treated","TNF","P01375","OID00529",6.41084364674266,-1.30727541847155,0.00625,"Pass","Example_Data_14_INFI.csv"
"B74","ID51","Untreated","TNF","P01375","OID00529",0.435497990459662,-1.30727541847155,0.00625,"Pass","Example_Data_14_INFI.csv"
"B77","ID52","Treated","TNF","P01375","OID00529",7.64340500323511,-1.30727541847155,0.00625,"Pass","Example_Data_14_INFI.csv"
"A1","ID1","Untreated","CCL23","P55773","OID00530",3.34263905462759,0.151950612973872,0.08125,"Pass","Example_Data_13_INFI.csv"
"A4","ID2","Untreated","CCL23","P55773","OID00530",1.00055107595646,0.151950612973872,0.08125,"Pass","Example_Data_13_INFI.csv"
"A7","ID3","Untreated","CCL23","P55773","OID00530",-0.0215545683227416,0.151950612973872,0.08125,"Pass","Example_Data_13_INFI.csv"
"A10","ID4","Untreated","CCL23","P55773","OID00530",8.04742786937764,0.151950612973872,0.08125,"Pass","Example_Data_13_INFI.csv"
"A13","ID5","Untreated","CCL23","P55773","OID00530",6.39888923340035,0.151950612973872,0.08125,"Pass","Example_Data_13_INFI.csv"
"A16","ID6","Treated","CCL23","P55773","OID00530",2.90853973519656,0.151950612973872,0.08125,"Pass","Example_Data_13_INFI.csv"
"A19","ID7","Untreated","CCL23","P55773","OID00530",2.97406951456676,0.151950612973872,0.08125,"Pass","Example_Data_13_INFI.csv"
"A22","ID8","Treated","CCL23","P55773","OID00530",4.13755592646086,0.151950612973872,0.08125,"Pass","Example_Data_13_INFI.csv"
"A25","ID9","Untreated","CCL23","P55773","OID00530",-3.53424231347418,0.151950612973872,0.08125,"Pass","Example_Data_13_INFI.csv"
"A28","ID10","Treated","CCL23","P55773","OID00530",-0.822486939502745,0.151950612973872,0.08125,"Pass","Example_Data_13_INFI.csv"
"A31","ID11","Treated","CCL23","P55773","OID00530",5.27796446641975,0.151950612973872,0.08125,"Pass","Example_Data_13_INFI.csv"
"A37","ID13","Untreated","CCL23","P55773","OID00530",0.656364346510874,0.151950612973872,0.08125,"Pass","Example_Data_13_INFI.csv"
"A40","ID14","Untreated","CCL23","P55773","OID00530",3.69979027414356,0.151950612973872,0.08125,"Pass","Example_Data_13_INFI.csv"
"A43","ID15","Treated","CCL23","P55773","OID00530",5.78862030220541,0.151950612973872,0.08125,"Pass","Example_Data_13_INFI.csv"
"A46","ID16","Untreated","CCL23","P55773","OID00530",1.22544817857168,0.151950612973872,0.08125,"Pass","Example_Data_13_INFI.csv"
"A49","ID17","Untreated","CCL23","P55773","OID00530",-1.98711582017873,0.151950612973872,0.08125,"Pass","Example_Data_13_INFI.csv"
"A52","ID18","Treated","CCL23","P55773","OID00530",0.926237598556675,0.151950612973872,0.08125,"Pass","Example_Data_13_INFI.csv"
"A55","ID19","Treated","CCL23","P55773","OID00530",5.50813996291133,0.151950612973872,0.08125,"Pass","Example_Data_13_INFI.csv"
"A58","ID20","Untreated","CCL23","P55773","OID00530",-2.42938398367474,0.151950612973872,0.08125,"Pass","Example_Data_13_INFI.csv"
"A61","ID21","Untreated","CCL23","P55773","OID00530",6.25085390061347,0.151950612973872,0.08125,"Pass","Example_Data_13_INFI.csv"
"A64","ID22","Untreated","CCL23","P55773","OID00530",3.68636013172516,0.151950612973872,0.08125,"Pass","Example_Data_13_INFI.csv"
"A67","ID23","Treated","CCL23","P55773","OID00530",2.53645953768312,0.151950612973872,0.08125,"Pass","Example_Data_13_INFI.csv"
"A70","ID24","Untreated","CCL23","P55773","OID00530",0.518403719560932,0.151950612973872,0.08125,"Pass","Example_Data_13_INFI.csv"
"A73","ID25","Untreated","CCL23","P55773","OID00530",6.59829741285133,0.151950612973872,0.08125,"Pass","Example_Data_13_INFI.csv"
"A76","ID26","Untreated","CCL23","P55773","OID00530",3.69940238873646,0.151950612973872,0.08125,"Pass","Example_Data_13_INFI.csv"
"B2","ID27","Treated","CCL23","P55773","OID00530",7.5065915696163,0.151950612973872,0.08125,"Pass","Example_Data_14_INFI.csv"
"B5","ID28","Treated","CCL23","P55773","OID00530",5.68386837694287,0.151950612973872,0.08125,"Pass","Example_Data_14_INFI.csv"
"B8","ID29","Untreated","CCL23","P55773","OID00530",4.88827576558823,0.151950612973872,0.08125,"Pass","Example_Data_14_INFI.csv"
"B11","ID30","Untreated","CCL23","P55773","OID00530",6.61640916086337,0.151950612973872,0.08125,"Pass","Example_Data_14_INFI.csv"
"B14","ID31","Untreated","CCL23","P55773","OID00530",2.40455919683163,0.151950612973872,0.08125,"Pass","Example_Data_14_INFI.csv"
"B17","ID32","Treated","CCL23","P55773","OID00530",0.674575669147109,0.151950612973872,0.08125,"Pass","Example_Data_14_INFI.csv"
"B20","ID33","Untreated","CCL23","P55773","OID00530",6.17000340634285,0.151950612973872,0.08125,"Pass","Example_Data_14_INFI.csv"
"B23","ID34","Untreated","CCL23","P55773","OID00530",5.11534959334658,0.151950612973872,0.08125,"Pass","Example_Data_14_INFI.csv"
"B26","ID35","Untreated","CCL23","P55773","OID00530",2.23766678405883,0.151950612973872,0.08125,"Pass","Example_Data_14_INFI.csv"
"B29","ID36","Untreated","CCL23","P55773","OID00530",7.46631666318755,0.151950612973872,0.08125,"Pass","Example_Data_14_INFI.csv"
"B32","ID37","Treated","CCL23","P55773","OID00530",8.48492064056019,0.151950612973872,0.08125,"Pass","Example_Data_14_INFI.csv"
"B35","ID38","Treated","CCL23","P55773","OID00530",2.75621827879092,0.151950612973872,0.08125,"Pass","Example_Data_14_INFI.csv"
"B38","ID39","Untreated","CCL23","P55773","OID00530",1.57062901062229,0.151950612973872,0.08125,"Pass","Example_Data_14_INFI.csv"
"B41","ID40","Untreated","CCL23","P55773","OID00530",1.28217458189671,0.151950612973872,0.08125,"Pass","Example_Data_14_INFI.csv"
"B44","ID41","Untreated","CCL23","P55773","OID00530",5.07335207258317,0.151950612973872,0.08125,"Pass","Example_Data_14_INFI.csv"
"B47","ID42","Treated","CCL23","P55773","OID00530",4.3962948335094,0.151950612973872,0.08125,"Pass","Example_Data_14_INFI.csv"
"B50","ID43","Treated","CCL23","P55773","OID00530",9.89704696165312,0.151950612973872,0.08125,"Pass","Example_Data_14_INFI.csv"
"B53","ID44","Treated","CCL23","P55773","OID00530",2.51492054578977,0.151950612973872,0.08125,"Pass","Example_Data_14_INFI.csv"
"B56","ID45","Treated","CCL23","P55773","OID00530",7.3827509898409,0.151950612973872,0.08125,"Pass","Example_Data_14_INFI.csv"
"B59","ID46","Treated","CCL23","P55773","OID00530",1.78976512108716,0.151950612973872,0.08125,"Pass","Example_Data_14_INFI.csv"
"B62","ID47","Treated","CCL23","P55773","OID00530",7.84657587861666,0.151950612973872,0.08125,"Pass","Example_Data_14_INFI.csv"
"B65","ID48","Treated","CCL23","P55773","OID00530",9.42050325194603,0.151950612973872,0.08125,"Pass","Example_Data_14_INFI.csv"
"B68","ID49","Treated","CCL23","P55773","OID00530",4.52576760941274,0.151950612973872,0.08125,"Pass","Example_Data_14_INFI.csv"
"B71","ID50","Treated","CCL23","P55773","OID00530",2.53626866178501,0.151950612973872,0.08125,"Pass","Example_Data_14_INFI.csv"
"B74","ID51","Untreated","CCL23","P55773","OID00530",4.41733266674477,0.151950612973872,0.08125,"Pass","Example_Data_14_INFI.csv"
"B77","ID52","Treated","CCL23","P55773","OID00530",2.62942717153922,0.151950612973872,0.08125,"Pass","Example_Data_14_INFI.csv"
"A1","ID1","Untreated","CD5","P06127","OID00531",8.16074237910511,1.29502650843822,0.03125,"Pass","Example_Data_13_INFI.csv"
"A4","ID2","Untreated","CD5","P06127","OID00531",7.03728718990918,1.29502650843822,0.03125,"Pass","Example_Data_13_INFI.csv"
"A7","ID3","Untreated","CD5","P06127","OID00531",11.063009533038,1.29502650843822,0.03125,"Pass","Example_Data_13_INFI.csv"
"A10","ID4","Untreated","CD5","P06127","OID00531",5.05549966762558,1.29502650843822,0.03125,"Pass","Example_Data_13_INFI.csv"
"A13","ID5","Untreated","CD5","P06127","OID00531",11.7736249290756,1.29502650843822,0.03125,"Pass","Example_Data_13_INFI.csv"
"A16","ID6","Treated","CD5","P06127","OID00531",2.61784859746073,1.29502650843822,0.03125,"Pass","Example_Data_13_INFI.csv"
"A19","ID7","Untreated","CD5","P06127","OID00531",2.94560830049787,1.29502650843822,0.03125,"Pass","Example_Data_13_INFI.csv"
"A22","ID8","Treated","CD5","P06127","OID00531",12.4457474626909,1.29502650843822,0.03125,"Pass","Example_Data_13_INFI.csv"
"A25","ID9","Untreated","CD5","P06127","OID00531",18.4341112754694,1.29502650843822,0.03125,"Pass","Example_Data_13_INFI.csv"
"A28","ID10","Treated","CD5","P06127","OID00531",10.6022600342804,1.29502650843822,0.03125,"Pass","Example_Data_13_INFI.csv"
"A31","ID11","Treated","CD5","P06127","OID00531",7.07026975486753,1.29502650843822,0.03125,"Pass","Example_Data_13_INFI.csv"
"A37","ID13","Untreated","CD5","P06127","OID00531",-3.95012807933101,1.29502650843822,0.03125,"Pass","Example_Data_13_INFI.csv"
"A40","ID14","Untreated","CD5","P06127","OID00531",16.0073334504424,1.29502650843822,0.03125,"Pass","Example_Data_13_INFI.csv"
"A43","ID15","Treated","CD5","P06127","OID00531",6.21568176289516,1.29502650843822,0.03125,"Pass","Example_Data_13_INFI.csv"
"A46","ID16","Untreated","CD5","P06127","OID00531",4.96871741277819,1.29502650843822,0.03125,"Pass","Example_Data_13_INFI.csv"
"A49","ID17","Untreated","CD5","P06127","OID00531",9.52909448558925,1.29502650843822,0.03125,"Pass","Example_Data_13_INFI.csv"
"A52","ID18","Treated","CD5","P06127","OID00531",5.72722567340568,1.29502650843822,0.03125,"Pass","Example_Data_13_INFI.csv"
"A55","ID19","Treated","CD5","P06127","OID00531",6.98095983666739,1.29502650843822,0.03125,"Pass","Example_Data_13_INFI.csv"
"A58","ID20","Untreated","CD5","P06127","OID00531",4.59377588052192,1.29502650843822,0.03125,"Pass","Example_Data_13_INFI.csv"
"A61","ID21","Untreated","CD5","P06127","OID00531",11.9930751316228,1.29502650843822,0.03125,"Pass","Example_Data_13_INFI.csv"
"A64","ID22","Untreated","CD5","P06127","OID00531",7.87697163689881,1.29502650843822,0.03125,"Pass","Example_Data_13_INFI.csv"
"A67","ID23","Treated","CD5","P06127","OID00531",8.8278459730579,1.29502650843822,0.03125,"Pass","Example_Data_13_INFI.csv"
"A70","ID24","Untreated","CD5","P06127","OID00531",6.49648094599632,1.29502650843822,0.03125,"Pass","Example_Data_13_INFI.csv"
"A73","ID25","Untreated","CD5","P06127","OID00531",9.43557283385293,1.29502650843822,0.03125,"Pass","Example_Data_13_INFI.csv"
"A76","ID26","Untreated","CD5","P06127","OID00531",3.56014826666899,1.29502650843822,0.03125,"Pass","Example_Data_13_INFI.csv"
"B2","ID27","Treated","CD5","P06127","OID00531",5.31165416996634,1.29502650843822,0.03125,"Pass","Example_Data_14_INFI.csv"
"B5","ID28","Treated","CD5","P06127","OID00531",12.0322064667299,1.29502650843822,0.03125,"Pass","Example_Data_14_INFI.csv"
"B8","ID29","Untreated","CD5","P06127","OID00531",7.32652877096678,1.29502650843822,0.03125,"Pass","Example_Data_14_INFI.csv"
"B11","ID30","Untreated","CD5","P06127","OID00531",8.54058626160671,1.29502650843822,0.03125,"Pass","Example_Data_14_INFI.csv"
"B14","ID31","Untreated","CD5","P06127","OID00531",11.8652913514868,1.29502650843822,0.03125,"Pass","Example_Data_14_INFI.csv"
"B17","ID32","Treated","CD5","P06127","OID00531",8.03033855920629,1.29502650843822,0.03125,"Pass","Example_Data_14_INFI.csv"
"B20","ID33","Untreated","CD5","P06127","OID00531",15.5344987103686,1.29502650843822,0.03125,"Pass","Example_Data_14_INFI.csv"
"B23","ID34","Untreated","CD5","P06127","OID00531",8.10612465056823,1.29502650843822,0.03125,"Pass","Example_Data_14_INFI.csv"
"B26","ID35","Untreated","CD5","P06127","OID00531",7.87102533945303,1.29502650843822,0.03125,"Pass","Example_Data_14_INFI.csv"
"B29","ID36","Untreated","CD5","P06127","OID00531",10.4987617642577,1.29502650843822,0.03125,"Pass","Example_Data_14_INFI.csv"
"B32","ID37","Treated","CD5","P06127","OID00531",10.2854546215264,1.29502650843822,0.03125,"Pass","Example_Data_14_INFI.csv"
"B35","ID38","Treated","CD5","P06127","OID00531",12.6113823902964,1.29502650843822,0.03125,"Pass","Example_Data_14_INFI.csv"
"B38","ID39","Untreated","CD5","P06127","OID00531",6.26833172595637,1.29502650843822,0.03125,"Pass","Example_Data_14_INFI.csv"
"B41","ID40","Untreated","CD5","P06127","OID00531",6.9817724979946,1.29502650843822,0.03125,"Pass","Example_Data_14_INFI.csv"
"B44","ID41","Untreated","CD5","P06127","OID00531",7.40357913757927,1.29502650843822,0.03125,"Pass","Example_Data_14_INFI.csv"
"B47","ID42","Treated","CD5","P06127","OID00531",12.4997129454596,1.29502650843822,0.03125,"Pass","Example_Data_14_INFI.csv"
"B50","ID43","Treated","CD5","P06127","OID00531",12.7058118087271,1.29502650843822,0.03125,"Pass","Example_Data_14_INFI.csv"
"B53","ID44","Treated","CD5","P06127","OID00531",11.9277660929061,1.29502650843822,0.03125,"Pass","Example_Data_14_INFI.csv"
"B56","ID45","Treated","CD5","P06127","OID00531",11.1887252265046,1.29502650843822,0.03125,"Pass","Example_Data_14_INFI.csv"
"B59","ID46","Treated","CD5","P06127","OID00531",1.31094686022753,1.29502650843822,0.03125,"Pass","Example_Data_14_INFI.csv"
"B62","ID47","Treated","CD5","P06127","OID00531",7.85373302926989,1.29502650843822,0.03125,"Pass","Example_Data_14_INFI.csv"
"B65","ID48","Treated","CD5","P06127","OID00531",12.3345131506013,1.29502650843822,0.03125,"Pass","Example_Data_14_INFI.csv"
"B68","ID49","Treated","CD5","P06127","OID00531",7.26359039264125,1.29502650843822,0.03125,"Pass","Example_Data_14_INFI.csv"
"B71","ID50","Treated","CD5","P06127","OID00531",8.68148764348381,1.29502650843822,0.03125,"Pass","Example_Data_14_INFI.csv"
"B74","ID51","Untreated","CD5","P06127","OID00531",4.56951914346821,1.29502650843822,0.03125,"Pass","Example_Data_14_INFI.csv"
"B77","ID52","Treated","CD5","P06127","OID00531",9.92626258967225,1.29502650843822,0.03125,"Pass","Example_Data_14_INFI.csv"
"A1","ID1","Untreated","CCL3","P10147","OID00532",1.82820075380352,0,0.01875,"Pass","Example_Data_13_INFI.csv"
"A4","ID2","Untreated","CCL3","P10147","OID00532",0.521674776438956,0,0.01875,"Pass","Example_Data_13_INFI.csv"
"A7","ID3","Untreated","CCL3","P10147","OID00532",0.434255775383687,0,0.01875,"Pass","Example_Data_13_INFI.csv"
"A10","ID4","Untreated","CCL3","P10147","OID00532",1.14139252477122,0,0.01875,"Pass","Example_Data_13_INFI.csv"
"A13","ID5","Untreated","CCL3","P10147","OID00532",0.940665864918527,0,0.01875,"Pass","Example_Data_13_INFI.csv"
"A16","ID6","Treated","CCL3","P10147","OID00532",1.44680627585978,0,0.01875,"Pass","Example_Data_13_INFI.csv"
"A19","ID7","Untreated","CCL3","P10147","OID00532",1.73907941692845,0,0.01875,"Pass","Example_Data_13_INFI.csv"
"A22","ID8","Treated","CCL3","P10147","OID00532",1.80639048690459,0,0.01875,"Pass","Example_Data_13_INFI.csv"
"A25","ID9","Untreated","CCL3","P10147","OID00532",0.89598022640074,0,0.01875,"Pass","Example_Data_13_INFI.csv"
"A28","ID10","Treated","CCL3","P10147","OID00532",0.0625925910718559,0,0.01875,"Pass","Example_Data_13_INFI.csv"
"A31","ID11","Treated","CCL3","P10147","OID00532",0.796879678965914,0,0.01875,"Pass","Example_Data_13_INFI.csv"
"A37","ID13","Untreated","CCL3","P10147","OID00532",0.442147970936966,0,0.01875,"Pass","Example_Data_13_INFI.csv"
"A40","ID14","Untreated","CCL3","P10147","OID00532",1.86042091903368,0,0.01875,"Pass","Example_Data_13_INFI.csv"
"A43","ID15","Treated","CCL3","P10147","OID00532",0.76482924401711,0,0.01875,"Pass","Example_Data_13_INFI.csv"
"A46","ID16","Untreated","CCL3","P10147","OID00532",0.952402504834512,0,0.01875,"Pass","Example_Data_13_INFI.csv"
"A49","ID17","Untreated","CCL3","P10147","OID00532",0.370129715421048,0,0.01875,"Pass","Example_Data_13_INFI.csv"
"A52","ID18","Treated","CCL3","P10147","OID00532",1.4104304766147,0,0.01875,"Pass","Example_Data_13_INFI.csv"
"A55","ID19","Treated","CCL3","P10147","OID00532",1.41626243711279,0,0.01875,"Pass","Example_Data_13_INFI.csv"
"A58","ID20","Untreated","CCL3","P10147","OID00532",0.77093669183491,0,0.01875,"Pass","Example_Data_13_INFI.csv"
"A61","ID21","Untreated","CCL3","P10147","OID00532",-0.0069186722908654,0,0.01875,"Pass","Example_Data_13_INFI.csv"
"A64","ID22","Untreated","CCL3","P10147","OID00532",2.68985638950734,0,0.01875,"Pass","Example_Data_13_INFI.csv"
"A67","ID23","Treated","CCL3","P10147","OID00532",0.487091060217385,0,0.01875,"Pass","Example_Data_13_INFI.csv"
"A70","ID24","Untreated","CCL3","P10147","OID00532",0.622938284312008,0,0.01875,"Pass","Example_Data_13_INFI.csv"
"A73","ID25","Untreated","CCL3","P10147","OID00532",0.893836781414596,0,0.01875,"Pass","Example_Data_13_INFI.csv"
"A76","ID26","Untreated","CCL3","P10147","OID00532",1.0365852208034,0,0.01875,"Pass","Example_Data_13_INFI.csv"
"B2","ID27","Treated","CCL3","P10147","OID00532",1.5438659569029,0,0.01875,"Pass","Example_Data_14_INFI.csv"
"B5","ID28","Treated","CCL3","P10147","OID00532",1.23066972914027,0,0.01875,"Pass","Example_Data_14_INFI.csv"
"B8","ID29","Untreated","CCL3","P10147","OID00532",1.71151692155881,0,0.01875,"Pass","Example_Data_14_INFI.csv"
"B11","ID30","Untreated","CCL3","P10147","OID00532",2.8541043100605,0,0.01875,"Pass","Example_Data_14_INFI.csv"
"B14","ID31","Untreated","CCL3","P10147","OID00532",1.46156551788153,0,0.01875,"Pass","Example_Data_14_INFI.csv"
"B17","ID32","Treated","CCL3","P10147","OID00532",0.186213950410723,0,0.01875,"Pass","Example_Data_14_INFI.csv"
"B20","ID33","Untreated","CCL3","P10147","OID00532",0.901725998655748,0,0.01875,"Pass","Example_Data_14_INFI.csv"
"B23","ID34","Untreated","CCL3","P10147","OID00532",2.04618680855474,0,0.01875,"Pass","Example_Data_14_INFI.csv"
"B26","ID35","Untreated","CCL3","P10147","OID00532",2.50426287402273,0,0.01875,"Pass","Example_Data_14_INFI.csv"
"B29","ID36","Untreated","CCL3","P10147","OID00532",1.0819005689848,0,0.01875,"Pass","Example_Data_14_INFI.csv"
"B32","ID37","Treated","CCL3","P10147","OID00532",0.240407288061559,0,0.01875,"Pass","Example_Data_14_INFI.csv"
"B35","ID38","Treated","CCL3","P10147","OID00532",1.96046261921845,0,0.01875,"Pass","Example_Data_14_INFI.csv"
"B38","ID39","Untreated","CCL3","P10147","OID00532",1.16884569472154,0,0.01875,"Pass","Example_Data_14_INFI.csv"
"B41","ID40","Untreated","CCL3","P10147","OID00532",1.21908380746072,0,0.01875,"Pass","Example_Data_14_INFI.csv"
"B44","ID41","Untreated","CCL3","P10147","OID00532",2.61658324896805,0,0.01875,"Pass","Example_Data_14_INFI.csv"
"B47","ID42","Treated","CCL3","P10147","OID00532",-0.0115495710427354,0,0.01875,"Pass","Example_Data_14_INFI.csv"
"B50","ID43","Treated","CCL3","P10147","OID00532",0.707806654496058,0,0.01875,"Pass","Example_Data_14_INFI.csv"
"B53","ID44","Treated","CCL3","P10147","OID00532",0.040562735027919,0,0.01875,"Pass","Example_Data_14_INFI.csv"
"B56","ID45","Treated","CCL3","P10147","OID00532",1.11131220311591,0,0.01875,"Pass","Example_Data_14_INFI.csv"
"B59","ID46","Treated","CCL3","P10147","OID00532",1.20473017748294,0,0.01875,"Pass","Example_Data_14_INFI.csv"
"B62","ID47","Treated","CCL3","P10147","OID00532",2.24508183401945,0,0.01875,"Pass","Example_Data_14_INFI.csv"
"B65","ID48","Treated","CCL3","P10147","OID00532",1.72199915202581,0,0.01875,"Pass","Example_Data_14_INFI.csv"
"B68","ID49","Treated","CCL3","P10147","OID00532",0.605593082951044,0,0.01875,"Pass","Example_Data_14_INFI.csv"
"B71","ID50","Treated","CCL3","P10147","OID00532",1.49601444682527,0,0.01875,"Pass","Example_Data_14_INFI.csv"
"B74","ID51","Untreated","CCL3","P10147","OID00532",2.73366234669482,0,0.01875,"Pass","Example_Data_14_INFI.csv"
"B77","ID52","Treated","CCL3","P10147","OID00532",1.38692249658308,0,0.01875,"Pass","Example_Data_14_INFI.csv"
"A1","ID1","Untreated","Flt3L","P49771","OID00533",6.24468681360202,0,0.0625,"Pass","Example_Data_13_INFI.csv"
"A4","ID2","Untreated","Flt3L","P49771","OID00533",6.44972896637318,0,0.0625,"Pass","Example_Data_13_INFI.csv"
"A7","ID3","Untreated","Flt3L","P49771","OID00533",-1.12705831272948,0,0.0625,"Pass","Example_Data_13_INFI.csv"
"A10","ID4","Untreated","Flt3L","P49771","OID00533",5.38298182937584,0,0.0625,"Pass","Example_Data_13_INFI.csv"
"A13","ID5","Untreated","Flt3L","P49771","OID00533",3.33643762678519,0,0.0625,"Pass","Example_Data_13_INFI.csv"
"A16","ID6","Treated","Flt3L","P49771","OID00533",10.7896141202573,0,0.0625,"Pass","Example_Data_13_INFI.csv"
"A19","ID7","Untreated","Flt3L","P49771","OID00533",7.65512068130331,0,0.0625,"Pass","Example_Data_13_INFI.csv"
"A22","ID8","Treated","Flt3L","P49771","OID00533",3.9503772056393,0,0.0625,"Pass","Example_Data_13_INFI.csv"
"A25","ID9","Untreated","Flt3L","P49771","OID00533",2.43798225456808,0,0.0625,"Pass","Example_Data_13_INFI.csv"
"A28","ID10","Treated","Flt3L","P49771","OID00533",9.08422478953615,0,0.0625,"Pass","Example_Data_13_INFI.csv"
"A31","ID11","Treated","Flt3L","P49771","OID00533",7.03874678476633,0,0.0625,"Pass","Example_Data_13_INFI.csv"
"A37","ID13","Untreated","Flt3L","P49771","OID00533",4.87582775035301,0,0.0625,"Pass","Example_Data_13_INFI.csv"
"A40","ID14","Untreated","Flt3L","P49771","OID00533",9.21431622484386,0,0.0625,"Pass","Example_Data_13_INFI.csv"
"A43","ID15","Treated","Flt3L","P49771","OID00533",11.5005547280159,0,0.0625,"Pass","Example_Data_13_INFI.csv"
"A46","ID16","Untreated","Flt3L","P49771","OID00533",5.67601773360234,0,0.0625,"Pass","Example_Data_13_INFI.csv"
"A49","ID17","Untreated","Flt3L","P49771","OID00533",5.98330524501782,0,0.0625,"Pass","Example_Data_13_INFI.csv"
"A52","ID18","Treated","Flt3L","P49771","OID00533",6.75137093068595,0,0.0625,"Pass","Example_Data_13_INFI.csv"
"A55","ID19","Treated","Flt3L","P49771","OID00533",4.63935209401512,0,0.0625,"Pass","Example_Data_13_INFI.csv"
"A58","ID20","Untreated","Flt3L","P49771","OID00533",3.49238110166495,0,0.0625,"Pass","Example_Data_13_INFI.csv"
"A61","ID21","Untreated","Flt3L","P49771","OID00533",3.91762234869089,0,0.0625,"Pass","Example_Data_13_INFI.csv"
"A64","ID22","Untreated","Flt3L","P49771","OID00533",6.20428986498527,0,0.0625,"Pass","Example_Data_13_INFI.csv"
"A67","ID23","Treated","Flt3L","P49771","OID00533",8.52471665934623,0,0.0625,"Pass","Example_Data_13_INFI.csv"
"A70","ID24","Untreated","Flt3L","P49771","OID00533",4.26348748543419,0,0.0625,"Pass","Example_Data_13_INFI.csv"
"A73","ID25","Untreated","Flt3L","P49771","OID00533",2.42524865687874,0,0.0625,"Pass","Example_Data_13_INFI.csv"
"A76","ID26","Untreated","Flt3L","P49771","OID00533",1.44519316115855,0,0.0625,"Pass","Example_Data_13_INFI.csv"
"B2","ID27","Treated","Flt3L","P49771","OID00533",5.09882430289077,0,0.0625,"Pass","Example_Data_14_INFI.csv"
"B5","ID28","Treated","Flt3L","P49771","OID00533",10.6764691997425,0,0.0625,"Pass","Example_Data_14_INFI.csv"
"B8","ID29","Untreated","Flt3L","P49771","OID00533",6.91299472500592,0,0.0625,"Pass","Example_Data_14_INFI.csv"
"B11","ID30","Untreated","Flt3L","P49771","OID00533",3.94547687924834,0,0.0625,"Pass","Example_Data_14_INFI.csv"
"B14","ID31","Untreated","Flt3L","P49771","OID00533",2.6914586794828,0,0.0625,"Pass","Example_Data_14_INFI.csv"
"B17","ID32","Treated","Flt3L","P49771","OID00533",11.222787090128,0,0.0625,"Pass","Example_Data_14_INFI.csv"
"B20","ID33","Untreated","Flt3L","P49771","OID00533",1.67088642059989,0,0.0625,"Pass","Example_Data_14_INFI.csv"
"B23","ID34","Untreated","Flt3L","P49771","OID00533",4.20570993371918,0,0.0625,"Pass","Example_Data_14_INFI.csv"
"B26","ID35","Untreated","Flt3L","P49771","OID00533",-0.578784102492334,0,0.0625,"Pass","Example_Data_14_INFI.csv"
"B29","ID36","Untreated","Flt3L","P49771","OID00533",-2.61642727464969,0,0.0625,"Pass","Example_Data_14_INFI.csv"
"B32","ID37","Treated","Flt3L","P49771","OID00533",10.5912955481331,0,0.0625,"Pass","Example_Data_14_INFI.csv"
"B35","ID38","Treated","Flt3L","P49771","OID00533",2.43138407271264,0,0.0625,"Pass","Example_Data_14_INFI.csv"
"B38","ID39","Untreated","Flt3L","P49771","OID00533",4.04871883366111,0,0.0625,"Pass","Example_Data_14_INFI.csv"
"B41","ID40","Untreated","Flt3L","P49771","OID00533",4.1521941171087,0,0.0625,"Pass","Example_Data_14_INFI.csv"
"B44","ID41","Untreated","Flt3L","P49771","OID00533",4.46817549469096,0,0.0625,"Pass","Example_Data_14_INFI.csv"
"B47","ID42","Treated","Flt3L","P49771","OID00533",7.1926419935289,0,0.0625,"Pass","Example_Data_14_INFI.csv"
"B50","ID43","Treated","Flt3L","P49771","OID00533",3.35110422440681,0,0.0625,"Pass","Example_Data_14_INFI.csv"
"B53","ID44","Treated","Flt3L","P49771","OID00533",8.63559073129427,0,0.0625,"Pass","Example_Data_14_INFI.csv"
"B56","ID45","Treated","Flt3L","P49771","OID00533",5.46596075970338,0,0.0625,"Pass","Example_Data_14_INFI.csv"
"B59","ID46","Treated","Flt3L","P49771","OID00533",2.05809978536939,0,0.0625,"Pass","Example_Data_14_INFI.csv"
"B62","ID47","Treated","Flt3L","P49771","OID00533",2.48203457891699,0,0.0625,"Pass","Example_Data_14_INFI.csv"
"B65","ID48","Treated","Flt3L","P49771","OID00533",10.0016142405866,0,0.0625,"Pass","Example_Data_14_INFI.csv"
"B68","ID49","Treated","Flt3L","P49771","OID00533",6.16649868710249,0,0.0625,"Pass","Example_Data_14_INFI.csv"
"B71","ID50","Treated","Flt3L","P49771","OID00533",0.0611498132995268,0,0.0625,"Pass","Example_Data_14_INFI.csv"
"B74","ID51","Untreated","Flt3L","P49771","OID00533",5.29162760068083,0,0.0625,"Pass","Example_Data_14_INFI.csv"
"B77","ID52","Treated","Flt3L","P49771","OID00533",7.73575733792458,0,0.0625,"Pass","Example_Data_14_INFI.csv"
"A1","ID1","Untreated","CXCL6","P80162","OID00534",3.38499340461075,0.749156270618551,0.0125,"Pass","Example_Data_13_INFI.csv"
"A4","ID2","Untreated","CXCL6","P80162","OID00534",14.779992237726,0.749156270618551,0.0125,"Pass","Example_Data_13_INFI.csv"
"A7","ID3","Untreated","CXCL6","P80162","OID00534",5.15173904194232,0.749156270618551,0.0125,"Pass","Example_Data_13_INFI.csv"
"A10","ID4","Untreated","CXCL6","P80162","OID00534",7.10538967364556,0.749156270618551,0.0125,"Pass","Example_Data_13_INFI.csv"
"A13","ID5","Untreated","CXCL6","P80162","OID00534",3.8441137110635,0.749156270618551,0.0125,"Pass","Example_Data_13_INFI.csv"
"A16","ID6","Treated","CXCL6","P80162","OID00534",9.03119358747006,0.749156270618551,0.0125,"Pass","Example_Data_13_INFI.csv"
"A19","ID7","Untreated","CXCL6","P80162","OID00534",9.36048644881895,0.749156270618551,0.0125,"Pass","Example_Data_13_INFI.csv"
"A22","ID8","Treated","CXCL6","P80162","OID00534",19.7219996825465,0.749156270618551,0.0125,"Pass","Example_Data_13_INFI.csv"
"A25","ID9","Untreated","CXCL6","P80162","OID00534",12.5314540190941,0.749156270618551,0.0125,"Pass","Example_Data_13_INFI.csv"
"A28","ID10","Treated","CXCL6","P80162","OID00534",16.5163076506506,0.749156270618551,0.0125,"Pass","Example_Data_13_INFI.csv"
"A31","ID11","Treated","CXCL6","P80162","OID00534",7.56639959932234,0.749156270618551,0.0125,"Pass","Example_Data_13_INFI.csv"
"A37","ID13","Untreated","CXCL6","P80162","OID00534",14.7534257945745,0.749156270618551,0.0125,"Pass","Example_Data_13_INFI.csv"
"A40","ID14","Untreated","CXCL6","P80162","OID00534",23.2649765946246,0.749156270618551,0.0125,"Pass","Example_Data_13_INFI.csv"
"A43","ID15","Treated","CXCL6","P80162","OID00534",13.1091336780365,0.749156270618551,0.0125,"Pass","Example_Data_13_INFI.csv"
"A46","ID16","Untreated","CXCL6","P80162","OID00534",11.2348847819246,0.749156270618551,0.0125,"Pass","Example_Data_13_INFI.csv"
"A49","ID17","Untreated","CXCL6","P80162","OID00534",7.55975863926021,0.749156270618551,0.0125,"Pass","Example_Data_13_INFI.csv"
"A52","ID18","Treated","CXCL6","P80162","OID00534",11.3598808951571,0.749156270618551,0.0125,"Pass","Example_Data_13_INFI.csv"
"A55","ID19","Treated","CXCL6","P80162","OID00534",9.6868927146178,0.749156270618551,0.0125,"Pass","Example_Data_13_INFI.csv"
"A58","ID20","Untreated","CXCL6","P80162","OID00534",16.2113578890265,0.749156270618551,0.0125,"Pass","Example_Data_13_INFI.csv"
"A61","ID21","Untreated","CXCL6","P80162","OID00534",16.3943020823863,0.749156270618551,0.0125,"Pass","Example_Data_13_INFI.csv"
"A64","ID22","Untreated","CXCL6","P80162","OID00534",5.58148704665299,0.749156270618551,0.0125,"Pass","Example_Data_13_INFI.csv"
"A67","ID23","Treated","CXCL6","P80162","OID00534",6.91150853429939,0.749156270618551,0.0125,"Pass","Example_Data_13_INFI.csv"
"A70","ID24","Untreated","CXCL6","P80162","OID00534",7.26982960675651,0.749156270618551,0.0125,"Pass","Example_Data_13_INFI.csv"
"A73","ID25","Untreated","CXCL6","P80162","OID00534",7.27152566064104,0.749156270618551,0.0125,"Pass","Example_Data_13_INFI.csv"
"A76","ID26","Untreated","CXCL6","P80162","OID00534",3.96649592762272,0.749156270618551,0.0125,"Pass","Example_Data_13_INFI.csv"
"B2","ID27","Treated","CXCL6","P80162","OID00534",10.1640131925474,0.749156270618551,0.0125,"Pass","Example_Data_14_INFI.csv"
"B5","ID28","Treated","CXCL6","P80162","OID00534",10.2399188142268,0.749156270618551,0.0125,"Pass","Example_Data_14_INFI.csv"
"B8","ID29","Untreated","CXCL6","P80162","OID00534",12.5946653980319,0.749156270618551,0.0125,"Pass","Example_Data_14_INFI.csv"
"B11","ID30","Untreated","CXCL6","P80162","OID00534",16.0638671561254,0.749156270618551,0.0125,"Pass","Example_Data_14_INFI.csv"
"B14","ID31","Untreated","CXCL6","P80162","OID00534",11.9802866084565,0.749156270618551,0.0125,"Pass","Example_Data_14_INFI.csv"
"B17","ID32","Treated","CXCL6","P80162","OID00534",8.37207681678181,0.749156270618551,0.0125,"Pass","Example_Data_14_INFI.csv"
"B20","ID33","Untreated","CXCL6","P80162","OID00534",9.13828843137217,0.749156270618551,0.0125,"Pass","Example_Data_14_INFI.csv"
"B23","ID34","Untreated","CXCL6","P80162","OID00534",7.06573856368659,0.749156270618551,0.0125,"Pass","Example_Data_14_INFI.csv"
"B26","ID35","Untreated","CXCL6","P80162","OID00534",6.55131110907675,0.749156270618551,0.0125,"Pass","Example_Data_14_INFI.csv"
"B29","ID36","Untreated","CXCL6","P80162","OID00534",13.6247729159856,0.749156270618551,0.0125,"Pass","Example_Data_14_INFI.csv"
"B32","ID37","Treated","CXCL6","P80162","OID00534",10.1953620992098,0.749156270618551,0.0125,"Pass","Example_Data_14_INFI.csv"
"B35","ID38","Treated","CXCL6","P80162","OID00534",9.30728295847273,0.749156270618551,0.0125,"Pass","Example_Data_14_INFI.csv"
"B38","ID39","Untreated","CXCL6","P80162","OID00534",11.2492280067107,0.749156270618551,0.0125,"Pass","Example_Data_14_INFI.csv"
"B41","ID40","Untreated","CXCL6","P80162","OID00534",0.70475303089001,0.749156270618551,0.0125,"Pass","Example_Data_14_INFI.csv"
"B44","ID41","Untreated","CXCL6","P80162","OID00534",9.30265633632393,0.749156270618551,0.0125,"Pass","Example_Data_14_INFI.csv"
"B47","ID42","Treated","CXCL6","P80162","OID00534",6.24787610041326,0.749156270618551,0.0125,"Pass","Example_Data_14_INFI.csv"
"B50","ID43","Treated","CXCL6","P80162","OID00534",10.2396733407869,0.749156270618551,0.0125,"Pass","Example_Data_14_INFI.csv"
"B53","ID44","Treated","CXCL6","P80162","OID00534",7.62122408226963,0.749156270618551,0.0125,"Pass","Example_Data_14_INFI.csv"
"B56","ID45","Treated","CXCL6","P80162","OID00534",7.64720362196923,0.749156270618551,0.0125,"Pass","Example_Data_14_INFI.csv"
"B59","ID46","Treated","CXCL6","P80162","OID00534",8.33046687114243,0.749156270618551,0.0125,"Pass","Example_Data_14_INFI.csv"
"B62","ID47","Treated","CXCL6","P80162","OID00534",6.18404908327,0.749156270618551,0.0125,"Pass","Example_Data_14_INFI.csv"
"B65","ID48","Treated","CXCL6","P80162","OID00534",8.32570995693277,0.749156270618551,0.0125,"Pass","Example_Data_14_INFI.csv"
"B68","ID49","Treated","CXCL6","P80162","OID00534",13.5999299384722,0.749156270618551,0.0125,"Pass","Example_Data_14_INFI.csv"
"B71","ID50","Treated","CXCL6","P80162","OID00534",1.3758211933491,0.749156270618551,0.0125,"Pass","Example_Data_14_INFI.csv"
"B74","ID51","Untreated","CXCL6","P80162","OID00534",5.94294304123546,0.749156270618551,0.0125,"Pass","Example_Data_14_INFI.csv"
"B77","ID52","Treated","CXCL6","P80162","OID00534",9.54681440578927,0.749156270618551,0.0125,"Pass","Example_Data_14_INFI.csv"
"A1","ID1","Untreated","CXCL10","P02778","OID00535",10.2921736038978,4.78629358649078,0.06875,"Pass","Example_Data_13_INFI.csv"
"A4","ID2","Untreated","CXCL10","P02778","OID00535",8.36399555531301,4.78629358649078,0.06875,"Pass","Example_Data_13_INFI.csv"
"A7","ID3","Untreated","CXCL10","P02778","OID00535",8.00587863956385,4.78629358649078,0.06875,"Pass","Example_Data_13_INFI.csv"
"A10","ID4","Untreated","CXCL10","P02778","OID00535",10.7336207867342,4.78629358649078,0.06875,"Pass","Example_Data_13_INFI.csv"
"A13","ID5","Untreated","CXCL10","P02778","OID00535",7.06966364855348,4.78629358649078,0.06875,"Pass","Example_Data_13_INFI.csv"
"A16","ID6","Treated","CXCL10","P02778","OID00535",5.82491498068456,4.78629358649078,0.06875,"Pass","Example_Data_13_INFI.csv"
"A19","ID7","Untreated","CXCL10","P02778","OID00535",10.7538678499497,4.78629358649078,0.06875,"Pass","Example_Data_13_INFI.csv"
"A22","ID8","Treated","CXCL10","P02778","OID00535",4.16359329635666,4.78629358649078,0.06875,"Pass","Example_Data_13_INFI.csv"
"A25","ID9","Untreated","CXCL10","P02778","OID00535",5.15302709048723,4.78629358649078,0.06875,"Pass","Example_Data_13_INFI.csv"
"A28","ID10","Treated","CXCL10","P02778","OID00535",9.02657061056184,4.78629358649078,0.06875,"Pass","Example_Data_13_INFI.csv"
"A31","ID11","Treated","CXCL10","P02778","OID00535",13.9347530880268,4.78629358649078,0.06875,"Pass","Example_Data_13_INFI.csv"
"A37","ID13","Untreated","CXCL10","P02778","OID00535",11.0823173325262,4.78629358649078,0.06875,"Pass","Example_Data_13_INFI.csv"
"A40","ID14","Untreated","CXCL10","P02778","OID00535",4.03625935224192,4.78629358649078,0.06875,"Pass","Example_Data_13_INFI.csv"
"A43","ID15","Treated","CXCL10","P02778","OID00535",7.41160314997312,4.78629358649078,0.06875,"Pass","Example_Data_13_INFI.csv"
"A46","ID16","Untreated","CXCL10","P02778","OID00535",7.48036558120537,4.78629358649078,0.06875,"Pass","Example_Data_13_INFI.csv"
"A49","ID17","Untreated","CXCL10","P02778","OID00535",11.4838464620926,4.78629358649078,0.06875,"Pass","Example_Data_13_INFI.csv"
"A52","ID18","Treated","CXCL10","P02778","OID00535",8.05580147531879,4.78629358649078,0.06875,"Pass","Example_Data_13_INFI.csv"
"A55","ID19","Treated","CXCL10","P02778","OID00535",9.34739574237565,4.78629358649078,0.06875,"Pass","Example_Data_13_INFI.csv"
"A58","ID20","Untreated","CXCL10","P02778","OID00535",6.83970284050467,4.78629358649078,0.06875,"Pass","Example_Data_13_INFI.csv"
"A61","ID21","Untreated","CXCL10","P02778","OID00535",6.19151920103051,4.78629358649078,0.06875,"Pass","Example_Data_13_INFI.csv"
"A64","ID22","Untreated","CXCL10","P02778","OID00535",8.02580177922544,4.78629358649078,0.06875,"Pass","Example_Data_13_INFI.csv"
"A67","ID23","Treated","CXCL10","P02778","OID00535",4.42949004700247,4.78629358649078,0.06875,"Pass","Example_Data_13_INFI.csv"
"A70","ID24","Untreated","CXCL10","P02778","OID00535",5.55718400340764,4.78629358649078,0.06875,"Pass","Example_Data_13_INFI.csv"
"A73","ID25","Untreated","CXCL10","P02778","OID00535",9.07792224991332,4.78629358649078,0.06875,"Pass","Example_Data_13_INFI.csv"
"A76","ID26","Untreated","CXCL10","P02778","OID00535",2.84516588527002,4.78629358649078,0.06875,"Pass","Example_Data_13_INFI.csv"
"B2","ID27","Treated","CXCL10","P02778","OID00535",8.19003567171751,4.78629358649078,0.06875,"Pass","Example_Data_14_INFI.csv"
"B5","ID28","Treated","CXCL10","P02778","OID00535",11.2701541768197,4.78629358649078,0.06875,"Pass","Example_Data_14_INFI.csv"
"B8","ID29","Untreated","CXCL10","P02778","OID00535",6.57869952603205,4.78629358649078,0.06875,"Pass","Example_Data_14_INFI.csv"
"B11","ID30","Untreated","CXCL10","P02778","OID00535",8.34839107439252,4.78629358649078,0.06875,"Pass","Example_Data_14_INFI.csv"
"B14","ID31","Untreated","CXCL10","P02778","OID00535",4.78731937851392,4.78629358649078,0.06875,"Pass","Example_Data_14_INFI.csv"
"B17","ID32","Treated","CXCL10","P02778","OID00535",7.88816615599773,4.78629358649078,0.06875,"Pass","Example_Data_14_INFI.csv"
"B20","ID33","Untreated","CXCL10","P02778","OID00535",7.02860615363401,4.78629358649078,0.06875,"Pass","Example_Data_14_INFI.csv"
"B23","ID34","Untreated","CXCL10","P02778","OID00535",10.0352714666151,4.78629358649078,0.06875,"Pass","Example_Data_14_INFI.csv"
"B26","ID35","Untreated","CXCL10","P02778","OID00535",5.19971184057824,4.78629358649078,0.06875,"Pass","Example_Data_14_INFI.csv"
"B29","ID36","Untreated","CXCL10","P02778","OID00535",7.66892166763002,4.78629358649078,0.06875,"Pass","Example_Data_14_INFI.csv"
"B32","ID37","Treated","CXCL10","P02778","OID00535",10.8734015947033,4.78629358649078,0.06875,"Pass","Example_Data_14_INFI.csv"
"B35","ID38","Treated","CXCL10","P02778","OID00535",11.4445483010497,4.78629358649078,0.06875,"Pass","Example_Data_14_INFI.csv"
"B38","ID39","Untreated","CXCL10","P02778","OID00535",9.85604480846693,4.78629358649078,0.06875,"Pass","Example_Data_14_INFI.csv"
"B41","ID40","Untreated","CXCL10","P02778","OID00535",5.95857787719678,4.78629358649078,0.06875,"Pass","Example_Data_14_INFI.csv"
"B44","ID41","Untreated","CXCL10","P02778","OID00535",9.98587579392018,4.78629358649078,0.06875,"Pass","Example_Data_14_INFI.csv"
"B47","ID42","Treated","CXCL10","P02778","OID00535",9.28727518647007,4.78629358649078,0.06875,"Pass","Example_Data_14_INFI.csv"
"B50","ID43","Treated","CXCL10","P02778","OID00535",8.11286148019504,4.78629358649078,0.06875,"Pass","Example_Data_14_INFI.csv"
"B53","ID44","Treated","CXCL10","P02778","OID00535",11.3833535087592,4.78629358649078,0.06875,"Pass","Example_Data_14_INFI.csv"
"B56","ID45","Treated","CXCL10","P02778","OID00535",8.27521110926406,4.78629358649078,0.06875,"Pass","Example_Data_14_INFI.csv"
"B59","ID46","Treated","CXCL10","P02778","OID00535",5.8626834792822,4.78629358649078,0.06875,"Pass","Example_Data_14_INFI.csv"
"B62","ID47","Treated","CXCL10","P02778","OID00535",7.85084693404597,4.78629358649078,0.06875,"Pass","Example_Data_14_INFI.csv"
"B65","ID48","Treated","CXCL10","P02778","OID00535",7.5278632595333,4.78629358649078,0.06875,"Pass","Example_Data_14_INFI.csv"
"B68","ID49","Treated","CXCL10","P02778","OID00535",13.4611559832463,4.78629358649078,0.06875,"Pass","Example_Data_14_INFI.csv"
"B71","ID50","Treated","CXCL10","P02778","OID00535",13.7586020027785,4.78629358649078,0.06875,"Pass","Example_Data_14_INFI.csv"
"B74","ID51","Untreated","CXCL10","P02778","OID00535",6.00556233914757,4.78629358649078,0.06875,"Pass","Example_Data_14_INFI.csv"
"B77","ID52","Treated","CXCL10","P02778","OID00535",5.9177043127781,4.78629358649078,0.06875,"Pass","Example_Data_14_INFI.csv"
"A1","ID1","Untreated","4E-BP1","Q13541","OID00536",3.11342040766814,0.422341274972546,0.0625,"Pass","Example_Data_13_INFI.csv"
"A4","ID2","Untreated","4E-BP1","Q13541","OID00536",5.18853504016509,0.422341274972546,0.0625,"Pass","Example_Data_13_INFI.csv"
"A7","ID3","Untreated","4E-BP1","Q13541","OID00536",3.11498507533132,0.422341274972546,0.0625,"Pass","Example_Data_13_INFI.csv"
"A10","ID4","Untreated","4E-BP1","Q13541","OID00536",1.83786943357417,0.422341274972546,0.0625,"Pass","Example_Data_13_INFI.csv"
"A13","ID5","Untreated","4E-BP1","Q13541","OID00536",3.84707332572547,0.422341274972546,0.0625,"Pass","Example_Data_13_INFI.csv"
"A16","ID6","Treated","4E-BP1","Q13541","OID00536",5.23979922793871,0.422341274972546,0.0625,"Pass","Example_Data_13_INFI.csv"
"A19","ID7","Untreated","4E-BP1","Q13541","OID00536",3.9994747405181,0.422341274972546,0.0625,"Pass","Example_Data_13_INFI.csv"
"A22","ID8","Treated","4E-BP1","Q13541","OID00536",4.21888419278412,0.422341274972546,0.0625,"Pass","Example_Data_13_INFI.csv"
"A25","ID9","Untreated","4E-BP1","Q13541","OID00536",4.06422680456129,0.422341274972546,0.0625,"Pass","Example_Data_13_INFI.csv"
"A28","ID10","Treated","4E-BP1","Q13541","OID00536",4.24570790929594,0.422341274972546,0.0625,"Pass","Example_Data_13_INFI.csv"
"A31","ID11","Treated","4E-BP1","Q13541","OID00536",1.58949338602248,0.422341274972546,0.0625,"Pass","Example_Data_13_INFI.csv"
"A37","ID13","Untreated","4E-BP1","Q13541","OID00536",2.18258637037787,0.422341274972546,0.0625,"Pass","Example_Data_13_INFI.csv"
"A40","ID14","Untreated","4E-BP1","Q13541","OID00536",2.25950130336206,0.422341274972546,0.0625,"Pass","Example_Data_13_INFI.csv"
"A43","ID15","Treated","4E-BP1","Q13541","OID00536",3.59256471803409,0.422341274972546,0.0625,"Pass","Example_Data_13_INFI.csv"
"A46","ID16","Untreated","4E-BP1","Q13541","OID00536",2.90495496005737,0.422341274972546,0.0625,"Pass","Example_Data_13_INFI.csv"
"A49","ID17","Untreated","4E-BP1","Q13541","OID00536",1.09297732654864,0.422341274972546,0.0625,"Pass","Example_Data_13_INFI.csv"
"A52","ID18","Treated","4E-BP1","Q13541","OID00536",3.45101341135764,0.422341274972546,0.0625,"Pass","Example_Data_13_INFI.csv"
"A55","ID19","Treated","4E-BP1","Q13541","OID00536",3.45241281725919,0.422341274972546,0.0625,"Pass","Example_Data_13_INFI.csv"
"A58","ID20","Untreated","4E-BP1","Q13541","OID00536",4.02732415726379,0.422341274972546,0.0625,"Pass","Example_Data_13_INFI.csv"
"A61","ID21","Untreated","4E-BP1","Q13541","OID00536",0.475263882704148,0.422341274972546,0.0625,"Pass","Example_Data_13_INFI.csv"
"A64","ID22","Untreated","4E-BP1","Q13541","OID00536",0.94846103772296,0.422341274972546,0.0625,"Pass","Example_Data_13_INFI.csv"
"A67","ID23","Treated","4E-BP1","Q13541","OID00536",2.33009060049103,0.422341274972546,0.0625,"Pass","Example_Data_13_INFI.csv"
"A70","ID24","Untreated","4E-BP1","Q13541","OID00536",4.42945519576228,0.422341274972546,0.0625,"Pass","Example_Data_13_INFI.csv"
"A73","ID25","Untreated","4E-BP1","Q13541","OID00536",3.81296465413875,0.422341274972546,0.0625,"Pass","Example_Data_13_INFI.csv"
"A76","ID26","Untreated","4E-BP1","Q13541","OID00536",2.63153591434617,0.422341274972546,0.0625,"Pass","Example_Data_13_INFI.csv"
"B2","ID27","Treated","4E-BP1","Q13541","OID00536",2.27417818010847,0.422341274972546,0.0625,"Pass","Example_Data_14_INFI.csv"
"B5","ID28","Treated","4E-BP1","Q13541","OID00536",3.24069200312,0.422341274972546,0.0625,"Pass","Example_Data_14_INFI.csv"
"B8","ID29","Untreated","4E-BP1","Q13541","OID00536",0.267462579527826,0.422341274972546,0.0625,"Pass","Example_Data_14_INFI.csv"
"B11","ID30","Untreated","4E-BP1","Q13541","OID00536",1.0647885056104,0.422341274972546,0.0625,"Pass","Example_Data_14_INFI.csv"
"B14","ID31","Untreated","4E-BP1","Q13541","OID00536",2.55481088533461,0.422341274972546,0.0625,"Pass","Example_Data_14_INFI.csv"
"B17","ID32","Treated","4E-BP1","Q13541","OID00536",2.62616086457084,0.422341274972546,0.0625,"Pass","Example_Data_14_INFI.csv"
"B20","ID33","Untreated","4E-BP1","Q13541","OID00536",1.30933103176079,0.422341274972546,0.0625,"Pass","Example_Data_14_INFI.csv"
"B23","ID34","Untreated","4E-BP1","Q13541","OID00536",0.672400700542002,0.422341274972546,0.0625,"Pass","Example_Data_14_INFI.csv"
"B26","ID35","Untreated","4E-BP1","Q13541","OID00536",1.97494648383132,0.422341274972546,0.0625,"Pass","Example_Data_14_INFI.csv"
"B29","ID36","Untreated","4E-BP1","Q13541","OID00536",1.89799435407014,0.422341274972546,0.0625,"Pass","Example_Data_14_INFI.csv"
"B32","ID37","Treated","4E-BP1","Q13541","OID00536",0.977410790444734,0.422341274972546,0.0625,"Pass","Example_Data_14_INFI.csv"
"B35","ID38","Treated","4E-BP1","Q13541","OID00536",4.3064863617837,0.422341274972546,0.0625,"Pass","Example_Data_14_INFI.csv"
"B38","ID39","Untreated","4E-BP1","Q13541","OID00536",0.932258113521402,0.422341274972546,0.0625,"Pass","Example_Data_14_INFI.csv"
"B41","ID40","Untreated","4E-BP1","Q13541","OID00536",2.67299623499087,0.422341274972546,0.0625,"Pass","Example_Data_14_INFI.csv"
"B44","ID41","Untreated","4E-BP1","Q13541","OID00536",2.97859612639883,0.422341274972546,0.0625,"Pass","Example_Data_14_INFI.csv"
"B47","ID42","Treated","4E-BP1","Q13541","OID00536",3.16906476141451,0.422341274972546,0.0625,"Pass","Example_Data_14_INFI.csv"
"B50","ID43","Treated","4E-BP1","Q13541","OID00536",3.73141425230506,0.422341274972546,0.0625,"Pass","Example_Data_14_INFI.csv"
"B53","ID44","Treated","4E-BP1","Q13541","OID00536",2.46974107676516,0.422341274972546,0.0625,"Pass","Example_Data_14_INFI.csv"
"B56","ID45","Treated","4E-BP1","Q13541","OID00536",3.780159128653,0.422341274972546,0.0625,"Pass","Example_Data_14_INFI.csv"
"B59","ID46","Treated","4E-BP1","Q13541","OID00536",3.83484820374879,0.422341274972546,0.0625,"Pass","Example_Data_14_INFI.csv"
"B62","ID47","Treated","4E-BP1","Q13541","OID00536",0.927012889693462,0.422341274972546,0.0625,"Pass","Example_Data_14_INFI.csv"
"B65","ID48","Treated","4E-BP1","Q13541","OID00536",3.82836725808455,0.422341274972546,0.0625,"Pass","Example_Data_14_INFI.csv"
"B68","ID49","Treated","4E-BP1","Q13541","OID00536",1.81301231864643,0.422341274972546,0.0625,"Pass","Example_Data_14_INFI.csv"
"B71","ID50","Treated","4E-BP1","Q13541","OID00536",1.72532091668821,0.422341274972546,0.0625,"Pass","Example_Data_14_INFI.csv"
"B74","ID51","Untreated","4E-BP1","Q13541","OID00536",4.82989851253111,0.422341274972546,0.0625,"Pass","Example_Data_14_INFI.csv"
"B77","ID52","Treated","4E-BP1","Q13541","OID00536",2.11028124895699,0.422341274972546,0.0625,"Pass","Example_Data_14_INFI.csv"
"A1","ID1","Untreated","IL-20","Q9NYY1","OID00537",3.28517406354034,0,0.06875,"Pass","Example_Data_13_INFI.csv"
"A4","ID2","Untreated","IL-20","Q9NYY1","OID00537",0.659751428979445,0,0.06875,"Pass","Example_Data_13_INFI.csv"
"A7","ID3","Untreated","IL-20","Q9NYY1","OID00537",2.01216129444051,0,0.06875,"Pass","Example_Data_13_INFI.csv"
"A10","ID4","Untreated","IL-20","Q9NYY1","OID00537",1.949270427761,0,0.06875,"Pass","Example_Data_13_INFI.csv"
"A13","ID5","Untreated","IL-20","Q9NYY1","OID00537",2.17167830691165,0,0.06875,"Pass","Example_Data_13_INFI.csv"
"A16","ID6","Treated","IL-20","Q9NYY1","OID00537",2.65768063874136,0,0.06875,"Pass","Example_Data_13_INFI.csv"
"A19","ID7","Untreated","IL-20","Q9NYY1","OID00537",0.689541067545061,0,0.06875,"Pass","Example_Data_13_INFI.csv"
"A22","ID8","Treated","IL-20","Q9NYY1","OID00537",0.859976421756689,0,0.06875,"Pass","Example_Data_13_INFI.csv"
"A25","ID9","Untreated","IL-20","Q9NYY1","OID00537",3.27339475764061,0,0.06875,"Pass","Example_Data_13_INFI.csv"
"A28","ID10","Treated","IL-20","Q9NYY1","OID00537",0.173844636838365,0,0.06875,"Pass","Example_Data_13_INFI.csv"
"A31","ID11","Treated","IL-20","Q9NYY1","OID00537",0.263743037854156,0,0.06875,"Pass","Example_Data_13_INFI.csv"
"A37","ID13","Untreated","IL-20","Q9NYY1","OID00537",1.19059339223848,0,0.06875,"Pass","Example_Data_13_INFI.csv"
"A40","ID14","Untreated","IL-20","Q9NYY1","OID00537",2.58037396832044,0,0.06875,"Pass","Example_Data_13_INFI.csv"
"A43","ID15","Treated","IL-20","Q9NYY1","OID00537",1.11169630665524,0,0.06875,"Pass","Example_Data_13_INFI.csv"
"A46","ID16","Untreated","IL-20","Q9NYY1","OID00537",0.439114439097741,0,0.06875,"Pass","Example_Data_13_INFI.csv"
"A49","ID17","Untreated","IL-20","Q9NYY1","OID00537",0.64015217322809,0,0.06875,"Pass","Example_Data_13_INFI.csv"
"A52","ID18","Treated","IL-20","Q9NYY1","OID00537",2.22117380438522,0,0.06875,"Pass","Example_Data_13_INFI.csv"
"A55","ID19","Treated","IL-20","Q9NYY1","OID00537",3.05926477878034,0,0.06875,"Pass","Example_Data_13_INFI.csv"
"A58","ID20","Untreated","IL-20","Q9NYY1","OID00537",2.18831008885375,0,0.06875,"Pass","Example_Data_13_INFI.csv"
"A61","ID21","Untreated","IL-20","Q9NYY1","OID00537",0.860070430913345,0,0.06875,"Pass","Example_Data_13_INFI.csv"
"A64","ID22","Untreated","IL-20","Q9NYY1","OID00537",0.8784727565697,0,0.06875,"Pass","Example_Data_13_INFI.csv"
"A67","ID23","Treated","IL-20","Q9NYY1","OID00537",0.466272095481401,0,0.06875,"Pass","Example_Data_13_INFI.csv"
"A70","ID24","Untreated","IL-20","Q9NYY1","OID00537",2.62541852981783,0,0.06875,"Pass","Example_Data_13_INFI.csv"
"A73","ID25","Untreated","IL-20","Q9NYY1","OID00537",0.289365100847193,0,0.06875,"Pass","Example_Data_13_INFI.csv"
"A76","ID26","Untreated","IL-20","Q9NYY1","OID00537",2.19080739148256,0,0.06875,"Pass","Example_Data_13_INFI.csv"
"B2","ID27","Treated","IL-20","Q9NYY1","OID00537",0.453979980294515,0,0.06875,"Pass","Example_Data_14_INFI.csv"
"B5","ID28","Treated","IL-20","Q9NYY1","OID00537",1.49940212561059,0,0.06875,"Pass","Example_Data_14_INFI.csv"
"B8","ID29","Untreated","IL-20","Q9NYY1","OID00537",0.333158108060328,0,0.06875,"Pass","Example_Data_14_INFI.csv"
"B11","ID30","Untreated","IL-20","Q9NYY1","OID00537",0.82015656269908,0,0.06875,"Pass","Example_Data_14_INFI.csv"
"B14","ID31","Untreated","IL-20","Q9NYY1","OID00537",2.49485573032003,0,0.06875,"Pass","Example_Data_14_INFI.csv"
"B17","ID32","Treated","IL-20","Q9NYY1","OID00537",2.26166131681706,0,0.06875,"Pass","Example_Data_14_INFI.csv"
"B20","ID33","Untreated","IL-20","Q9NYY1","OID00537",2.81907662470874,0,0.06875,"Pass","Example_Data_14_INFI.csv"
"B23","ID34","Untreated","IL-20","Q9NYY1","OID00537",2.46498695809035,0,0.06875,"Pass","Example_Data_14_INFI.csv"
"B26","ID35","Untreated","IL-20","Q9NYY1","OID00537",2.11461103307769,0,0.06875,"Pass","Example_Data_14_INFI.csv"
"B29","ID36","Untreated","IL-20","Q9NYY1","OID00537",2.07929229661171,0,0.06875,"Pass","Example_Data_14_INFI.csv"
"B32","ID37","Treated","IL-20","Q9NYY1","OID00537",2.72220346172848,0,0.06875,"Pass","Example_Data_14_INFI.csv"
"B35","ID38","Treated","IL-20","Q9NYY1","OID00537",1.63337771032097,0,0.06875,"Pass","Example_Data_14_INFI.csv"
"B38","ID39","Untreated","IL-20","Q9NYY1","OID00537",1.45025876825595,0,0.06875,"Pass","Example_Data_14_INFI.csv"
"B41","ID40","Untreated","IL-20","Q9NYY1","OID00537",1.87440987032107,0,0.06875,"Pass","Example_Data_14_INFI.csv"
"B44","ID41","Untreated","IL-20","Q9NYY1","OID00537",1.25581147298363,0,0.06875,"Pass","Example_Data_14_INFI.csv"
"B47","ID42","Treated","IL-20","Q9NYY1","OID00537",0.561238151273827,0,0.06875,"Pass","Example_Data_14_INFI.csv"
"B50","ID43","Treated","IL-20","Q9NYY1","OID00537",2.89229197761192,0,0.06875,"Pass","Example_Data_14_INFI.csv"
"B53","ID44","Treated","IL-20","Q9NYY1","OID00537",2.88417031874814,0,0.06875,"Pass","Example_Data_14_INFI.csv"
"B56","ID45","Treated","IL-20","Q9NYY1","OID00537",-0.169158409444125,0,0.06875,"Pass","Example_Data_14_INFI.csv"
"B59","ID46","Treated","IL-20","Q9NYY1","OID00537",0.586231365260451,0,0.06875,"Pass","Example_Data_14_INFI.csv"
"B62","ID47","Treated","IL-20","Q9NYY1","OID00537",0.67710923245599,0,0.06875,"Pass","Example_Data_14_INFI.csv"
"B65","ID48","Treated","IL-20","Q9NYY1","OID00537",1.20584333159287,0,0.06875,"Pass","Example_Data_14_INFI.csv"
"B68","ID49","Treated","IL-20","Q9NYY1","OID00537",2.54828468925012,0,0.06875,"Pass","Example_Data_14_INFI.csv"
"B71","ID50","Treated","IL-20","Q9NYY1","OID00537",1.74467268958256,0,0.06875,"Pass","Example_Data_14_INFI.csv"
"B74","ID51","Untreated","IL-20","Q9NYY1","OID00537",2.00824886125614,0,0.06875,"Pass","Example_Data_14_INFI.csv"
"B77","ID52","Treated","IL-20","Q9NYY1","OID00537",1.30649501963828,0,0.06875,"Pass","Example_Data_14_INFI.csv"
"A1","ID1","Untreated","SIRT2","Q8IXJ6","OID00538",12.1960883936179,0.57113944463199,0.01875,"Pass","Example_Data_13_INFI.csv"
"A4","ID2","Untreated","SIRT2","Q8IXJ6","OID00538",8.82409616345851,0.57113944463199,0.01875,"Pass","Example_Data_13_INFI.csv"
"A7","ID3","Untreated","SIRT2","Q8IXJ6","OID00538",5.18528966245916,0.57113944463199,0.01875,"Pass","Example_Data_13_INFI.csv"
"A10","ID4","Untreated","SIRT2","Q8IXJ6","OID00538",17.7225912756522,0.57113944463199,0.01875,"Pass","Example_Data_13_INFI.csv"
"A13","ID5","Untreated","SIRT2","Q8IXJ6","OID00538",5.27173586119118,0.57113944463199,0.01875,"Pass","Example_Data_13_INFI.csv"
"A16","ID6","Treated","SIRT2","Q8IXJ6","OID00538",9.34162847938343,0.57113944463199,0.01875,"Pass","Example_Data_13_INFI.csv"
"A19","ID7","Untreated","SIRT2","Q8IXJ6","OID00538",9.76896284031306,0.57113944463199,0.01875,"Pass","Example_Data_13_INFI.csv"
"A22","ID8","Treated","SIRT2","Q8IXJ6","OID00538",13.6596407250646,0.57113944463199,0.01875,"Pass","Example_Data_13_INFI.csv"
"A25","ID9","Untreated","SIRT2","Q8IXJ6","OID00538",10.8620519156488,0.57113944463199,0.01875,"Pass","Example_Data_13_INFI.csv"
"A28","ID10","Treated","SIRT2","Q8IXJ6","OID00538",6.83097354551081,0.57113944463199,0.01875,"Pass","Example_Data_13_INFI.csv"
"A31","ID11","Treated","SIRT2","Q8IXJ6","OID00538",3.80128473320012,0.57113944463199,0.01875,"Pass","Example_Data_13_INFI.csv"
"A37","ID13","Untreated","SIRT2","Q8IXJ6","OID00538",8.19581444143752,0.57113944463199,0.01875,"Pass","Example_Data_13_INFI.csv"
"A40","ID14","Untreated","SIRT2","Q8IXJ6","OID00538",8.66919107816905,0.57113944463199,0.01875,"Pass","Example_Data_13_INFI.csv"
"A43","ID15","Treated","SIRT2","Q8IXJ6","OID00538",6.84470451460528,0.57113944463199,0.01875,"Pass","Example_Data_13_INFI.csv"
"A46","ID16","Untreated","SIRT2","Q8IXJ6","OID00538",4.86617673761837,0.57113944463199,0.01875,"Pass","Example_Data_13_INFI.csv"
"A49","ID17","Untreated","SIRT2","Q8IXJ6","OID00538",1.38090298618587,0.57113944463199,0.01875,"Pass","Example_Data_13_INFI.csv"
"A52","ID18","Treated","SIRT2","Q8IXJ6","OID00538",12.2269815011021,0.57113944463199,0.01875,"Pass","Example_Data_13_INFI.csv"
"A55","ID19","Treated","SIRT2","Q8IXJ6","OID00538",4.65812365894784,0.57113944463199,0.01875,"Pass","Example_Data_13_INFI.csv"
"A58","ID20","Untreated","SIRT2","Q8IXJ6","OID00538",3.41697040711665,0.57113944463199,0.01875,"Pass","Example_Data_13_INFI.csv"
"A61","ID21","Untreated","SIRT2","Q8IXJ6","OID00538",6.17922695005339,0.57113944463199,0.01875,"Pass","Example_Data_13_INFI.csv"
"A64","ID22","Untreated","SIRT2","Q8IXJ6","OID00538",5.5167689522991,0.57113944463199,0.01875,"Pass","Example_Data_13_INFI.csv"
"A67","ID23","Treated","SIRT2","Q8IXJ6","OID00538",3.89507279552707,0.57113944463199,0.01875,"Pass","Example_Data_13_INFI.csv"
"A70","ID24","Untreated","SIRT2","Q8IXJ6","OID00538",4.80112507291422,0.57113944463199,0.01875,"Pass","Example_Data_13_INFI.csv"
"A73","ID25","Untreated","SIRT2","Q8IXJ6","OID00538",11.5128430679266,0.57113944463199,0.01875,"Pass","Example_Data_13_INFI.csv"
"A76","ID26","Untreated","SIRT2","Q8IXJ6","OID00538",13.664021376201,0.57113944463199,0.01875,"Pass","Example_Data_13_INFI.csv"
"B2","ID27","Treated","SIRT2","Q8IXJ6","OID00538",1.50052165641095,0.57113944463199,0.01875,"Pass","Example_Data_14_INFI.csv"
"B5","ID28","Treated","SIRT2","Q8IXJ6","OID00538",8.55034045672623,0.57113944463199,0.01875,"Pass","Example_Data_14_INFI.csv"
"B8","ID29","Untreated","SIRT2","Q8IXJ6","OID00538",3.24723763527644,0.57113944463199,0.01875,"Pass","Example_Data_14_INFI.csv"
"B11","ID30","Untreated","SIRT2","Q8IXJ6","OID00538",4.1279093427217,0.57113944463199,0.01875,"Pass","Example_Data_14_INFI.csv"
"B14","ID31","Untreated","SIRT2","Q8IXJ6","OID00538",7.56785862375345,0.57113944463199,0.01875,"Pass","Example_Data_14_INFI.csv"
"B17","ID32","Treated","SIRT2","Q8IXJ6","OID00538",2.68301008632752,0.57113944463199,0.01875,"Pass","Example_Data_14_INFI.csv"
"B20","ID33","Untreated","SIRT2","Q8IXJ6","OID00538",4.11365144281301,0.57113944463199,0.01875,"Pass","Example_Data_14_INFI.csv"
"B23","ID34","Untreated","SIRT2","Q8IXJ6","OID00538",5.09986662093336,0.57113944463199,0.01875,"Pass","Example_Data_14_INFI.csv"
"B26","ID35","Untreated","SIRT2","Q8IXJ6","OID00538",9.90618821397537,0.57113944463199,0.01875,"Pass","Example_Data_14_INFI.csv"
"B29","ID36","Untreated","SIRT2","Q8IXJ6","OID00538",4.36086465889385,0.57113944463199,0.01875,"Pass","Example_Data_14_INFI.csv"
"B32","ID37","Treated","SIRT2","Q8IXJ6","OID00538",11.5963882914617,0.57113944463199,0.01875,"Pass","Example_Data_14_INFI.csv"
"B35","ID38","Treated","SIRT2","Q8IXJ6","OID00538",4.68079119220222,0.57113944463199,0.01875,"Pass","Example_Data_14_INFI.csv"
"B38","ID39","Untreated","SIRT2","Q8IXJ6","OID00538",4.63984486027006,0.57113944463199,0.01875,"Pass","Example_Data_14_INFI.csv"
"B41","ID40","Untreated","SIRT2","Q8IXJ6","OID00538",9.17437763458298,0.57113944463199,0.01875,"Pass","Example_Data_14_INFI.csv"
"B44","ID41","Untreated","SIRT2","Q8IXJ6","OID00538",8.16579688076861,0.57113944463199,0.01875,"Pass","Example_Data_14_INFI.csv"
"B47","ID42","Treated","SIRT2","Q8IXJ6","OID00538",1.96710372579757,0.57113944463199,0.01875,"Pass","Example_Data_14_INFI.csv"
"B50","ID43","Treated","SIRT2","Q8IXJ6","OID00538",-0.279022157280888,0.57113944463199,0.01875,"Pass","Example_Data_14_INFI.csv"
"B53","ID44","Treated","SIRT2","Q8IXJ6","OID00538",5.76017156666522,0.57113944463199,0.01875,"Pass","Example_Data_14_INFI.csv"
"B56","ID45","Treated","SIRT2","Q8IXJ6","OID00538",11.479578712257,0.57113944463199,0.01875,"Pass","Example_Data_14_INFI.csv"
"B59","ID46","Treated","SIRT2","Q8IXJ6","OID00538",8.91208332080035,0.57113944463199,0.01875,"Pass","Example_Data_14_INFI.csv"
"B62","ID47","Treated","SIRT2","Q8IXJ6","OID00538",10.1645043369441,0.57113944463199,0.01875,"Pass","Example_Data_14_INFI.csv"
"B65","ID48","Treated","SIRT2","Q8IXJ6","OID00538",16.7844050633068,0.57113944463199,0.01875,"Pass","Example_Data_14_INFI.csv"
"B68","ID49","Treated","SIRT2","Q8IXJ6","OID00538",9.15214504528564,0.57113944463199,0.01875,"Pass","Example_Data_14_INFI.csv"
"B71","ID50","Treated","SIRT2","Q8IXJ6","OID00538",5.62169286440613,0.57113944463199,0.01875,"Pass","Example_Data_14_INFI.csv"
"B74","ID51","Untreated","SIRT2","Q8IXJ6","OID00538",15.2551482801992,0.57113944463199,0.01875,"Pass","Example_Data_14_INFI.csv"
"B77","ID52","Treated","SIRT2","Q8IXJ6","OID00538",8.23756031588836,0.57113944463199,0.01875,"Pass","Example_Data_14_INFI.csv"
"A1","ID1","Untreated","CCL28","Q9NRJ3","OID00539",10.50836117958,0.729788166517392,0.00625,"Pass","Example_Data_13_INFI.csv"
"A4","ID2","Untreated","CCL28","Q9NRJ3","OID00539",14.1073921755021,0.729788166517392,0.00625,"Pass","Example_Data_13_INFI.csv"
"A7","ID3","Untreated","CCL28","Q9NRJ3","OID00539",6.40610236161262,0.729788166517392,0.00625,"Pass","Example_Data_13_INFI.csv"
"A10","ID4","Untreated","CCL28","Q9NRJ3","OID00539",9.02700143924563,0.729788166517392,0.00625,"Pass","Example_Data_13_INFI.csv"
"A13","ID5","Untreated","CCL28","Q9NRJ3","OID00539",8.13868891573801,0.729788166517392,0.00625,"Pass","Example_Data_13_INFI.csv"
"A16","ID6","Treated","CCL28","Q9NRJ3","OID00539",18.1288402464547,0.729788166517392,0.00625,"Pass","Example_Data_13_INFI.csv"
"A19","ID7","Untreated","CCL28","Q9NRJ3","OID00539",9.24997574989481,0.729788166517392,0.00625,"Pass","Example_Data_13_INFI.csv"
"A22","ID8","Treated","CCL28","Q9NRJ3","OID00539",12.4963577376017,0.729788166517392,0.00625,"Pass","Example_Data_13_INFI.csv"
"A25","ID9","Untreated","CCL28","Q9NRJ3","OID00539",6.41210659552107,0.729788166517392,0.00625,"Pass","Example_Data_13_INFI.csv"
"A28","ID10","Treated","CCL28","Q9NRJ3","OID00539",11.575470587445,0.729788166517392,0.00625,"Pass","Example_Data_13_INFI.csv"
"A31","ID11","Treated","CCL28","Q9NRJ3","OID00539",10.8490073295346,0.729788166517392,0.00625,"Pass","Example_Data_13_INFI.csv"
"A37","ID13","Untreated","CCL28","Q9NRJ3","OID00539",9.91264963137914,0.729788166517392,0.00625,"Pass","Example_Data_13_INFI.csv"
"A40","ID14","Untreated","CCL28","Q9NRJ3","OID00539",7.47611940177885,0.729788166517392,0.00625,"Pass","Example_Data_13_INFI.csv"
"A43","ID15","Treated","CCL28","Q9NRJ3","OID00539",8.56782819365766,0.729788166517392,0.00625,"Pass","Example_Data_13_INFI.csv"
"A46","ID16","Untreated","CCL28","Q9NRJ3","OID00539",7.40619908082646,0.729788166517392,0.00625,"Pass","Example_Data_13_INFI.csv"
"A49","ID17","Untreated","CCL28","Q9NRJ3","OID00539",11.4052369223188,0.729788166517392,0.00625,"Pass","Example_Data_13_INFI.csv"
"A52","ID18","Treated","CCL28","Q9NRJ3","OID00539",18.572068701031,0.729788166517392,0.00625,"Pass","Example_Data_13_INFI.csv"
"A55","ID19","Treated","CCL28","Q9NRJ3","OID00539",9.63989022209852,0.729788166517392,0.00625,"Pass","Example_Data_13_INFI.csv"
"A58","ID20","Untreated","CCL28","Q9NRJ3","OID00539",5.25975820327944,0.729788166517392,0.00625,"Pass","Example_Data_13_INFI.csv"
"A61","ID21","Untreated","CCL28","Q9NRJ3","OID00539",12.0471262911515,0.729788166517392,0.00625,"Pass","Example_Data_13_INFI.csv"
"A64","ID22","Untreated","CCL28","Q9NRJ3","OID00539",8.19324135132915,0.729788166517392,0.00625,"Pass","Example_Data_13_INFI.csv"
"A67","ID23","Treated","CCL28","Q9NRJ3","OID00539",5.14980725261158,0.729788166517392,0.00625,"Pass","Example_Data_13_INFI.csv"
"A70","ID24","Untreated","CCL28","Q9NRJ3","OID00539",9.1638914263314,0.729788166517392,0.00625,"Pass","Example_Data_13_INFI.csv"
"A73","ID25","Untreated","CCL28","Q9NRJ3","OID00539",9.64051837353404,0.729788166517392,0.00625,"Pass","Example_Data_13_INFI.csv"
"A76","ID26","Untreated","CCL28","Q9NRJ3","OID00539",11.5992510767481,0.729788166517392,0.00625,"Pass","Example_Data_13_INFI.csv"
"B2","ID27","Treated","CCL28","Q9NRJ3","OID00539",12.3961355377506,0.729788166517392,0.00625,"Pass","Example_Data_14_INFI.csv"
"B5","ID28","Treated","CCL28","Q9NRJ3","OID00539",11.6916714524185,0.729788166517392,0.00625,"Pass","Example_Data_14_INFI.csv"
"B8","ID29","Untreated","CCL28","Q9NRJ3","OID00539",10.8111201759383,0.729788166517392,0.00625,"Pass","Example_Data_14_INFI.csv"
"B11","ID30","Untreated","CCL28","Q9NRJ3","OID00539",10.7401686690436,0.729788166517392,0.00625,"Pass","Example_Data_14_INFI.csv"
"B14","ID31","Untreated","CCL28","Q9NRJ3","OID00539",10.0497274493366,0.729788166517392,0.00625,"Pass","Example_Data_14_INFI.csv"
"B17","ID32","Treated","CCL28","Q9NRJ3","OID00539",4.12964863839606,0.729788166517392,0.00625,"Pass","Example_Data_14_INFI.csv"
"B20","ID33","Untreated","CCL28","Q9NRJ3","OID00539",13.4757283544842,0.729788166517392,0.00625,"Pass","Example_Data_14_INFI.csv"
"B23","ID34","Untreated","CCL28","Q9NRJ3","OID00539",3.52680579862749,0.729788166517392,0.00625,"Pass","Example_Data_14_INFI.csv"
"B26","ID35","Untreated","CCL28","Q9NRJ3","OID00539",11.1909428543068,0.729788166517392,0.00625,"Pass","Example_Data_14_INFI.csv"
"B29","ID36","Untreated","CCL28","Q9NRJ3","OID00539",5.21072890490888,0.729788166517392,0.00625,"Pass","Example_Data_14_INFI.csv"
"B32","ID37","Treated","CCL28","Q9NRJ3","OID00539",12.9233062139339,0.729788166517392,0.00625,"Pass","Example_Data_14_INFI.csv"
"B35","ID38","Treated","CCL28","Q9NRJ3","OID00539",11.3819168354699,0.729788166517392,0.00625,"Pass","Example_Data_14_INFI.csv"
"B38","ID39","Untreated","CCL28","Q9NRJ3","OID00539",11.261322068149,0.729788166517392,0.00625,"Pass","Example_Data_14_INFI.csv"
"B41","ID40","Untreated","CCL28","Q9NRJ3","OID00539",13.3436037763999,0.729788166517392,0.00625,"Pass","Example_Data_14_INFI.csv"
"B44","ID41","Untreated","CCL28","Q9NRJ3","OID00539",8.42029159004573,0.729788166517392,0.00625,"Pass","Example_Data_14_INFI.csv"
"B47","ID42","Treated","CCL28","Q9NRJ3","OID00539",11.5094002124234,0.729788166517392,0.00625,"Pass","Example_Data_14_INFI.csv"
"B50","ID43","Treated","CCL28","Q9NRJ3","OID00539",10.1341825224296,0.729788166517392,0.00625,"Pass","Example_Data_14_INFI.csv"
"B53","ID44","Treated","CCL28","Q9NRJ3","OID00539",9.14046943648184,0.729788166517392,0.00625,"Pass","Example_Data_14_INFI.csv"
"B56","ID45","Treated","CCL28","Q9NRJ3","OID00539",5.51544048799534,0.729788166517392,0.00625,"Pass","Example_Data_14_INFI.csv"
"B59","ID46","Treated","CCL28","Q9NRJ3","OID00539",7.69966291184273,0.729788166517392,0.00625,"Pass","Example_Data_14_INFI.csv"
"B62","ID47","Treated","CCL28","Q9NRJ3","OID00539",10.5688188345951,0.729788166517392,0.00625,"Pass","Example_Data_14_INFI.csv"
"B65","ID48","Treated","CCL28","Q9NRJ3","OID00539",6.72402630779552,0.729788166517392,0.00625,"Pass","Example_Data_14_INFI.csv"
"B68","ID49","Treated","CCL28","Q9NRJ3","OID00539",5.92656337406759,0.729788166517392,0.00625,"Pass","Example_Data_14_INFI.csv"
"B71","ID50","Treated","CCL28","Q9NRJ3","OID00539",7.63831342029705,0.729788166517392,0.00625,"Pass","Example_Data_14_INFI.csv"
"B74","ID51","Untreated","CCL28","Q9NRJ3","OID00539",7.985952450623,0.729788166517392,0.00625,"Pass","Example_Data_14_INFI.csv"
"B77","ID52","Treated","CCL28","Q9NRJ3","OID00539",9.49767983744482,0.729788166517392,0.00625,"Pass","Example_Data_14_INFI.csv"
"A1","ID1","Untreated","EN-RAGE","P80511","OID00541",14.969334900763,0.785393833764829,0.025,"Pass","Example_Data_13_INFI.csv"
"A4","ID2","Untreated","EN-RAGE","P80511","OID00541",8.35170300056007,0.785393833764829,0.025,"Pass","Example_Data_13_INFI.csv"
"A7","ID3","Untreated","EN-RAGE","P80511","OID00541",4.46165609189122,0.785393833764829,0.025,"Pass","Example_Data_13_INFI.csv"
"A10","ID4","Untreated","EN-RAGE","P80511","OID00541",7.27085147148522,0.785393833764829,0.025,"Pass","Example_Data_13_INFI.csv"
"A13","ID5","Untreated","EN-RAGE","P80511","OID00541",10.8606539635974,0.785393833764829,0.025,"Pass","Example_Data_13_INFI.csv"
"A16","ID6","Treated","EN-RAGE","P80511","OID00541",15.705680158455,0.785393833764829,0.025,"Pass","Example_Data_13_INFI.csv"
"A19","ID7","Untreated","EN-RAGE","P80511","OID00541",8.66944947726532,0.785393833764829,0.025,"Pass","Example_Data_13_INFI.csv"
"A22","ID8","Treated","EN-RAGE","P80511","OID00541",3.8873113673741,0.785393833764829,0.025,"Pass","Example_Data_13_INFI.csv"
"A25","ID9","Untreated","EN-RAGE","P80511","OID00541",7.69167467229748,0.785393833764829,0.025,"Pass","Example_Data_13_INFI.csv"
"A28","ID10","Treated","EN-RAGE","P80511","OID00541",3.83857219456879,0.785393833764829,0.025,"Pass","Example_Data_13_INFI.csv"
"A31","ID11","Treated","EN-RAGE","P80511","OID00541",18.1866228269288,0.785393833764829,0.025,"Pass","Example_Data_13_INFI.csv"
"A37","ID13","Untreated","EN-RAGE","P80511","OID00541",6.77561697059235,0.785393833764829,0.025,"Pass","Example_Data_13_INFI.csv"
"A40","ID14","Untreated","EN-RAGE","P80511","OID00541",10.3320964316152,0.785393833764829,0.025,"Pass","Example_Data_13_INFI.csv"
"A43","ID15","Treated","EN-RAGE","P80511","OID00541",12.697048303016,0.785393833764829,0.025,"Pass","Example_Data_13_INFI.csv"
"A46","ID16","Untreated","EN-RAGE","P80511","OID00541",13.1349496103567,0.785393833764829,0.025,"Pass","Example_Data_13_INFI.csv"
"A49","ID17","Untreated","EN-RAGE","P80511","OID00541",11.161363597567,0.785393833764829,0.025,"Pass","Example_Data_13_INFI.csv"
"A52","ID18","Treated","EN-RAGE","P80511","OID00541",17.3397087789111,0.785393833764829,0.025,"Pass","Example_Data_13_INFI.csv"
"A55","ID19","Treated","EN-RAGE","P80511","OID00541",5.56898632518711,0.785393833764829,0.025,"Pass","Example_Data_13_INFI.csv"
"A58","ID20","Untreated","EN-RAGE","P80511","OID00541",8.23168340547377,0.785393833764829,0.025,"Pass","Example_Data_13_INFI.csv"
"A61","ID21","Untreated","EN-RAGE","P80511","OID00541",9.34461530995745,0.785393833764829,0.025,"Pass","Example_Data_13_INFI.csv"
"A64","ID22","Untreated","EN-RAGE","P80511","OID00541",-3.83109877584844,0.785393833764829,0.025,"Pass","Example_Data_13_INFI.csv"
"A67","ID23","Treated","EN-RAGE","P80511","OID00541",16.041202441703,0.785393833764829,0.025,"Pass","Example_Data_13_INFI.csv"
"A70","ID24","Untreated","EN-RAGE","P80511","OID00541",9.96618837705988,0.785393833764829,0.025,"Pass","Example_Data_13_INFI.csv"
"A73","ID25","Untreated","EN-RAGE","P80511","OID00541",12.1539536053734,0.785393833764829,0.025,"Pass","Example_Data_13_INFI.csv"
"A76","ID26","Untreated","EN-RAGE","P80511","OID00541",6.66274074364499,0.785393833764829,0.025,"Pass","Example_Data_13_INFI.csv"
"B2","ID27","Treated","EN-RAGE","P80511","OID00541",14.7552920794995,0.785393833764829,0.025,"Pass","Example_Data_14_INFI.csv"
"B5","ID28","Treated","EN-RAGE","P80511","OID00541",5.84358023411582,0.785393833764829,0.025,"Pass","Example_Data_14_INFI.csv"
"B8","ID29","Untreated","EN-RAGE","P80511","OID00541",14.8189601138368,0.785393833764829,0.025,"Pass","Example_Data_14_INFI.csv"
"B11","ID30","Untreated","EN-RAGE","P80511","OID00541",3.72704538243525,0.785393833764829,0.025,"Pass","Example_Data_14_INFI.csv"
"B14","ID31","Untreated","EN-RAGE","P80511","OID00541",15.8761716086395,0.785393833764829,0.025,"Pass","Example_Data_14_INFI.csv"
"B17","ID32","Treated","EN-RAGE","P80511","OID00541",11.025183564589,0.785393833764829,0.025,"Pass","Example_Data_14_INFI.csv"
"B20","ID33","Untreated","EN-RAGE","P80511","OID00541",17.3797701860166,0.785393833764829,0.025,"Pass","Example_Data_14_INFI.csv"
"B23","ID34","Untreated","EN-RAGE","P80511","OID00541",14.486941263779,0.785393833764829,0.025,"Pass","Example_Data_14_INFI.csv"
"B26","ID35","Untreated","EN-RAGE","P80511","OID00541",19.5727554697887,0.785393833764829,0.025,"Pass","Example_Data_14_INFI.csv"
"B29","ID36","Untreated","EN-RAGE","P80511","OID00541",6.0380266608956,0.785393833764829,0.025,"Pass","Example_Data_14_INFI.csv"
"B32","ID37","Treated","EN-RAGE","P80511","OID00541",10.3144413635747,0.785393833764829,0.025,"Pass","Example_Data_14_INFI.csv"
"B35","ID38","Treated","EN-RAGE","P80511","OID00541",10.5155329085049,0.785393833764829,0.025,"Pass","Example_Data_14_INFI.csv"
"B38","ID39","Untreated","EN-RAGE","P80511","OID00541",9.93606946978084,0.785393833764829,0.025,"Pass","Example_Data_14_INFI.csv"
"B41","ID40","Untreated","EN-RAGE","P80511","OID00541",11.8356160171854,0.785393833764829,0.025,"Pass","Example_Data_14_INFI.csv"
"B44","ID41","Untreated","EN-RAGE","P80511","OID00541",11.7261383585439,0.785393833764829,0.025,"Pass","Example_Data_14_INFI.csv"
"B47","ID42","Treated","EN-RAGE","P80511","OID00541",4.95808914848364,0.785393833764829,0.025,"Pass","Example_Data_14_INFI.csv"
"B50","ID43","Treated","EN-RAGE","P80511","OID00541",7.7921606574186,0.785393833764829,0.025,"Pass","Example_Data_14_INFI.csv"
"B53","ID44","Treated","EN-RAGE","P80511","OID00541",9.29717311207643,0.785393833764829,0.025,"Pass","Example_Data_14_INFI.csv"
"B56","ID45","Treated","EN-RAGE","P80511","OID00541",9.06362410074381,0.785393833764829,0.025,"Pass","Example_Data_14_INFI.csv"
"B59","ID46","Treated","EN-RAGE","P80511","OID00541",4.49202118056129,0.785393833764829,0.025,"Pass","Example_Data_14_INFI.csv"
"B62","ID47","Treated","EN-RAGE","P80511","OID00541",12.6266104910923,0.785393833764829,0.025,"Pass","Example_Data_14_INFI.csv"
"B65","ID48","Treated","EN-RAGE","P80511","OID00541",13.6437643743264,0.785393833764829,0.025,"Pass","Example_Data_14_INFI.csv"
"B68","ID49","Treated","EN-RAGE","P80511","OID00541",11.1999059034727,0.785393833764829,0.025,"Pass","Example_Data_14_INFI.csv"
"B71","ID50","Treated","EN-RAGE","P80511","OID00541",-0.773042236058638,0.785393833764829,0.025,"Pass","Example_Data_14_INFI.csv"
"B74","ID51","Untreated","EN-RAGE","P80511","OID00541",4.16486298959519,0.785393833764829,0.025,"Pass","Example_Data_14_INFI.csv"
"B77","ID52","Treated","EN-RAGE","P80511","OID00541",1.39411347729049,0.785393833764829,0.025,"Pass","Example_Data_14_INFI.csv"
"A1","ID1","Untreated","CD40","P25942","OID00542",7.23602302530467,1.28104323684238,0.025,"Pass","Example_Data_13_INFI.csv"
"A4","ID2","Untreated","CD40","P25942","OID00542",3.69178681205806,1.28104323684238,0.025,"Pass","Example_Data_13_INFI.csv"
"A7","ID3","Untreated","CD40","P25942","OID00542",11.7212297617679,1.28104323684238,0.025,"Pass","Example_Data_13_INFI.csv"
"A10","ID4","Untreated","CD40","P25942","OID00542",12.721822823307,1.28104323684238,0.025,"Pass","Example_Data_13_INFI.csv"
"A13","ID5","Untreated","CD40","P25942","OID00542",14.0798516197051,1.28104323684238,0.025,"Pass","Example_Data_13_INFI.csv"
"A16","ID6","Treated","CD40","P25942","OID00542",8.36541166072653,1.28104323684238,0.025,"Pass","Example_Data_13_INFI.csv"
"A19","ID7","Untreated","CD40","P25942","OID00542",8.85577053701964,1.28104323684238,0.025,"Pass","Example_Data_13_INFI.csv"
"A22","ID8","Treated","CD40","P25942","OID00542",9.90106568593713,1.28104323684238,0.025,"Pass","Example_Data_13_INFI.csv"
"A25","ID9","Untreated","CD40","P25942","OID00542",7.46207834652926,1.28104323684238,0.025,"Pass","Example_Data_13_INFI.csv"
"A28","ID10","Treated","CD40","P25942","OID00542",5.39930768862039,1.28104323684238,0.025,"Pass","Example_Data_13_INFI.csv"
"A31","ID11","Treated","CD40","P25942","OID00542",10.9155510119744,1.28104323684238,0.025,"Pass","Example_Data_13_INFI.csv"
"A37","ID13","Untreated","CD40","P25942","OID00542",2.21979514475258,1.28104323684238,0.025,"Pass","Example_Data_13_INFI.csv"
"A40","ID14","Untreated","CD40","P25942","OID00542",6.26573676193914,1.28104323684238,0.025,"Pass","Example_Data_13_INFI.csv"
"A43","ID15","Treated","CD40","P25942","OID00542",5.04230359333053,1.28104323684238,0.025,"Pass","Example_Data_13_INFI.csv"
"A46","ID16","Untreated","CD40","P25942","OID00542",7.42470439542682,1.28104323684238,0.025,"Pass","Example_Data_13_INFI.csv"
"A49","ID17","Untreated","CD40","P25942","OID00542",8.58170245806222,1.28104323684238,0.025,"Pass","Example_Data_13_INFI.csv"
"A52","ID18","Treated","CD40","P25942","OID00542",12.4825348292051,1.28104323684238,0.025,"Pass","Example_Data_13_INFI.csv"
"A55","ID19","Treated","CD40","P25942","OID00542",16.1958710319695,1.28104323684238,0.025,"Pass","Example_Data_13_INFI.csv"
"A58","ID20","Untreated","CD40","P25942","OID00542",4.45631346252198,1.28104323684238,0.025,"Pass","Example_Data_13_INFI.csv"
"A61","ID21","Untreated","CD40","P25942","OID00542",14.3718063461978,1.28104323684238,0.025,"Pass","Example_Data_13_INFI.csv"
"A64","ID22","Untreated","CD40","P25942","OID00542",4.81068271911327,1.28104323684238,0.025,"Pass","Example_Data_13_INFI.csv"
"A67","ID23","Treated","CD40","P25942","OID00542",10.503501600951,1.28104323684238,0.025,"Pass","Example_Data_13_INFI.csv"
"A70","ID24","Untreated","CD40","P25942","OID00542",11.6316823879745,1.28104323684238,0.025,"Pass","Example_Data_13_INFI.csv"
"A73","ID25","Untreated","CD40","P25942","OID00542",9.18630869550998,1.28104323684238,0.025,"Pass","Example_Data_13_INFI.csv"
"A76","ID26","Untreated","CD40","P25942","OID00542",1.9102429568945,1.28104323684238,0.025,"Pass","Example_Data_13_INFI.csv"
"B2","ID27","Treated","CD40","P25942","OID00542",11.8839423133061,1.28104323684238,0.025,"Pass","Example_Data_14_INFI.csv"
"B5","ID28","Treated","CD40","P25942","OID00542",9.22791903656059,1.28104323684238,0.025,"Pass","Example_Data_14_INFI.csv"
"B8","ID29","Untreated","CD40","P25942","OID00542",15.246615064839,1.28104323684238,0.025,"Pass","Example_Data_14_INFI.csv"
"B11","ID30","Untreated","CD40","P25942","OID00542",5.30731314022338,1.28104323684238,0.025,"Pass","Example_Data_14_INFI.csv"
"B14","ID31","Untreated","CD40","P25942","OID00542",11.3138647271177,1.28104323684238,0.025,"Pass","Example_Data_14_INFI.csv"
"B17","ID32","Treated","CD40","P25942","OID00542",8.10330482585489,1.28104323684238,0.025,"Pass","Example_Data_14_INFI.csv"
"B20","ID33","Untreated","CD40","P25942","OID00542",8.87013183760084,1.28104323684238,0.025,"Pass","Example_Data_14_INFI.csv"
"B23","ID34","Untreated","CD40","P25942","OID00542",13.1243391322346,1.28104323684238,0.025,"Pass","Example_Data_14_INFI.csv"
"B26","ID35","Untreated","CD40","P25942","OID00542",12.2622834263137,1.28104323684238,0.025,"Pass","Example_Data_14_INFI.csv"
"B29","ID36","Untreated","CD40","P25942","OID00542",9.82117180977488,1.28104323684238,0.025,"Pass","Example_Data_14_INFI.csv"
"B32","ID37","Treated","CD40","P25942","OID00542",7.2956954833765,1.28104323684238,0.025,"Pass","Example_Data_14_INFI.csv"
"B35","ID38","Treated","CD40","P25942","OID00542",11.4275804436965,1.28104323684238,0.025,"Pass","Example_Data_14_INFI.csv"
"B38","ID39","Untreated","CD40","P25942","OID00542",6.42809453137876,1.28104323684238,0.025,"Pass","Example_Data_14_INFI.csv"
"B41","ID40","Untreated","CD40","P25942","OID00542",6.69571338162207,1.28104323684238,0.025,"Pass","Example_Data_14_INFI.csv"
"B44","ID41","Untreated","CD40","P25942","OID00542",11.6095428404538,1.28104323684238,0.025,"Pass","Example_Data_14_INFI.csv"
"B47","ID42","Treated","CD40","P25942","OID00542",2.00181699838735,1.28104323684238,0.025,"Pass","Example_Data_14_INFI.csv"
"B50","ID43","Treated","CD40","P25942","OID00542",12.8009318497247,1.28104323684238,0.025,"Pass","Example_Data_14_INFI.csv"
"B53","ID44","Treated","CD40","P25942","OID00542",14.2086573077699,1.28104323684238,0.025,"Pass","Example_Data_14_INFI.csv"
"B56","ID45","Treated","CD40","P25942","OID00542",6.9480721949025,1.28104323684238,0.025,"Pass","Example_Data_14_INFI.csv"
"B59","ID46","Treated","CD40","P25942","OID00542",3.80627936165455,1.28104323684238,0.025,"Pass","Example_Data_14_INFI.csv"
"B62","ID47","Treated","CD40","P25942","OID00542",3.17533353864891,1.28104323684238,0.025,"Pass","Example_Data_14_INFI.csv"
"B65","ID48","Treated","CD40","P25942","OID00542",8.64569986893656,1.28104323684238,0.025,"Pass","Example_Data_14_INFI.csv"
"B68","ID49","Treated","CD40","P25942","OID00542",6.28141341877762,1.28104323684238,0.025,"Pass","Example_Data_14_INFI.csv"
"B71","ID50","Treated","CD40","P25942","OID00542",8.37483942181694,1.28104323684238,0.025,"Pass","Example_Data_14_INFI.csv"
"B74","ID51","Untreated","CD40","P25942","OID00542",10.9990194412846,1.28104323684238,0.025,"Pass","Example_Data_14_INFI.csv"
"B77","ID52","Treated","CD40","P25942","OID00542",6.82103541618597,1.28104323684238,0.025,"Pass","Example_Data_14_INFI.csv"
"A1","ID1","Untreated","IL33","O95760","OID00543",3.8361836244694,0,0.06875,"Pass","Example_Data_13_INFI.csv"
"A4","ID2","Untreated","IL33","O95760","OID00543",3.94185048059963,0,0.06875,"Pass","Example_Data_13_INFI.csv"
"A7","ID3","Untreated","IL33","O95760","OID00543",3.03931325391153,0,0.06875,"Pass","Example_Data_13_INFI.csv"
"A10","ID4","Untreated","IL33","O95760","OID00543",4.79844906909116,0,0.06875,"Pass","Example_Data_13_INFI.csv"
"A13","ID5","Untreated","IL33","O95760","OID00543",1.42900690460928,0,0.06875,"Pass","Example_Data_13_INFI.csv"
"A16","ID6","Treated","IL33","O95760","OID00543",3.4860879564859,0,0.06875,"Pass","Example_Data_13_INFI.csv"
"A19","ID7","Untreated","IL33","O95760","OID00543",2.38237118369003,0,0.06875,"Pass","Example_Data_13_INFI.csv"
"A22","ID8","Treated","IL33","O95760","OID00543",3.00971480312772,0,0.06875,"Pass","Example_Data_13_INFI.csv"
"A25","ID9","Untreated","IL33","O95760","OID00543",4.61427124082493,0,0.06875,"Pass","Example_Data_13_INFI.csv"
"A28","ID10","Treated","IL33","O95760","OID00543",0.65406038932699,0,0.06875,"Pass","Example_Data_13_INFI.csv"
"A31","ID11","Treated","IL33","O95760","OID00543",6.47191022243066,0,0.06875,"Pass","Example_Data_13_INFI.csv"
"A37","ID13","Untreated","IL33","O95760","OID00543",2.99478958778633,0,0.06875,"Pass","Example_Data_13_INFI.csv"
"A40","ID14","Untreated","IL33","O95760","OID00543",3.48539580096172,0,0.06875,"Pass","Example_Data_13_INFI.csv"
"A43","ID15","Treated","IL33","O95760","OID00543",-0.00253583505791743,0,0.06875,"Pass","Example_Data_13_INFI.csv"
"A46","ID16","Untreated","IL33","O95760","OID00543",0.482022555495949,0,0.06875,"Pass","Example_Data_13_INFI.csv"
"A49","ID17","Untreated","IL33","O95760","OID00543",-0.0570659822585604,0,0.06875,"Pass","Example_Data_13_INFI.csv"
"A52","ID18","Treated","IL33","O95760","OID00543",2.64445692739732,0,0.06875,"Pass","Example_Data_13_INFI.csv"
"A55","ID19","Treated","IL33","O95760","OID00543",2.33954021319198,0,0.06875,"Pass","Example_Data_13_INFI.csv"
"A58","ID20","Untreated","IL33","O95760","OID00543",4.27084619488513,0,0.06875,"Pass","Example_Data_13_INFI.csv"
"A61","ID21","Untreated","IL33","O95760","OID00543",3.45439423598111,0,0.06875,"Pass","Example_Data_13_INFI.csv"
"A64","ID22","Untreated","IL33","O95760","OID00543",3.38402849989398,0,0.06875,"Pass","Example_Data_13_INFI.csv"
"A67","ID23","Treated","IL33","O95760","OID00543",0.897345880174758,0,0.06875,"Pass","Example_Data_13_INFI.csv"
"A70","ID24","Untreated","IL33","O95760","OID00543",-0.572377942227781,0,0.06875,"Pass","Example_Data_13_INFI.csv"
"A73","ID25","Untreated","IL33","O95760","OID00543",0.0618890951800122,0,0.06875,"Pass","Example_Data_13_INFI.csv"
"A76","ID26","Untreated","IL33","O95760","OID00543",5.02845121355099,0,0.06875,"Pass","Example_Data_13_INFI.csv"
"B2","ID27","Treated","IL33","O95760","OID00543",3.29375595105007,0,0.06875,"Pass","Example_Data_14_INFI.csv"
"B5","ID28","Treated","IL33","O95760","OID00543",0.585964038062784,0,0.06875,"Pass","Example_Data_14_INFI.csv"
"B8","ID29","Untreated","IL33","O95760","OID00543",2.26242974894001,0,0.06875,"Pass","Example_Data_14_INFI.csv"
"B11","ID30","Untreated","IL33","O95760","OID00543",0.712247926663001,0,0.06875,"Pass","Example_Data_14_INFI.csv"
"B14","ID31","Untreated","IL33","O95760","OID00543",1.48820563497065,0,0.06875,"Pass","Example_Data_14_INFI.csv"
"B17","ID32","Treated","IL33","O95760","OID00543",1.28999306529969,0,0.06875,"Pass","Example_Data_14_INFI.csv"
"B20","ID33","Untreated","IL33","O95760","OID00543",2.67490480482934,0,0.06875,"Pass","Example_Data_14_INFI.csv"
"B23","ID34","Untreated","IL33","O95760","OID00543",0.15255054162037,0,0.06875,"Pass","Example_Data_14_INFI.csv"
"B26","ID35","Untreated","IL33","O95760","OID00543",2.73789374652045,0,0.06875,"Pass","Example_Data_14_INFI.csv"
"B29","ID36","Untreated","IL33","O95760","OID00543",3.69456698747748,0,0.06875,"Pass","Example_Data_14_INFI.csv"
"B32","ID37","Treated","IL33","O95760","OID00543",1.97291589466711,0,0.06875,"Pass","Example_Data_14_INFI.csv"
"B35","ID38","Treated","IL33","O95760","OID00543",4.45192625652103,0,0.06875,"Pass","Example_Data_14_INFI.csv"
"B38","ID39","Untreated","IL33","O95760","OID00543",1.45185050766198,0,0.06875,"Pass","Example_Data_14_INFI.csv"
"B41","ID40","Untreated","IL33","O95760","OID00543",1.69920319093049,0,0.06875,"Pass","Example_Data_14_INFI.csv"
"B44","ID41","Untreated","IL33","O95760","OID00543",5.55363043661678,0,0.06875,"Pass","Example_Data_14_INFI.csv"
"B47","ID42","Treated","IL33","O95760","OID00543",1.60606149109181,0,0.06875,"Pass","Example_Data_14_INFI.csv"
"B50","ID43","Treated","IL33","O95760","OID00543",4.73673885865263,0,0.06875,"Pass","Example_Data_14_INFI.csv"
"B53","ID44","Treated","IL33","O95760","OID00543",4.88945435660401,0,0.06875,"Pass","Example_Data_14_INFI.csv"
"B56","ID45","Treated","IL33","O95760","OID00543",0.309642233336175,0,0.06875,"Pass","Example_Data_14_INFI.csv"
"B59","ID46","Treated","IL33","O95760","OID00543",2.13713658038691,0,0.06875,"Pass","Example_Data_14_INFI.csv"
"B62","ID47","Treated","IL33","O95760","OID00543",3.03769059736093,0,0.06875,"Pass","Example_Data_14_INFI.csv"
"B65","ID48","Treated","IL33","O95760","OID00543",3.52384679051545,0,0.06875,"Pass","Example_Data_14_INFI.csv"
"B68","ID49","Treated","IL33","O95760","OID00543",0.217333499181168,0,0.06875,"Pass","Example_Data_14_INFI.csv"
"B71","ID50","Treated","IL33","O95760","OID00543",4.2303939515271,0,0.06875,"Pass","Example_Data_14_INFI.csv"
"B74","ID51","Untreated","IL33","O95760","OID00543",1.24871420653402,0,0.06875,"Pass","Example_Data_14_INFI.csv"
"B77","ID52","Treated","IL33","O95760","OID00543",1.78198600345186,0,0.06875,"Pass","Example_Data_14_INFI.csv"
"A1","ID1","Untreated","IFN-gamma","P01579","OID00544",6.96452095683823,0,0.06875,"Pass","Example_Data_13_INFI.csv"
"A4","ID2","Untreated","IFN-gamma","P01579","OID00544",9.09726799542569,0,0.06875,"Pass","Example_Data_13_INFI.csv"
"A7","ID3","Untreated","IFN-gamma","P01579","OID00544",-3.54766574792364,0,0.06875,"Pass","Example_Data_13_INFI.csv"
"A10","ID4","Untreated","IFN-gamma","P01579","OID00544",5.4956813845726,0,0.06875,"Pass","Example_Data_13_INFI.csv"
"A13","ID5","Untreated","IFN-gamma","P01579","OID00544",4.47523528652911,0,0.06875,"Pass","Example_Data_13_INFI.csv"
"A16","ID6","Treated","IFN-gamma","P01579","OID00544",3.53898873235146,0,0.06875,"Pass","Example_Data_13_INFI.csv"
"A19","ID7","Untreated","IFN-gamma","P01579","OID00544",9.92363685175006,0,0.06875,"Pass","Example_Data_13_INFI.csv"
"A22","ID8","Treated","IFN-gamma","P01579","OID00544",5.22370870327343,0,0.06875,"Pass","Example_Data_13_INFI.csv"
"A25","ID9","Untreated","IFN-gamma","P01579","OID00544",8.08243543197163,0,0.06875,"Pass","Example_Data_13_INFI.csv"
"A28","ID10","Treated","IFN-gamma","P01579","OID00544",-1.06810677606353,0,0.06875,"Pass","Example_Data_13_INFI.csv"
"A31","ID11","Treated","IFN-gamma","P01579","OID00544",4.45878883739242,0,0.06875,"Pass","Example_Data_13_INFI.csv"
"A37","ID13","Untreated","IFN-gamma","P01579","OID00544",2.40300110793072,0,0.06875,"Pass","Example_Data_13_INFI.csv"
"A40","ID14","Untreated","IFN-gamma","P01579","OID00544",3.12111122366892,0,0.06875,"Pass","Example_Data_13_INFI.csv"
"A43","ID15","Treated","IFN-gamma","P01579","OID00544",-3.29993600662224,0,0.06875,"Pass","Example_Data_13_INFI.csv"
"A46","ID16","Untreated","IFN-gamma","P01579","OID00544",10.9284694289086,0,0.06875,"Pass","Example_Data_13_INFI.csv"
"A49","ID17","Untreated","IFN-gamma","P01579","OID00544",4.66394159205682,0,0.06875,"Pass","Example_Data_13_INFI.csv"
"A52","ID18","Treated","IFN-gamma","P01579","OID00544",2.65459573342539,0,0.06875,"Pass","Example_Data_13_INFI.csv"
"A55","ID19","Treated","IFN-gamma","P01579","OID00544",1.77718952251874,0,0.06875,"Pass","Example_Data_13_INFI.csv"
"A58","ID20","Untreated","IFN-gamma","P01579","OID00544",6.77860235609608,0,0.06875,"Pass","Example_Data_13_INFI.csv"
"A61","ID21","Untreated","IFN-gamma","P01579","OID00544",7.31398458116442,0,0.06875,"Pass","Example_Data_13_INFI.csv"
"A64","ID22","Untreated","IFN-gamma","P01579","OID00544",4.42233630280025,0,0.06875,"Pass","Example_Data_13_INFI.csv"
"A67","ID23","Treated","IFN-gamma","P01579","OID00544",4.00016972928851,0,0.06875,"Pass","Example_Data_13_INFI.csv"
"A70","ID24","Untreated","IFN-gamma","P01579","OID00544",8.37492610154269,0,0.06875,"Pass","Example_Data_13_INFI.csv"
"A73","ID25","Untreated","IFN-gamma","P01579","OID00544",5.17354214540289,0,0.06875,"Pass","Example_Data_13_INFI.csv"
"A76","ID26","Untreated","IFN-gamma","P01579","OID00544",2.66003934512631,0,0.06875,"Pass","Example_Data_13_INFI.csv"
"B2","ID27","Treated","IFN-gamma","P01579","OID00544",6.18918755333232,0,0.06875,"Pass","Example_Data_14_INFI.csv"
"B5","ID28","Treated","IFN-gamma","P01579","OID00544",3.19250211248912,0,0.06875,"Pass","Example_Data_14_INFI.csv"
"B8","ID29","Untreated","IFN-gamma","P01579","OID00544",7.96454755763456,0,0.06875,"Pass","Example_Data_14_INFI.csv"
"B11","ID30","Untreated","IFN-gamma","P01579","OID00544",1.83824987556347,0,0.06875,"Pass","Example_Data_14_INFI.csv"
"B14","ID31","Untreated","IFN-gamma","P01579","OID00544",2.88508246676595,0,0.06875,"Pass","Example_Data_14_INFI.csv"
"B17","ID32","Treated","IFN-gamma","P01579","OID00544",6.71666609885474,0,0.06875,"Pass","Example_Data_14_INFI.csv"
"B20","ID33","Untreated","IFN-gamma","P01579","OID00544",7.20657984549832,0,0.06875,"Pass","Example_Data_14_INFI.csv"
"B23","ID34","Untreated","IFN-gamma","P01579","OID00544",10.2209802176179,0,0.06875,"Pass","Example_Data_14_INFI.csv"
"B26","ID35","Untreated","IFN-gamma","P01579","OID00544",9.0586651820133,0,0.06875,"Pass","Example_Data_14_INFI.csv"
"B29","ID36","Untreated","IFN-gamma","P01579","OID00544",8.44051963087503,0,0.06875,"Pass","Example_Data_14_INFI.csv"
"B32","ID37","Treated","IFN-gamma","P01579","OID00544",6.79848360512101,0,0.06875,"Pass","Example_Data_14_INFI.csv"
"B35","ID38","Treated","IFN-gamma","P01579","OID00544",2.347213711413,0,0.06875,"Pass","Example_Data_14_INFI.csv"
"B38","ID39","Untreated","IFN-gamma","P01579","OID00544",3.69349409637579,0,0.06875,"Pass","Example_Data_14_INFI.csv"
"B41","ID40","Untreated","IFN-gamma","P01579","OID00544",2.46491463969722,0,0.06875,"Pass","Example_Data_14_INFI.csv"
"B44","ID41","Untreated","IFN-gamma","P01579","OID00544",7.35743132310269,0,0.06875,"Pass","Example_Data_14_INFI.csv"
"B47","ID42","Treated","IFN-gamma","P01579","OID00544",6.42250694315053,0,0.06875,"Pass","Example_Data_14_INFI.csv"
"B50","ID43","Treated","IFN-gamma","P01579","OID00544",2.42741954809452,0,0.06875,"Pass","Example_Data_14_INFI.csv"
"B53","ID44","Treated","IFN-gamma","P01579","OID00544",1.62232017960845,0,0.06875,"Pass","Example_Data_14_INFI.csv"
"B56","ID45","Treated","IFN-gamma","P01579","OID00544",7.84669133146295,0,0.06875,"Pass","Example_Data_14_INFI.csv"
"B59","ID46","Treated","IFN-gamma","P01579","OID00544",2.13847176710251,0,0.06875,"Pass","Example_Data_14_INFI.csv"
"B62","ID47","Treated","IFN-gamma","P01579","OID00544",-0.467282448761411,0,0.06875,"Pass","Example_Data_14_INFI.csv"
"B65","ID48","Treated","IFN-gamma","P01579","OID00544",6.49491218203231,0,0.06875,"Pass","Example_Data_14_INFI.csv"
"B68","ID49","Treated","IFN-gamma","P01579","OID00544",8.29761048321191,0,0.06875,"Pass","Example_Data_14_INFI.csv"
"B71","ID50","Treated","IFN-gamma","P01579","OID00544",10.217260036602,0,0.06875,"Pass","Example_Data_14_INFI.csv"
"B74","ID51","Untreated","IFN-gamma","P01579","OID00544",9.99077780843938,0,0.06875,"Pass","Example_Data_14_INFI.csv"
"B77","ID52","Treated","IFN-gamma","P01579","OID00544",0.656191165613803,0,0.06875,"Pass","Example_Data_14_INFI.csv"
"A1","ID1","Untreated","FGF-19","O95750","OID00545",8.46659096400884,0,0.0125,"Pass","Example_Data_13_INFI.csv"
"A4","ID2","Untreated","FGF-19","O95750","OID00545",7.08986328425382,0,0.0125,"Pass","Example_Data_13_INFI.csv"
"A7","ID3","Untreated","FGF-19","O95750","OID00545",5.9834263397406,0,0.0125,"Pass","Example_Data_13_INFI.csv"
"A10","ID4","Untreated","FGF-19","O95750","OID00545",9.52729160879808,0,0.0125,"Pass","Example_Data_13_INFI.csv"
"A13","ID5","Untreated","FGF-19","O95750","OID00545",8.27170851088344,0,0.0125,"Pass","Example_Data_13_INFI.csv"
"A16","ID6","Treated","FGF-19","O95750","OID00545",6.17192468455575,0,0.0125,"Pass","Example_Data_13_INFI.csv"
"A19","ID7","Untreated","FGF-19","O95750","OID00545",-0.335264061693301,0,0.0125,"Pass","Example_Data_13_INFI.csv"
"A22","ID8","Treated","FGF-19","O95750","OID00545",5.70057221873369,0,0.0125,"Pass","Example_Data_13_INFI.csv"
"A25","ID9","Untreated","FGF-19","O95750","OID00545",5.61647944756731,0,0.0125,"Pass","Example_Data_13_INFI.csv"
"A28","ID10","Treated","FGF-19","O95750","OID00545",6.60871435546756,0,0.0125,"Pass","Example_Data_13_INFI.csv"
"A31","ID11","Treated","FGF-19","O95750","OID00545",5.65002642496478,0,0.0125,"Pass","Example_Data_13_INFI.csv"
"A37","ID13","Untreated","FGF-19","O95750","OID00545",6.3117323904596,0,0.0125,"Pass","Example_Data_13_INFI.csv"
"A40","ID14","Untreated","FGF-19","O95750","OID00545",4.84077810410062,0,0.0125,"Pass","Example_Data_13_INFI.csv"
"A43","ID15","Treated","FGF-19","O95750","OID00545",3.97037135273232,0,0.0125,"Pass","Example_Data_13_INFI.csv"
"A46","ID16","Untreated","FGF-19","O95750","OID00545",6.29408209055043,0,0.0125,"Pass","Example_Data_13_INFI.csv"
"A49","ID17","Untreated","FGF-19","O95750","OID00545",1.00315062382391,0,0.0125,"Pass","Example_Data_13_INFI.csv"
"A52","ID18","Treated","FGF-19","O95750","OID00545",5.06696414514596,0,0.0125,"Pass","Example_Data_13_INFI.csv"
"A55","ID19","Treated","FGF-19","O95750","OID00545",3.45817273454592,0,0.0125,"Pass","Example_Data_13_INFI.csv"
"A58","ID20","Untreated","FGF-19","O95750","OID00545",5.58195470907214,0,0.0125,"Pass","Example_Data_13_INFI.csv"
"A61","ID21","Untreated","FGF-19","O95750","OID00545",8.24998004578895,0,0.0125,"Pass","Example_Data_13_INFI.csv"
"A64","ID22","Untreated","FGF-19","O95750","OID00545",12.4845107048848,0,0.0125,"Pass","Example_Data_13_INFI.csv"
"A67","ID23","Treated","FGF-19","O95750","OID00545",10.3419007852344,0,0.0125,"Pass","Example_Data_13_INFI.csv"
"A70","ID24","Untreated","FGF-19","O95750","OID00545",7.32185746351618,0,0.0125,"Pass","Example_Data_13_INFI.csv"
"A73","ID25","Untreated","FGF-19","O95750","OID00545",6.30031542110158,0,0.0125,"Pass","Example_Data_13_INFI.csv"
"A76","ID26","Untreated","FGF-19","O95750","OID00545",8.51018812680353,0,0.0125,"Pass","Example_Data_13_INFI.csv"
"B2","ID27","Treated","FGF-19","O95750","OID00545",9.2618201808378,0,0.0125,"Pass","Example_Data_14_INFI.csv"
"B5","ID28","Treated","FGF-19","O95750","OID00545",8.12288159325739,0,0.0125,"Pass","Example_Data_14_INFI.csv"
"B8","ID29","Untreated","FGF-19","O95750","OID00545",5.99048815256406,0,0.0125,"Pass","Example_Data_14_INFI.csv"
"B11","ID30","Untreated","FGF-19","O95750","OID00545",1.50192921094729,0,0.0125,"Pass","Example_Data_14_INFI.csv"
"B14","ID31","Untreated","FGF-19","O95750","OID00545",9.61300737011045,0,0.0125,"Pass","Example_Data_14_INFI.csv"
"B17","ID32","Treated","FGF-19","O95750","OID00545",0.708362872217795,0,0.0125,"Pass","Example_Data_14_INFI.csv"
"B20","ID33","Untreated","FGF-19","O95750","OID00545",6.30150696264316,0,0.0125,"Pass","Example_Data_14_INFI.csv"
"B23","ID34","Untreated","FGF-19","O95750","OID00545",4.24355296596923,0,0.0125,"Pass","Example_Data_14_INFI.csv"
"B26","ID35","Untreated","FGF-19","O95750","OID00545",7.31416780728095,0,0.0125,"Pass","Example_Data_14_INFI.csv"
"B29","ID36","Untreated","FGF-19","O95750","OID00545",5.2909576696829,0,0.0125,"Pass","Example_Data_14_INFI.csv"
"B32","ID37","Treated","FGF-19","O95750","OID00545",2.19512590930322,0,0.0125,"Pass","Example_Data_14_INFI.csv"
"B35","ID38","Treated","FGF-19","O95750","OID00545",8.95098783472499,0,0.0125,"Pass","Example_Data_14_INFI.csv"
"B38","ID39","Untreated","FGF-19","O95750","OID00545",6.41380103370245,0,0.0125,"Pass","Example_Data_14_INFI.csv"
"B41","ID40","Untreated","FGF-19","O95750","OID00545",7.83213261706442,0,0.0125,"Pass","Example_Data_14_INFI.csv"
"B44","ID41","Untreated","FGF-19","O95750","OID00545",8.89310824756834,0,0.0125,"Pass","Example_Data_14_INFI.csv"
"B47","ID42","Treated","FGF-19","O95750","OID00545",7.83469470925409,0,0.0125,"Pass","Example_Data_14_INFI.csv"
"B50","ID43","Treated","FGF-19","O95750","OID00545",9.86832755895541,0,0.0125,"Pass","Example_Data_14_INFI.csv"
"B53","ID44","Treated","FGF-19","O95750","OID00545",6.88042029696372,0,0.0125,"Pass","Example_Data_14_INFI.csv"
"B56","ID45","Treated","FGF-19","O95750","OID00545",4.50147112113239,0,0.0125,"Pass","Example_Data_14_INFI.csv"
"B59","ID46","Treated","FGF-19","O95750","OID00545",0.248671462447206,0,0.0125,"Pass","Example_Data_14_INFI.csv"
"B62","ID47","Treated","FGF-19","O95750","OID00545",4.79270074466492,0,0.0125,"Pass","Example_Data_14_INFI.csv"
"B65","ID48","Treated","FGF-19","O95750","OID00545",3.21288958127716,0,0.0125,"Pass","Example_Data_14_INFI.csv"
"B68","ID49","Treated","FGF-19","O95750","OID00545",5.385570508839,0,0.0125,"Pass","Example_Data_14_INFI.csv"
"B71","ID50","Treated","FGF-19","O95750","OID00545",7.18069797774559,0,0.0125,"Pass","Example_Data_14_INFI.csv"
"B74","ID51","Untreated","FGF-19","O95750","OID00545",5.41546652964496,0,0.0125,"Pass","Example_Data_14_INFI.csv"
"B77","ID52","Treated","FGF-19","O95750","OID00545",9.54890984698642,0,0.0125,"Pass","Example_Data_14_INFI.csv"
"A1","ID1","Untreated","IL4","P05112","OID00546",2.55248539231335,0.956293007473412,0.06875,"Pass","Example_Data_13_INFI.csv"
"A4","ID2","Untreated","IL4","P05112","OID00546",9.85220300082333,0.956293007473412,0.06875,"Pass","Example_Data_13_INFI.csv"
"A7","ID3","Untreated","IL4","P05112","OID00546",1.18684860406344,0.956293007473412,0.06875,"Pass","Example_Data_13_INFI.csv"
"A10","ID4","Untreated","IL4","P05112","OID00546",9.38676781076861,0.956293007473412,0.06875,"Pass","Example_Data_13_INFI.csv"
"A13","ID5","Untreated","IL4","P05112","OID00546",8.31626525122815,0.956293007473412,0.06875,"Pass","Example_Data_13_INFI.csv"
"A16","ID6","Treated","IL4","P05112","OID00546",15.2683980461424,0.956293007473412,0.06875,"Pass","Example_Data_13_INFI.csv"
"A19","ID7","Untreated","IL4","P05112","OID00546",14.28959514745,0.956293007473412,0.06875,"Pass","Example_Data_13_INFI.csv"
"A22","ID8","Treated","IL4","P05112","OID00546",-1.9205596335144,0.956293007473412,0.06875,"Pass","Example_Data_13_INFI.csv"
"A25","ID9","Untreated","IL4","P05112","OID00546",11.2740053372308,0.956293007473412,0.06875,"Pass","Example_Data_13_INFI.csv"
"A28","ID10","Treated","IL4","P05112","OID00546",10.4918465908111,0.956293007473412,0.06875,"Pass","Example_Data_13_INFI.csv"
"A31","ID11","Treated","IL4","P05112","OID00546",10.1163563879139,0.956293007473412,0.06875,"Pass","Example_Data_13_INFI.csv"
"A37","ID13","Untreated","IL4","P05112","OID00546",7.54840657366735,0.956293007473412,0.06875,"Pass","Example_Data_13_INFI.csv"
"A40","ID14","Untreated","IL4","P05112","OID00546",7.0224060433158,0.956293007473412,0.06875,"Pass","Example_Data_13_INFI.csv"
"A43","ID15","Treated","IL4","P05112","OID00546",11.2470683462033,0.956293007473412,0.06875,"Pass","Example_Data_13_INFI.csv"
"A46","ID16","Untreated","IL4","P05112","OID00546",6.47024656644691,0.956293007473412,0.06875,"Pass","Example_Data_13_INFI.csv"
"A49","ID17","Untreated","IL4","P05112","OID00546",7.56358385251349,0.956293007473412,0.06875,"Pass","Example_Data_13_INFI.csv"
"A52","ID18","Treated","IL4","P05112","OID00546",9.64982218112921,0.956293007473412,0.06875,"Pass","Example_Data_13_INFI.csv"
"A55","ID19","Treated","IL4","P05112","OID00546",4.16099012168839,0.956293007473412,0.06875,"Pass","Example_Data_13_INFI.csv"
"A58","ID20","Untreated","IL4","P05112","OID00546",9.7277021370813,0.956293007473412,0.06875,"Pass","Example_Data_13_INFI.csv"
"A61","ID21","Untreated","IL4","P05112","OID00546",18.5480990569779,0.956293007473412,0.06875,"Pass","Example_Data_13_INFI.csv"
"A64","ID22","Untreated","IL4","P05112","OID00546",6.67613607626595,0.956293007473412,0.06875,"Pass","Example_Data_13_INFI.csv"
"A67","ID23","Treated","IL4","P05112","OID00546",8.82890455414202,0.956293007473412,0.06875,"Pass","Example_Data_13_INFI.csv"
"A70","ID24","Untreated","IL4","P05112","OID00546",3.29472023961481,0.956293007473412,0.06875,"Pass","Example_Data_13_INFI.csv"
"A73","ID25","Untreated","IL4","P05112","OID00546",-1.07275998898569,0.956293007473412,0.06875,"Pass","Example_Data_13_INFI.csv"
"A76","ID26","Untreated","IL4","P05112","OID00546",5.01170525164537,0.956293007473412,0.06875,"Pass","Example_Data_13_INFI.csv"
"B2","ID27","Treated","IL4","P05112","OID00546",13.6861248908234,0.956293007473412,0.06875,"Pass","Example_Data_14_INFI.csv"
"B5","ID28","Treated","IL4","P05112","OID00546",4.43527891933452,0.956293007473412,0.06875,"Pass","Example_Data_14_INFI.csv"
"B8","ID29","Untreated","IL4","P05112","OID00546",10.2151905207776,0.956293007473412,0.06875,"Pass","Example_Data_14_INFI.csv"
"B11","ID30","Untreated","IL4","P05112","OID00546",1.12059463133482,0.956293007473412,0.06875,"Pass","Example_Data_14_INFI.csv"
"B14","ID31","Untreated","IL4","P05112","OID00546",0.910985295757156,0.956293007473412,0.06875,"Pass","Example_Data_14_INFI.csv"
"B17","ID32","Treated","IL4","P05112","OID00546",6.80254270674377,0.956293007473412,0.06875,"Pass","Example_Data_14_INFI.csv"
"B20","ID33","Untreated","IL4","P05112","OID00546",8.34082703308579,0.956293007473412,0.06875,"Pass","Example_Data_14_INFI.csv"
"B23","ID34","Untreated","IL4","P05112","OID00546",11.219695677931,0.956293007473412,0.06875,"Pass","Example_Data_14_INFI.csv"
"B26","ID35","Untreated","IL4","P05112","OID00546",12.3609201676303,0.956293007473412,0.06875,"Pass","Example_Data_14_INFI.csv"
"B29","ID36","Untreated","IL4","P05112","OID00546",6.87084419631991,0.956293007473412,0.06875,"Pass","Example_Data_14_INFI.csv"
"B32","ID37","Treated","IL4","P05112","OID00546",5.81420749004746,0.956293007473412,0.06875,"Pass","Example_Data_14_INFI.csv"
"B35","ID38","Treated","IL4","P05112","OID00546",4.42008526751938,0.956293007473412,0.06875,"Pass","Example_Data_14_INFI.csv"
"B38","ID39","Untreated","IL4","P05112","OID00546",7.97677579462121,0.956293007473412,0.06875,"Pass","Example_Data_14_INFI.csv"
"B41","ID40","Untreated","IL4","P05112","OID00546",12.0915793068631,0.956293007473412,0.06875,"Pass","Example_Data_14_INFI.csv"
"B44","ID41","Untreated","IL4","P05112","OID00546",7.79468529061744,0.956293007473412,0.06875,"Pass","Example_Data_14_INFI.csv"
"B47","ID42","Treated","IL4","P05112","OID00546",7.80991420558939,0.956293007473412,0.06875,"Pass","Example_Data_14_INFI.csv"
"B50","ID43","Treated","IL4","P05112","OID00546",11.0261698417367,0.956293007473412,0.06875,"Pass","Example_Data_14_INFI.csv"
"B53","ID44","Treated","IL4","P05112","OID00546",7.68895857747802,0.956293007473412,0.06875,"Pass","Example_Data_14_INFI.csv"
"B56","ID45","Treated","IL4","P05112","OID00546",-1.54207975819009,0.956293007473412,0.06875,"Pass","Example_Data_14_INFI.csv"
"B59","ID46","Treated","IL4","P05112","OID00546",19.6283720190961,0.956293007473412,0.06875,"Pass","Example_Data_14_INFI.csv"
"B62","ID47","Treated","IL4","P05112","OID00546",12.732218314371,0.956293007473412,0.06875,"Pass","Example_Data_14_INFI.csv"
"B65","ID48","Treated","IL4","P05112","OID00546",14.6121203549069,0.956293007473412,0.06875,"Pass","Example_Data_14_INFI.csv"
"B68","ID49","Treated","IL4","P05112","OID00546",7.11616794645999,0.956293007473412,0.06875,"Pass","Example_Data_14_INFI.csv"
"B71","ID50","Treated","IL4","P05112","OID00546",9.97182661650132,0.956293007473412,0.06875,"Pass","Example_Data_14_INFI.csv"
"B74","ID51","Untreated","IL4","P05112","OID00546",4.79920236381957,0.956293007473412,0.06875,"Pass","Example_Data_14_INFI.csv"
"B77","ID52","Treated","IL4","P05112","OID00546",5.45905252464162,0.956293007473412,0.06875,"Pass","Example_Data_14_INFI.csv"
"A1","ID1","Untreated","LIF","P15018","OID00547",3.12810940811201,0.331601514535798,0.06875,"Pass","Example_Data_13_INFI.csv"
"A4","ID2","Untreated","LIF","P15018","OID00547",0.658189603743974,0.331601514535798,0.06875,"Pass","Example_Data_13_INFI.csv"
"A7","ID3","Untreated","LIF","P15018","OID00547",4.39073101220386,0.331601514535798,0.06875,"Pass","Example_Data_13_INFI.csv"
"A10","ID4","Untreated","LIF","P15018","OID00547",5.409723206565,0.331601514535798,0.06875,"Pass","Example_Data_13_INFI.csv"
"A13","ID5","Untreated","LIF","P15018","OID00547",7.33316736730569,0.331601514535798,0.06875,"Pass","Example_Data_13_INFI.csv"
"A16","ID6","Treated","LIF","P15018","OID00547",5.4792526237252,0.331601514535798,0.06875,"Pass","Example_Data_13_INFI.csv"
"A19","ID7","Untreated","LIF","P15018","OID00547",8.39146497760561,0.331601514535798,0.06875,"Pass","Example_Data_13_INFI.csv"
"A22","ID8","Treated","LIF","P15018","OID00547",2.43836486591302,0.331601514535798,0.06875,"Pass","Example_Data_13_INFI.csv"
"A25","ID9","Untreated","LIF","P15018","OID00547",3.43763769881738,0.331601514535798,0.06875,"Pass","Example_Data_13_INFI.csv"
"A28","ID10","Treated","LIF","P15018","OID00547",7.3753651018848,0.331601514535798,0.06875,"Pass","Example_Data_13_INFI.csv"
"A31","ID11","Treated","LIF","P15018","OID00547",0.289861363723557,0.331601514535798,0.06875,"Pass","Example_Data_13_INFI.csv"
"A37","ID13","Untreated","LIF","P15018","OID00547",-0.983909110932491,0.331601514535798,0.06875,"Pass","Example_Data_13_INFI.csv"
"A40","ID14","Untreated","LIF","P15018","OID00547",4.51643514185099,0.331601514535798,0.06875,"Pass","Example_Data_13_INFI.csv"
"A43","ID15","Treated","LIF","P15018","OID00547",1.87454428405032,0.331601514535798,0.06875,"Pass","Example_Data_13_INFI.csv"
"A46","ID16","Untreated","LIF","P15018","OID00547",4.36729556975083,0.331601514535798,0.06875,"Pass","Example_Data_13_INFI.csv"
"A49","ID17","Untreated","LIF","P15018","OID00547",2.0773343481844,0.331601514535798,0.06875,"Pass","Example_Data_13_INFI.csv"
"A52","ID18","Treated","LIF","P15018","OID00547",9.22697994454677,0.331601514535798,0.06875,"Pass","Example_Data_13_INFI.csv"
"A55","ID19","Treated","LIF","P15018","OID00547",3.33203225013926,0.331601514535798,0.06875,"Pass","Example_Data_13_INFI.csv"
"A58","ID20","Untreated","LIF","P15018","OID00547",6.12740354858694,0.331601514535798,0.06875,"Pass","Example_Data_13_INFI.csv"
"A61","ID21","Untreated","LIF","P15018","OID00547",0.166641227902325,0.331601514535798,0.06875,"Pass","Example_Data_13_INFI.csv"
"A64","ID22","Untreated","LIF","P15018","OID00547",9.47529778102552,0.331601514535798,0.06875,"Pass","Example_Data_13_INFI.csv"
"A67","ID23","Treated","LIF","P15018","OID00547",2.1538492630767,0.331601514535798,0.06875,"Pass","Example_Data_13_INFI.csv"
"A70","ID24","Untreated","LIF","P15018","OID00547",5.48909388693162,0.331601514535798,0.06875,"Pass","Example_Data_13_INFI.csv"
"A73","ID25","Untreated","LIF","P15018","OID00547",7.0280449597886,0.331601514535798,0.06875,"Pass","Example_Data_13_INFI.csv"
"A76","ID26","Untreated","LIF","P15018","OID00547",-0.978272487944101,0.331601514535798,0.06875,"Pass","Example_Data_13_INFI.csv"
"B2","ID27","Treated","LIF","P15018","OID00547",2.92380173634661,0.331601514535798,0.06875,"Pass","Example_Data_14_INFI.csv"
"B5","ID28","Treated","LIF","P15018","OID00547",4.40683241754118,0.331601514535798,0.06875,"Pass","Example_Data_14_INFI.csv"
"B8","ID29","Untreated","LIF","P15018","OID00547",5.58677635582985,0.331601514535798,0.06875,"Pass","Example_Data_14_INFI.csv"
"B11","ID30","Untreated","LIF","P15018","OID00547",4.09349426387717,0.331601514535798,0.06875,"Pass","Example_Data_14_INFI.csv"
"B14","ID31","Untreated","LIF","P15018","OID00547",6.08123262301319,0.331601514535798,0.06875,"Pass","Example_Data_14_INFI.csv"
"B17","ID32","Treated","LIF","P15018","OID00547",4.98540909988218,0.331601514535798,0.06875,"Pass","Example_Data_14_INFI.csv"
"B20","ID33","Untreated","LIF","P15018","OID00547",4.0129289130749,0.331601514535798,0.06875,"Pass","Example_Data_14_INFI.csv"
"B23","ID34","Untreated","LIF","P15018","OID00547",6.83013858683543,0.331601514535798,0.06875,"Pass","Example_Data_14_INFI.csv"
"B26","ID35","Untreated","LIF","P15018","OID00547",8.06021831415042,0.331601514535798,0.06875,"Pass","Example_Data_14_INFI.csv"
"B29","ID36","Untreated","LIF","P15018","OID00547",6.47502981166692,0.331601514535798,0.06875,"Pass","Example_Data_14_INFI.csv"
"B32","ID37","Treated","LIF","P15018","OID00547",0.969966533379205,0.331601514535798,0.06875,"Pass","Example_Data_14_INFI.csv"
"B35","ID38","Treated","LIF","P15018","OID00547",3.26716306893137,0.331601514535798,0.06875,"Pass","Example_Data_14_INFI.csv"
"B38","ID39","Untreated","LIF","P15018","OID00547",6.19153958719565,0.331601514535798,0.06875,"Pass","Example_Data_14_INFI.csv"
"B41","ID40","Untreated","LIF","P15018","OID00547",0.89341862042484,0.331601514535798,0.06875,"Pass","Example_Data_14_INFI.csv"
"B44","ID41","Untreated","LIF","P15018","OID00547",7.74634550796743,0.331601514535798,0.06875,"Pass","Example_Data_14_INFI.csv"
"B47","ID42","Treated","LIF","P15018","OID00547",2.5427766839889,0.331601514535798,0.06875,"Pass","Example_Data_14_INFI.csv"
"B50","ID43","Treated","LIF","P15018","OID00547",0.616112006710355,0.331601514535798,0.06875,"Pass","Example_Data_14_INFI.csv"
"B53","ID44","Treated","LIF","P15018","OID00547",2.8740130238878,0.331601514535798,0.06875,"Pass","Example_Data_14_INFI.csv"
"B56","ID45","Treated","LIF","P15018","OID00547",7.14129228173212,0.331601514535798,0.06875,"Pass","Example_Data_14_INFI.csv"
"B59","ID46","Treated","LIF","P15018","OID00547",5.08189171769454,0.331601514535798,0.06875,"Pass","Example_Data_14_INFI.csv"
"B62","ID47","Treated","LIF","P15018","OID00547",5.5989878306163,0.331601514535798,0.06875,"Pass","Example_Data_14_INFI.csv"
"B65","ID48","Treated","LIF","P15018","OID00547",4.46912140732531,0.331601514535798,0.06875,"Pass","Example_Data_14_INFI.csv"
"B68","ID49","Treated","LIF","P15018","OID00547",7.57021390274509,0.331601514535798,0.06875,"Pass","Example_Data_14_INFI.csv"
"B71","ID50","Treated","LIF","P15018","OID00547",3.35091465497793,0.331601514535798,0.06875,"Pass","Example_Data_14_INFI.csv"
"B74","ID51","Untreated","LIF","P15018","OID00547",6.11991115352708,0.331601514535798,0.06875,"Pass","Example_Data_14_INFI.csv"
"B77","ID52","Treated","LIF","P15018","OID00547",-1.51358301608287,0.331601514535798,0.06875,"Pass","Example_Data_14_INFI.csv"
"A1","ID1","Untreated","NRTN","Q99748","OID00548",6.64783573334354,-5.12733694755007,0.00625,"Pass","Example_Data_13_INFI.csv"
"A4","ID2","Untreated","NRTN","Q99748","OID00548",11.2817820832035,-5.12733694755007,0.00625,"Pass","Example_Data_13_INFI.csv"
"A7","ID3","Untreated","NRTN","Q99748","OID00548",8.67269571374801,-5.12733694755007,0.00625,"Pass","Example_Data_13_INFI.csv"
"A10","ID4","Untreated","NRTN","Q99748","OID00548",10.6646448536449,-5.12733694755007,0.00625,"Pass","Example_Data_13_INFI.csv"
"A13","ID5","Untreated","NRTN","Q99748","OID00548",8.88187874161924,-5.12733694755007,0.00625,"Pass","Example_Data_13_INFI.csv"
"A16","ID6","Treated","NRTN","Q99748","OID00548",3.65043240941344,-5.12733694755007,0.00625,"Pass","Example_Data_13_INFI.csv"
"A19","ID7","Untreated","NRTN","Q99748","OID00548",6.15651472578384,-5.12733694755007,0.00625,"Pass","Example_Data_13_INFI.csv"
"A22","ID8","Treated","NRTN","Q99748","OID00548",9.22600027859811,-5.12733694755007,0.00625,"Pass","Example_Data_13_INFI.csv"
"A25","ID9","Untreated","NRTN","Q99748","OID00548",8.75723706261873,-5.12733694755007,0.00625,"Pass","Example_Data_13_INFI.csv"
"A28","ID10","Treated","NRTN","Q99748","OID00548",3.30441927609069,-5.12733694755007,0.00625,"Pass","Example_Data_13_INFI.csv"
"A31","ID11","Treated","NRTN","Q99748","OID00548",8.63782901315061,-5.12733694755007,0.00625,"Pass","Example_Data_13_INFI.csv"
"A37","ID13","Untreated","NRTN","Q99748","OID00548",-5.62396522241215e-05,-5.12733694755007,0.00625,"Pass","Example_Data_13_INFI.csv"
"A40","ID14","Untreated","NRTN","Q99748","OID00548",3.51096192710659,-5.12733694755007,0.00625,"Pass","Example_Data_13_INFI.csv"
"A43","ID15","Treated","NRTN","Q99748","OID00548",18.6462978476306,-5.12733694755007,0.00625,"Pass","Example_Data_13_INFI.csv"
"A46","ID16","Untreated","NRTN","Q99748","OID00548",-0.554677580845674,-5.12733694755007,0.00625,"Pass","Example_Data_13_INFI.csv"
"A49","ID17","Untreated","NRTN","Q99748","OID00548",17.3044089974073,-5.12733694755007,0.00625,"Pass","Example_Data_13_INFI.csv"
"A52","ID18","Treated","NRTN","Q99748","OID00548",-0.92408024843771,-5.12733694755007,0.00625,"Pass","Example_Data_13_INFI.csv"
"A55","ID19","Treated","NRTN","Q99748","OID00548",5.08148759784293,-5.12733694755007,0.00625,"Pass","Example_Data_13_INFI.csv"
"A58","ID20","Untreated","NRTN","Q99748","OID00548",5.46951730579372,-5.12733694755007,0.00625,"Pass","Example_Data_13_INFI.csv"
"A61","ID21","Untreated","NRTN","Q99748","OID00548",16.6279028570336,-5.12733694755007,0.00625,"Pass","Example_Data_13_INFI.csv"
"A64","ID22","Untreated","NRTN","Q99748","OID00548",4.03551472065334,-5.12733694755007,0.00625,"Pass","Example_Data_13_INFI.csv"
"A67","ID23","Treated","NRTN","Q99748","OID00548",1.34158094370266,-5.12733694755007,0.00625,"Pass","Example_Data_13_INFI.csv"
"A70","ID24","Untreated","NRTN","Q99748","OID00548",3.85460595285802,-5.12733694755007,0.00625,"Pass","Example_Data_13_INFI.csv"
"A73","ID25","Untreated","NRTN","Q99748","OID00548",8.85428765328198,-5.12733694755007,0.00625,"Pass","Example_Data_13_INFI.csv"
"A76","ID26","Untreated","NRTN","Q99748","OID00548",12.0630029427967,-5.12733694755007,0.00625,"Pass","Example_Data_13_INFI.csv"
"B2","ID27","Treated","NRTN","Q99748","OID00548",2.57327339230467,-5.12733694755007,0.00625,"Pass","Example_Data_14_INFI.csv"
"B5","ID28","Treated","NRTN","Q99748","OID00548",16.0037890380453,-5.12733694755007,0.00625,"Pass","Example_Data_14_INFI.csv"
"B8","ID29","Untreated","NRTN","Q99748","OID00548",11.5976787090876,-5.12733694755007,0.00625,"Pass","Example_Data_14_INFI.csv"
"B11","ID30","Untreated","NRTN","Q99748","OID00548",1.37595603735199,-5.12733694755007,0.00625,"Pass","Example_Data_14_INFI.csv"
"B14","ID31","Untreated","NRTN","Q99748","OID00548",-2.48799884236439,-5.12733694755007,0.00625,"Pass","Example_Data_14_INFI.csv"
"B17","ID32","Treated","NRTN","Q99748","OID00548",8.82369079421582,-5.12733694755007,0.00625,"Pass","Example_Data_14_INFI.csv"
"B20","ID33","Untreated","NRTN","Q99748","OID00548",7.68638364183024,-5.12733694755007,0.00625,"Pass","Example_Data_14_INFI.csv"
"B23","ID34","Untreated","NRTN","Q99748","OID00548",11.7424252415146,-5.12733694755007,0.00625,"Pass","Example_Data_14_INFI.csv"
"B26","ID35","Untreated","NRTN","Q99748","OID00548",4.46630050595107,-5.12733694755007,0.00625,"Pass","Example_Data_14_INFI.csv"
"B29","ID36","Untreated","NRTN","Q99748","OID00548",6.20844067234117,-5.12733694755007,0.00625,"Pass","Example_Data_14_INFI.csv"
"B32","ID37","Treated","NRTN","Q99748","OID00548",7.04513920332159,-5.12733694755007,0.00625,"Pass","Example_Data_14_INFI.csv"
"B35","ID38","Treated","NRTN","Q99748","OID00548",12.4530801813387,-5.12733694755007,0.00625,"Pass","Example_Data_14_INFI.csv"
"B38","ID39","Untreated","NRTN","Q99748","OID00548",6.65689499840262,-5.12733694755007,0.00625,"Pass","Example_Data_14_INFI.csv"
"B41","ID40","Untreated","NRTN","Q99748","OID00548",4.61225706923869,-5.12733694755007,0.00625,"Pass","Example_Data_14_INFI.csv"
"B44","ID41","Untreated","NRTN","Q99748","OID00548",0.0515514245701407,-5.12733694755007,0.00625,"Pass","Example_Data_14_INFI.csv"
"B47","ID42","Treated","NRTN","Q99748","OID00548",9.58481014150212,-5.12733694755007,0.00625,"Pass","Example_Data_14_INFI.csv"
"B50","ID43","Treated","NRTN","Q99748","OID00548",12.1211350173826,-5.12733694755007,0.00625,"Pass","Example_Data_14_INFI.csv"
"B53","ID44","Treated","NRTN","Q99748","OID00548",17.5364181572499,-5.12733694755007,0.00625,"Pass","Example_Data_14_INFI.csv"
"B56","ID45","Treated","NRTN","Q99748","OID00548",7.08140011782259,-5.12733694755007,0.00625,"Pass","Example_Data_14_INFI.csv"
"B59","ID46","Treated","NRTN","Q99748","OID00548",0.0994447466941901,-5.12733694755007,0.00625,"Pass","Example_Data_14_INFI.csv"
"B62","ID47","Treated","NRTN","Q99748","OID00548",-3.72662365250984,-5.12733694755007,0.00625,"Pass","Example_Data_14_INFI.csv"
"B65","ID48","Treated","NRTN","Q99748","OID00548",9.79898180808382,-5.12733694755007,0.00625,"Pass","Example_Data_14_INFI.csv"
"B68","ID49","Treated","NRTN","Q99748","OID00548",4.66597539509281,-5.12733694755007,0.00625,"Pass","Example_Data_14_INFI.csv"
"B71","ID50","Treated","NRTN","Q99748","OID00548",7.05212458519955,-5.12733694755007,0.00625,"Pass","Example_Data_14_INFI.csv"
"B74","ID51","Untreated","NRTN","Q99748","OID00548",0.937203798262527,-5.12733694755007,0.00625,"Pass","Example_Data_14_INFI.csv"
"B77","ID52","Treated","NRTN","Q99748","OID00548",3.637990294592,-5.12733694755007,0.00625,"Pass","Example_Data_14_INFI.csv"
"A1","ID1","Untreated","MCP-2","P80075","OID00549",3.38641751767944,1.64850041358732,0.025,"Pass","Example_Data_13_INFI.csv"
"A4","ID2","Untreated","MCP-2","P80075","OID00549",14.5372835613258,1.64850041358732,0.025,"Pass","Example_Data_13_INFI.csv"
"A7","ID3","Untreated","MCP-2","P80075","OID00549",10.0131436568223,1.64850041358732,0.025,"Pass","Example_Data_13_INFI.csv"
"A10","ID4","Untreated","MCP-2","P80075","OID00549",7.51747689311134,1.64850041358732,0.025,"Pass","Example_Data_13_INFI.csv"
"A13","ID5","Untreated","MCP-2","P80075","OID00549",4.86757762574591,1.64850041358732,0.025,"Pass","Example_Data_13_INFI.csv"
"A16","ID6","Treated","MCP-2","P80075","OID00549",6.73285437125418,1.64850041358732,0.025,"Pass","Example_Data_13_INFI.csv"
"A19","ID7","Untreated","MCP-2","P80075","OID00549",22.0314265593275,1.64850041358732,0.025,"Pass","Example_Data_13_INFI.csv"
"A22","ID8","Treated","MCP-2","P80075","OID00549",13.8642688999602,1.64850041358732,0.025,"Pass","Example_Data_13_INFI.csv"
"A25","ID9","Untreated","MCP-2","P80075","OID00549",11.3990537435241,1.64850041358732,0.025,"Pass","Example_Data_13_INFI.csv"
"A28","ID10","Treated","MCP-2","P80075","OID00549",15.071429701881,1.64850041358732,0.025,"Pass","Example_Data_13_INFI.csv"
"A31","ID11","Treated","MCP-2","P80075","OID00549",5.52730638773491,1.64850041358732,0.025,"Pass","Example_Data_13_INFI.csv"
"A37","ID13","Untreated","MCP-2","P80075","OID00549",16.2254562920494,1.64850041358732,0.025,"Pass","Example_Data_13_INFI.csv"
"A40","ID14","Untreated","MCP-2","P80075","OID00549",9.35756586160804,1.64850041358732,0.025,"Pass","Example_Data_13_INFI.csv"
"A43","ID15","Treated","MCP-2","P80075","OID00549",10.2330074280318,1.64850041358732,0.025,"Pass","Example_Data_13_INFI.csv"
"A46","ID16","Untreated","MCP-2","P80075","OID00549",10.3889573820677,1.64850041358732,0.025,"Pass","Example_Data_13_INFI.csv"
"A49","ID17","Untreated","MCP-2","P80075","OID00549",14.2109596621258,1.64850041358732,0.025,"Pass","Example_Data_13_INFI.csv"
"A52","ID18","Treated","MCP-2","P80075","OID00549",13.7825896221303,1.64850041358732,0.025,"Pass","Example_Data_13_INFI.csv"
"A55","ID19","Treated","MCP-2","P80075","OID00549",20.1603541773549,1.64850041358732,0.025,"Pass","Example_Data_13_INFI.csv"
"A58","ID20","Untreated","MCP-2","P80075","OID00549",5.80584749897015,1.64850041358732,0.025,"Pass","Example_Data_13_INFI.csv"
"A61","ID21","Untreated","MCP-2","P80075","OID00549",6.68636370845926,1.64850041358732,0.025,"Pass","Example_Data_13_INFI.csv"
"A64","ID22","Untreated","MCP-2","P80075","OID00549",5.72383438590374,1.64850041358732,0.025,"Pass","Example_Data_13_INFI.csv"
"A67","ID23","Treated","MCP-2","P80075","OID00549",12.4892894804455,1.64850041358732,0.025,"Pass","Example_Data_13_INFI.csv"
"A70","ID24","Untreated","MCP-2","P80075","OID00549",11.5324766812832,1.64850041358732,0.025,"Pass","Example_Data_13_INFI.csv"
"A73","ID25","Untreated","MCP-2","P80075","OID00549",12.7661373945656,1.64850041358732,0.025,"Pass","Example_Data_13_INFI.csv"
"A76","ID26","Untreated","MCP-2","P80075","OID00549",8.36421096944683,1.64850041358732,0.025,"Pass","Example_Data_13_INFI.csv"
"B2","ID27","Treated","MCP-2","P80075","OID00549",11.6460480834713,1.64850041358732,0.025,"Pass","Example_Data_14_INFI.csv"
"B5","ID28","Treated","MCP-2","P80075","OID00549",6.34462116482238,1.64850041358732,0.025,"Pass","Example_Data_14_INFI.csv"
"B8","ID29","Untreated","MCP-2","P80075","OID00549",10.0958062440152,1.64850041358732,0.025,"Pass","Example_Data_14_INFI.csv"
"B11","ID30","Untreated","MCP-2","P80075","OID00549",10.9469036955903,1.64850041358732,0.025,"Pass","Example_Data_14_INFI.csv"
"B14","ID31","Untreated","MCP-2","P80075","OID00549",14.303238644374,1.64850041358732,0.025,"Pass","Example_Data_14_INFI.csv"
"B17","ID32","Treated","MCP-2","P80075","OID00549",3.47799432384755,1.64850041358732,0.025,"Pass","Example_Data_14_INFI.csv"
"B20","ID33","Untreated","MCP-2","P80075","OID00549",4.97535095737767,1.64850041358732,0.025,"Pass","Example_Data_14_INFI.csv"
"B23","ID34","Untreated","MCP-2","P80075","OID00549",7.48535844596186,1.64850041358732,0.025,"Pass","Example_Data_14_INFI.csv"
"B26","ID35","Untreated","MCP-2","P80075","OID00549",9.71827404384168,1.64850041358732,0.025,"Pass","Example_Data_14_INFI.csv"
"B29","ID36","Untreated","MCP-2","P80075","OID00549",8.9726187933589,1.64850041358732,0.025,"Pass","Example_Data_14_INFI.csv"
"B32","ID37","Treated","MCP-2","P80075","OID00549",6.15647252103831,1.64850041358732,0.025,"Pass","Example_Data_14_INFI.csv"
"B35","ID38","Treated","MCP-2","P80075","OID00549",6.93218366641645,1.64850041358732,0.025,"Pass","Example_Data_14_INFI.csv"
"B38","ID39","Untreated","MCP-2","P80075","OID00549",5.5796167212705,1.64850041358732,0.025,"Pass","Example_Data_14_INFI.csv"
"B41","ID40","Untreated","MCP-2","P80075","OID00549",9.93163671403249,1.64850041358732,0.025,"Pass","Example_Data_14_INFI.csv"
"B44","ID41","Untreated","MCP-2","P80075","OID00549",6.55671910223921,1.64850041358732,0.025,"Pass","Example_Data_14_INFI.csv"
"B47","ID42","Treated","MCP-2","P80075","OID00549",9.98902441329117,1.64850041358732,0.025,"Pass","Example_Data_14_INFI.csv"
"B50","ID43","Treated","MCP-2","P80075","OID00549",9.43398643010945,1.64850041358732,0.025,"Pass","Example_Data_14_INFI.csv"
"B53","ID44","Treated","MCP-2","P80075","OID00549",10.4183799915043,1.64850041358732,0.025,"Pass","Example_Data_14_INFI.csv"
"B56","ID45","Treated","MCP-2","P80075","OID00549",14.7729658504636,1.64850041358732,0.025,"Pass","Example_Data_14_INFI.csv"
"B59","ID46","Treated","MCP-2","P80075","OID00549",16.8090418082749,1.64850041358732,0.025,"Pass","Example_Data_14_INFI.csv"
"B62","ID47","Treated","MCP-2","P80075","OID00549",1.3283598793697,1.64850041358732,0.025,"Pass","Example_Data_14_INFI.csv"
"B65","ID48","Treated","MCP-2","P80075","OID00549",7.36640485392875,1.64850041358732,0.025,"Pass","Example_Data_14_INFI.csv"
"B68","ID49","Treated","MCP-2","P80075","OID00549",9.24079429956757,1.64850041358732,0.025,"Pass","Example_Data_14_INFI.csv"
"B71","ID50","Treated","MCP-2","P80075","OID00549",6.19018586816282,1.64850041358732,0.025,"Pass","Example_Data_14_INFI.csv"
"B74","ID51","Untreated","MCP-2","P80075","OID00549",18.0518095942498,1.64850041358732,0.025,"Pass","Example_Data_14_INFI.csv"
"B77","ID52","Treated","MCP-2","P80075","OID00549",12.8807922128359,1.64850041358732,0.025,"Pass","Example_Data_14_INFI.csv"
"A1","ID1","Untreated","CASP-8","Q14790","OID00550",3.47748879973823,1.56341045191511,0.06875,"Pass","Example_Data_13_INFI.csv"
"A4","ID2","Untreated","CASP-8","Q14790","OID00550",0.495315003927927,1.56341045191511,0.06875,"Pass","Example_Data_13_INFI.csv"
"A7","ID3","Untreated","CASP-8","Q14790","OID00550",8.61869948182577,1.56341045191511,0.06875,"Pass","Example_Data_13_INFI.csv"
"A10","ID4","Untreated","CASP-8","Q14790","OID00550",9.62872781971832,1.56341045191511,0.06875,"Pass","Example_Data_13_INFI.csv"
"A13","ID5","Untreated","CASP-8","Q14790","OID00550",9.88792613872153,1.56341045191511,0.06875,"Pass","Example_Data_13_INFI.csv"
"A16","ID6","Treated","CASP-8","Q14790","OID00550",9.64320709767493,1.56341045191511,0.06875,"Pass","Example_Data_13_INFI.csv"
"A19","ID7","Untreated","CASP-8","Q14790","OID00550",1.58342253801415,1.56341045191511,0.06875,"Pass","Example_Data_13_INFI.csv"
"A22","ID8","Treated","CASP-8","Q14790","OID00550",9.32617544637047,1.56341045191511,0.06875,"Pass","Example_Data_13_INFI.csv"
"A25","ID9","Untreated","CASP-8","Q14790","OID00550",13.2246093233064,1.56341045191511,0.06875,"Pass","Example_Data_13_INFI.csv"
"A28","ID10","Treated","CASP-8","Q14790","OID00550",7.89949526657058,1.56341045191511,0.06875,"Pass","Example_Data_13_INFI.csv"
"A31","ID11","Treated","CASP-8","Q14790","OID00550",7.09344097455035,1.56341045191511,0.06875,"Pass","Example_Data_13_INFI.csv"
"A37","ID13","Untreated","CASP-8","Q14790","OID00550",6.83762048187833,1.56341045191511,0.06875,"Pass","Example_Data_13_INFI.csv"
"A40","ID14","Untreated","CASP-8","Q14790","OID00550",9.47008515161468,1.56341045191511,0.06875,"Pass","Example_Data_13_INFI.csv"
"A43","ID15","Treated","CASP-8","Q14790","OID00550",5.05801314103021,1.56341045191511,0.06875,"Pass","Example_Data_13_INFI.csv"
"A46","ID16","Untreated","CASP-8","Q14790","OID00550",11.1228691313863,1.56341045191511,0.06875,"Pass","Example_Data_13_INFI.csv"
"A49","ID17","Untreated","CASP-8","Q14790","OID00550",8.67714161371772,1.56341045191511,0.06875,"Pass","Example_Data_13_INFI.csv"
"A52","ID18","Treated","CASP-8","Q14790","OID00550",7.44392455462578,1.56341045191511,0.06875,"Pass","Example_Data_13_INFI.csv"
"A55","ID19","Treated","CASP-8","Q14790","OID00550",1.1420519572719,1.56341045191511,0.06875,"Pass","Example_Data_13_INFI.csv"
"A58","ID20","Untreated","CASP-8","Q14790","OID00550",8.23815040327124,1.56341045191511,0.06875,"Pass","Example_Data_13_INFI.csv"
"A61","ID21","Untreated","CASP-8","Q14790","OID00550",6.64114254720962,1.56341045191511,0.06875,"Pass","Example_Data_13_INFI.csv"
"A64","ID22","Untreated","CASP-8","Q14790","OID00550",3.63150975708205,1.56341045191511,0.06875,"Pass","Example_Data_13_INFI.csv"
"A67","ID23","Treated","CASP-8","Q14790","OID00550",2.0238064991001,1.56341045191511,0.06875,"Pass","Example_Data_13_INFI.csv"
"A70","ID24","Untreated","CASP-8","Q14790","OID00550",6.89038223089682,1.56341045191511,0.06875,"Pass","Example_Data_13_INFI.csv"
"A73","ID25","Untreated","CASP-8","Q14790","OID00550",3.06836013087134,1.56341045191511,0.06875,"Pass","Example_Data_13_INFI.csv"
"A76","ID26","Untreated","CASP-8","Q14790","OID00550",2.66357209166478,1.56341045191511,0.06875,"Pass","Example_Data_13_INFI.csv"
"B2","ID27","Treated","CASP-8","Q14790","OID00550",3.3927881172744,1.56341045191511,0.06875,"Pass","Example_Data_14_INFI.csv"
"B5","ID28","Treated","CASP-8","Q14790","OID00550",10.7160765225113,1.56341045191511,0.06875,"Pass","Example_Data_14_INFI.csv"
"B8","ID29","Untreated","CASP-8","Q14790","OID00550",10.0692053150437,1.56341045191511,0.06875,"Pass","Example_Data_14_INFI.csv"
"B11","ID30","Untreated","CASP-8","Q14790","OID00550",8.45134634236896,1.56341045191511,0.06875,"Pass","Example_Data_14_INFI.csv"
"B14","ID31","Untreated","CASP-8","Q14790","OID00550",0.422301593463364,1.56341045191511,0.06875,"Pass","Example_Data_14_INFI.csv"
"B17","ID32","Treated","CASP-8","Q14790","OID00550",8.27989622999415,1.56341045191511,0.06875,"Pass","Example_Data_14_INFI.csv"
"B20","ID33","Untreated","CASP-8","Q14790","OID00550",11.0950022210059,1.56341045191511,0.06875,"Pass","Example_Data_14_INFI.csv"
"B23","ID34","Untreated","CASP-8","Q14790","OID00550",12.8947414161549,1.56341045191511,0.06875,"Pass","Example_Data_14_INFI.csv"
"B26","ID35","Untreated","CASP-8","Q14790","OID00550",4.69975207017058,1.56341045191511,0.06875,"Pass","Example_Data_14_INFI.csv"
"B29","ID36","Untreated","CASP-8","Q14790","OID00550",10.9640803981834,1.56341045191511,0.06875,"Pass","Example_Data_14_INFI.csv"
"B32","ID37","Treated","CASP-8","Q14790","OID00550",9.27478821106846,1.56341045191511,0.06875,"Pass","Example_Data_14_INFI.csv"
"B35","ID38","Treated","CASP-8","Q14790","OID00550",6.6797645868633,1.56341045191511,0.06875,"Pass","Example_Data_14_INFI.csv"
"B38","ID39","Untreated","CASP-8","Q14790","OID00550",5.55638772122643,1.56341045191511,0.06875,"Pass","Example_Data_14_INFI.csv"
"B41","ID40","Untreated","CASP-8","Q14790","OID00550",8.02252824341372,1.56341045191511,0.06875,"Pass","Example_Data_14_INFI.csv"
"B44","ID41","Untreated","CASP-8","Q14790","OID00550",5.30328412050953,1.56341045191511,0.06875,"Pass","Example_Data_14_INFI.csv"
"B47","ID42","Treated","CASP-8","Q14790","OID00550",0.871163975788728,1.56341045191511,0.06875,"Pass","Example_Data_14_INFI.csv"
"B50","ID43","Treated","CASP-8","Q14790","OID00550",8.32280494814903,1.56341045191511,0.06875,"Pass","Example_Data_14_INFI.csv"
"B53","ID44","Treated","CASP-8","Q14790","OID00550",8.54024545168624,1.56341045191511,0.06875,"Pass","Example_Data_14_INFI.csv"
"B56","ID45","Treated","CASP-8","Q14790","OID00550",6.9909720455446,1.56341045191511,0.06875,"Pass","Example_Data_14_INFI.csv"
"B59","ID46","Treated","CASP-8","Q14790","OID00550",5.73937442629117,1.56341045191511,0.06875,"Pass","Example_Data_14_INFI.csv"
"B62","ID47","Treated","CASP-8","Q14790","OID00550",8.08264925409073,1.56341045191511,0.06875,"Pass","Example_Data_14_INFI.csv"
"B65","ID48","Treated","CASP-8","Q14790","OID00550",9.74774782719435,1.56341045191511,0.06875,"Pass","Example_Data_14_INFI.csv"
"B68","ID49","Treated","CASP-8","Q14790","OID00550",10.1821590280775,1.56341045191511,0.06875,"Pass","Example_Data_14_INFI.csv"
"B71","ID50","Treated","CASP-8","Q14790","OID00550",9.01296061414823,1.56341045191511,0.06875,"Pass","Example_Data_14_INFI.csv"
"B74","ID51","Untreated","CASP-8","Q14790","OID00550",5.94299015949313,1.56341045191511,0.06875,"Pass","Example_Data_14_INFI.csv"
"B77","ID52","Treated","CASP-8","Q14790","OID00550",8.72907445357436,1.56341045191511,0.06875,"Pass","Example_Data_14_INFI.csv"
"A1","ID1","Untreated","CCL25","O15444","OID00551",11.1960390872548,3.50248980933445,0.08125,"Pass","Example_Data_13_INFI.csv"
"A4","ID2","Untreated","CCL25","O15444","OID00551",11.5097206820425,3.50248980933445,0.08125,"Pass","Example_Data_13_INFI.csv"
"A7","ID3","Untreated","CCL25","O15444","OID00551",5.74801545257356,3.50248980933445,0.08125,"Pass","Example_Data_13_INFI.csv"
"A10","ID4","Untreated","CCL25","O15444","OID00551",10.5707190354418,3.50248980933445,0.08125,"Pass","Example_Data_13_INFI.csv"
"A13","ID5","Untreated","CCL25","O15444","OID00551",20.1685094404245,3.50248980933445,0.08125,"Pass","Example_Data_13_INFI.csv"
"A16","ID6","Treated","CCL25","O15444","OID00551",2.64067184885692,3.50248980933445,0.08125,"Pass","Example_Data_13_INFI.csv"
"A19","ID7","Untreated","CCL25","O15444","OID00551",9.49971082823552,3.50248980933445,0.08125,"Pass","Example_Data_13_INFI.csv"
"A22","ID8","Treated","CCL25","O15444","OID00551",7.04374112489353,3.50248980933445,0.08125,"Pass","Example_Data_13_INFI.csv"
"A25","ID9","Untreated","CCL25","O15444","OID00551",10.5479317074391,3.50248980933445,0.08125,"Pass","Example_Data_13_INFI.csv"
"A28","ID10","Treated","CCL25","O15444","OID00551",19.8771951301072,3.50248980933445,0.08125,"Pass","Example_Data_13_INFI.csv"
"A31","ID11","Treated","CCL25","O15444","OID00551",17.1887975086513,3.50248980933445,0.08125,"Pass","Example_Data_13_INFI.csv"
"A37","ID13","Untreated","CCL25","O15444","OID00551",8.57024689622135,3.50248980933445,0.08125,"Pass","Example_Data_13_INFI.csv"
"A40","ID14","Untreated","CCL25","O15444","OID00551",12.0957546680767,3.50248980933445,0.08125,"Pass","Example_Data_13_INFI.csv"
"A43","ID15","Treated","CCL25","O15444","OID00551",12.7206289783117,3.50248980933445,0.08125,"Pass","Example_Data_13_INFI.csv"
"A46","ID16","Untreated","CCL25","O15444","OID00551",6.15964645995567,3.50248980933445,0.08125,"Pass","Example_Data_13_INFI.csv"
"A49","ID17","Untreated","CCL25","O15444","OID00551",3.71579061466178,3.50248980933445,0.08125,"Pass","Example_Data_13_INFI.csv"
"A52","ID18","Treated","CCL25","O15444","OID00551",3.47865061241696,3.50248980933445,0.08125,"Pass","Example_Data_13_INFI.csv"
"A55","ID19","Treated","CCL25","O15444","OID00551",12.5627150679738,3.50248980933445,0.08125,"Pass","Example_Data_13_INFI.csv"
"A58","ID20","Untreated","CCL25","O15444","OID00551",9.17186323816044,3.50248980933445,0.08125,"Pass","Example_Data_13_INFI.csv"
"A61","ID21","Untreated","CCL25","O15444","OID00551",12.7749324985363,3.50248980933445,0.08125,"Pass","Example_Data_13_INFI.csv"
"A64","ID22","Untreated","CCL25","O15444","OID00551",1.64871821201159,3.50248980933445,0.08125,"Pass","Example_Data_13_INFI.csv"
"A67","ID23","Treated","CCL25","O15444","OID00551",9.24445144724453,3.50248980933445,0.08125,"Pass","Example_Data_13_INFI.csv"
"A70","ID24","Untreated","CCL25","O15444","OID00551",11.841574331716,3.50248980933445,0.08125,"Pass","Example_Data_13_INFI.csv"
"A73","ID25","Untreated","CCL25","O15444","OID00551",7.56545412331388,3.50248980933445,0.08125,"Pass","Example_Data_13_INFI.csv"
"A76","ID26","Untreated","CCL25","O15444","OID00551",14.5799366033626,3.50248980933445,0.08125,"Pass","Example_Data_13_INFI.csv"
"B2","ID27","Treated","CCL25","O15444","OID00551",8.82706621122266,3.50248980933445,0.08125,"Pass","Example_Data_14_INFI.csv"
"B5","ID28","Treated","CCL25","O15444","OID00551",7.11565038782735,3.50248980933445,0.08125,"Pass","Example_Data_14_INFI.csv"
"B8","ID29","Untreated","CCL25","O15444","OID00551",10.0333326907735,3.50248980933445,0.08125,"Pass","Example_Data_14_INFI.csv"
"B11","ID30","Untreated","CCL25","O15444","OID00551",13.9963034850442,3.50248980933445,0.08125,"Pass","Example_Data_14_INFI.csv"
"B14","ID31","Untreated","CCL25","O15444","OID00551",8.07287383015154,3.50248980933445,0.08125,"Pass","Example_Data_14_INFI.csv"
"B17","ID32","Treated","CCL25","O15444","OID00551",7.51548234640541,3.50248980933445,0.08125,"Pass","Example_Data_14_INFI.csv"
"B20","ID33","Untreated","CCL25","O15444","OID00551",16.4153900599502,3.50248980933445,0.08125,"Pass","Example_Data_14_INFI.csv"
"B23","ID34","Untreated","CCL25","O15444","OID00551",9.99924022635491,3.50248980933445,0.08125,"Pass","Example_Data_14_INFI.csv"
"B26","ID35","Untreated","CCL25","O15444","OID00551",2.35107757963499,3.50248980933445,0.08125,"Pass","Example_Data_14_INFI.csv"
"B29","ID36","Untreated","CCL25","O15444","OID00551",14.0307153608296,3.50248980933445,0.08125,"Pass","Example_Data_14_INFI.csv"
"B32","ID37","Treated","CCL25","O15444","OID00551",11.0193786185097,3.50248980933445,0.08125,"Pass","Example_Data_14_INFI.csv"
"B35","ID38","Treated","CCL25","O15444","OID00551",3.30090133859055,3.50248980933445,0.08125,"Pass","Example_Data_14_INFI.csv"
"B38","ID39","Untreated","CCL25","O15444","OID00551",16.4564766870646,3.50248980933445,0.08125,"Pass","Example_Data_14_INFI.csv"
"B41","ID40","Untreated","CCL25","O15444","OID00551",6.66650729175793,3.50248980933445,0.08125,"Pass","Example_Data_14_INFI.csv"
"B44","ID41","Untreated","CCL25","O15444","OID00551",8.01252489405963,3.50248980933445,0.08125,"Pass","Example_Data_14_INFI.csv"
"B47","ID42","Treated","CCL25","O15444","OID00551",9.08998149394121,3.50248980933445,0.08125,"Pass","Example_Data_14_INFI.csv"
"B50","ID43","Treated","CCL25","O15444","OID00551",3.98398049711747,3.50248980933445,0.08125,"Pass","Example_Data_14_INFI.csv"
"B53","ID44","Treated","CCL25","O15444","OID00551",9.92193403953506,3.50248980933445,0.08125,"Pass","Example_Data_14_INFI.csv"
"B56","ID45","Treated","CCL25","O15444","OID00551",10.7522638859813,3.50248980933445,0.08125,"Pass","Example_Data_14_INFI.csv"
"B59","ID46","Treated","CCL25","O15444","OID00551",13.6524912574944,3.50248980933445,0.08125,"Pass","Example_Data_14_INFI.csv"
"B62","ID47","Treated","CCL25","O15444","OID00551",14.2352541158066,3.50248980933445,0.08125,"Pass","Example_Data_14_INFI.csv"
"B65","ID48","Treated","CCL25","O15444","OID00551",8.05157562063066,3.50248980933445,0.08125,"Pass","Example_Data_14_INFI.csv"
"B68","ID49","Treated","CCL25","O15444","OID00551",13.1522939980155,3.50248980933445,0.08125,"Pass","Example_Data_14_INFI.csv"
"B71","ID50","Treated","CCL25","O15444","OID00551",13.8698994251748,3.50248980933445,0.08125,"Pass","Example_Data_14_INFI.csv"
"B74","ID51","Untreated","CCL25","O15444","OID00551",6.2590982904058,3.50248980933445,0.08125,"Pass","Example_Data_14_INFI.csv"
"B77","ID52","Treated","CCL25","O15444","OID00551",9.61055469577749,3.50248980933445,0.08125,"Pass","Example_Data_14_INFI.csv"
"A1","ID1","Untreated","CX3CL1","P78423","OID00552",3.63362597539277,0.705919884530565,0.09375,"Pass","Example_Data_13_INFI.csv"
"A4","ID2","Untreated","CX3CL1","P78423","OID00552",0.00464351411705932,0.705919884530565,0.09375,"Pass","Example_Data_13_INFI.csv"
"A7","ID3","Untreated","CX3CL1","P78423","OID00552",4.02805054017348,0.705919884530565,0.09375,"Pass","Example_Data_13_INFI.csv"
"A10","ID4","Untreated","CX3CL1","P78423","OID00552",5.13314356119959,0.705919884530565,0.09375,"Pass","Example_Data_13_INFI.csv"
"A13","ID5","Untreated","CX3CL1","P78423","OID00552",5.75268550586359,0.705919884530565,0.09375,"Pass","Example_Data_13_INFI.csv"
"A16","ID6","Treated","CX3CL1","P78423","OID00552",4.102208478959,0.705919884530565,0.09375,"Pass","Example_Data_13_INFI.csv"
"A19","ID7","Untreated","CX3CL1","P78423","OID00552",3.21573815993409,0.705919884530565,0.09375,"Pass","Example_Data_13_INFI.csv"
"A22","ID8","Treated","CX3CL1","P78423","OID00552",2.77079889555317,0.705919884530565,0.09375,"Pass","Example_Data_13_INFI.csv"
"A25","ID9","Untreated","CX3CL1","P78423","OID00552",3.00764048889103,0.705919884530565,0.09375,"Pass","Example_Data_13_INFI.csv"
"A28","ID10","Treated","CX3CL1","P78423","OID00552",4.70920962960196,0.705919884530565,0.09375,"Pass","Example_Data_13_INFI.csv"
"A31","ID11","Treated","CX3CL1","P78423","OID00552",3.1998324653623,0.705919884530565,0.09375,"Pass","Example_Data_13_INFI.csv"
"A37","ID13","Untreated","CX3CL1","P78423","OID00552",1.66705758454504,0.705919884530565,0.09375,"Pass","Example_Data_13_INFI.csv"
"A40","ID14","Untreated","CX3CL1","P78423","OID00552",0.707098173527924,0.705919884530565,0.09375,"Pass","Example_Data_13_INFI.csv"
"A43","ID15","Treated","CX3CL1","P78423","OID00552",3.87040720155912,0.705919884530565,0.09375,"Pass","Example_Data_13_INFI.csv"
"A46","ID16","Untreated","CX3CL1","P78423","OID00552",4.0256271728344,0.705919884530565,0.09375,"Pass","Example_Data_13_INFI.csv"
"A49","ID17","Untreated","CX3CL1","P78423","OID00552",5.83785007138812,0.705919884530565,0.09375,"Pass","Example_Data_13_INFI.csv"
"A52","ID18","Treated","CX3CL1","P78423","OID00552",3.13520961476595,0.705919884530565,0.09375,"Pass","Example_Data_13_INFI.csv"
"A55","ID19","Treated","CX3CL1","P78423","OID00552",5.53036193273835,0.705919884530565,0.09375,"Pass","Example_Data_13_INFI.csv"
"A58","ID20","Untreated","CX3CL1","P78423","OID00552",5.63857010449035,0.705919884530565,0.09375,"Pass","Example_Data_13_INFI.csv"
"A61","ID21","Untreated","CX3CL1","P78423","OID00552",3.08270659710237,0.705919884530565,0.09375,"Pass","Example_Data_13_INFI.csv"
"A64","ID22","Untreated","CX3CL1","P78423","OID00552",1.06468179116504,0.705919884530565,0.09375,"Pass","Example_Data_13_INFI.csv"
"A67","ID23","Treated","CX3CL1","P78423","OID00552",0.939048983013543,0.705919884530565,0.09375,"Pass","Example_Data_13_INFI.csv"
"A70","ID24","Untreated","CX3CL1","P78423","OID00552",0.370010615121899,0.705919884530565,0.09375,"Pass","Example_Data_13_INFI.csv"
"A73","ID25","Untreated","CX3CL1","P78423","OID00552",4.03112710504756,0.705919884530565,0.09375,"Pass","Example_Data_13_INFI.csv"
"A76","ID26","Untreated","CX3CL1","P78423","OID00552",3.42469160101883,0.705919884530565,0.09375,"Pass","Example_Data_13_INFI.csv"
"B2","ID27","Treated","CX3CL1","P78423","OID00552",3.98121948453388,0.705919884530565,0.09375,"Pass","Example_Data_14_INFI.csv"
"B5","ID28","Treated","CX3CL1","P78423","OID00552",3.76159357333573,0.705919884530565,0.09375,"Pass","Example_Data_14_INFI.csv"
"B8","ID29","Untreated","CX3CL1","P78423","OID00552",4.5895525625227,0.705919884530565,0.09375,"Pass","Example_Data_14_INFI.csv"
"B11","ID30","Untreated","CX3CL1","P78423","OID00552",4.32910683723458,0.705919884530565,0.09375,"Pass","Example_Data_14_INFI.csv"
"B14","ID31","Untreated","CX3CL1","P78423","OID00552",2.68614171468483,0.705919884530565,0.09375,"Pass","Example_Data_14_INFI.csv"
"B17","ID32","Treated","CX3CL1","P78423","OID00552",3.87958538380385,0.705919884530565,0.09375,"Pass","Example_Data_14_INFI.csv"
"B20","ID33","Untreated","CX3CL1","P78423","OID00552",3.47998228070634,0.705919884530565,0.09375,"Pass","Example_Data_14_INFI.csv"
"B23","ID34","Untreated","CX3CL1","P78423","OID00552",1.94902244491814,0.705919884530565,0.09375,"Pass","Example_Data_14_INFI.csv"
"B26","ID35","Untreated","CX3CL1","P78423","OID00552",2.60858876675069,0.705919884530565,0.09375,"Pass","Example_Data_14_INFI.csv"
"B29","ID36","Untreated","CX3CL1","P78423","OID00552",3.78762514421321,0.705919884530565,0.09375,"Pass","Example_Data_14_INFI.csv"
"B32","ID37","Treated","CX3CL1","P78423","OID00552",2.75306294838259,0.705919884530565,0.09375,"Pass","Example_Data_14_INFI.csv"
"B35","ID38","Treated","CX3CL1","P78423","OID00552",5.96902996852241,0.705919884530565,0.09375,"Pass","Example_Data_14_INFI.csv"
"B38","ID39","Untreated","CX3CL1","P78423","OID00552",2.86513002496322,0.705919884530565,0.09375,"Pass","Example_Data_14_INFI.csv"
"B41","ID40","Untreated","CX3CL1","P78423","OID00552",3.1088264322901,0.705919884530565,0.09375,"Pass","Example_Data_14_INFI.csv"
"B44","ID41","Untreated","CX3CL1","P78423","OID00552",2.07728446814803,0.705919884530565,0.09375,"Pass","Example_Data_14_INFI.csv"
"B47","ID42","Treated","CX3CL1","P78423","OID00552",2.63677664764601,0.705919884530565,0.09375,"Pass","Example_Data_14_INFI.csv"
"B50","ID43","Treated","CX3CL1","P78423","OID00552",4.82610400326382,0.705919884530565,0.09375,"Pass","Example_Data_14_INFI.csv"
"B53","ID44","Treated","CX3CL1","P78423","OID00552",4.04447989493543,0.705919884530565,0.09375,"Pass","Example_Data_14_INFI.csv"
"B56","ID45","Treated","CX3CL1","P78423","OID00552",2.02090852213015,0.705919884530565,0.09375,"Pass","Example_Data_14_INFI.csv"
"B59","ID46","Treated","CX3CL1","P78423","OID00552",4.07934294686956,0.705919884530565,0.09375,"Pass","Example_Data_14_INFI.csv"
"B62","ID47","Treated","CX3CL1","P78423","OID00552",-0.14815560526178,0.705919884530565,0.09375,"Pass","Example_Data_14_INFI.csv"
"B65","ID48","Treated","CX3CL1","P78423","OID00552",1.34707991594881,0.705919884530565,0.09375,"Pass","Example_Data_14_INFI.csv"
"B68","ID49","Treated","CX3CL1","P78423","OID00552",3.66478342157767,0.705919884530565,0.09375,"Pass","Example_Data_14_INFI.csv"
"B71","ID50","Treated","CX3CL1","P78423","OID00552",2.82146850285984,0.705919884530565,0.09375,"Pass","Example_Data_14_INFI.csv"
"B74","ID51","Untreated","CX3CL1","P78423","OID00552",5.29400899553477,0.705919884530565,0.09375,"Pass","Example_Data_14_INFI.csv"
"B77","ID52","Treated","CX3CL1","P78423","OID00552",2.39374353710394,0.705919884530565,0.09375,"Pass","Example_Data_14_INFI.csv"
"A1","ID1","Untreated","TNFRSF9","Q07011","OID00553",5.12968499331677,0.416886942007113,0.0625,"Pass","Example_Data_13_INFI.csv"
"A4","ID2","Untreated","TNFRSF9","Q07011","OID00553",13.6614140594611,0.416886942007113,0.0625,"Pass","Example_Data_13_INFI.csv"
"A7","ID3","Untreated","TNFRSF9","Q07011","OID00553",2.56571791105965,0.416886942007113,0.0625,"Pass","Example_Data_13_INFI.csv"
"A10","ID4","Untreated","TNFRSF9","Q07011","OID00553",2.81924442932937,0.416886942007113,0.0625,"Pass","Example_Data_13_INFI.csv"
"A13","ID5","Untreated","TNFRSF9","Q07011","OID00553",7.42834314557884,0.416886942007113,0.0625,"Pass","Example_Data_13_INFI.csv"
"A16","ID6","Treated","TNFRSF9","Q07011","OID00553",6.15799255384806,0.416886942007113,0.0625,"Pass","Example_Data_13_INFI.csv"
"A19","ID7","Untreated","TNFRSF9","Q07011","OID00553",6.1028016322791,0.416886942007113,0.0625,"Pass","Example_Data_13_INFI.csv"
"A22","ID8","Treated","TNFRSF9","Q07011","OID00553",3.1953938090643,0.416886942007113,0.0625,"Pass","Example_Data_13_INFI.csv"
"A25","ID9","Untreated","TNFRSF9","Q07011","OID00553",9.92520007141204,0.416886942007113,0.0625,"Pass","Example_Data_13_INFI.csv"
"A28","ID10","Treated","TNFRSF9","Q07011","OID00553",7.52918877716104,0.416886942007113,0.0625,"Pass","Example_Data_13_INFI.csv"
"A31","ID11","Treated","TNFRSF9","Q07011","OID00553",6.95746234246531,0.416886942007113,0.0625,"Pass","Example_Data_13_INFI.csv"
"A37","ID13","Untreated","TNFRSF9","Q07011","OID00553",4.79693381377292,0.416886942007113,0.0625,"Pass","Example_Data_13_INFI.csv"
"A40","ID14","Untreated","TNFRSF9","Q07011","OID00553",9.80767188249018,0.416886942007113,0.0625,"Pass","Example_Data_13_INFI.csv"
"A43","ID15","Treated","TNFRSF9","Q07011","OID00553",6.87241428903951,0.416886942007113,0.0625,"Pass","Example_Data_13_INFI.csv"
"A46","ID16","Untreated","TNFRSF9","Q07011","OID00553",6.15452368552515,0.416886942007113,0.0625,"Pass","Example_Data_13_INFI.csv"
"A49","ID17","Untreated","TNFRSF9","Q07011","OID00553",12.9463590113101,0.416886942007113,0.0625,"Pass","Example_Data_13_INFI.csv"
"A52","ID18","Treated","TNFRSF9","Q07011","OID00553",8.23561413302198,0.416886942007113,0.0625,"Pass","Example_Data_13_INFI.csv"
"A55","ID19","Treated","TNFRSF9","Q07011","OID00553",4.97199938624149,0.416886942007113,0.0625,"Pass","Example_Data_13_INFI.csv"
"A58","ID20","Untreated","TNFRSF9","Q07011","OID00553",6.62582713796274,0.416886942007113,0.0625,"Pass","Example_Data_13_INFI.csv"
"A61","ID21","Untreated","TNFRSF9","Q07011","OID00553",6.0182427368823,0.416886942007113,0.0625,"Pass","Example_Data_13_INFI.csv"
"A64","ID22","Untreated","TNFRSF9","Q07011","OID00553",3.99728430545635,0.416886942007113,0.0625,"Pass","Example_Data_13_INFI.csv"
"A67","ID23","Treated","TNFRSF9","Q07011","OID00553",2.18823711886099,0.416886942007113,0.0625,"Pass","Example_Data_13_INFI.csv"
"A70","ID24","Untreated","TNFRSF9","Q07011","OID00553",4.888398268312,0.416886942007113,0.0625,"Pass","Example_Data_13_INFI.csv"
"A73","ID25","Untreated","TNFRSF9","Q07011","OID00553",8.61639069584804,0.416886942007113,0.0625,"Pass","Example_Data_13_INFI.csv"
"A76","ID26","Untreated","TNFRSF9","Q07011","OID00553",5.93523544362398,0.416886942007113,0.0625,"Pass","Example_Data_13_INFI.csv"
"B2","ID27","Treated","TNFRSF9","Q07011","OID00553",4.502014896955,0.416886942007113,0.0625,"Pass","Example_Data_14_INFI.csv"
"B5","ID28","Treated","TNFRSF9","Q07011","OID00553",4.35513896614877,0.416886942007113,0.0625,"Pass","Example_Data_14_INFI.csv"
"B8","ID29","Untreated","TNFRSF9","Q07011","OID00553",8.6259384211778,0.416886942007113,0.0625,"Pass","Example_Data_14_INFI.csv"
"B11","ID30","Untreated","TNFRSF9","Q07011","OID00553",11.1916683709326,0.416886942007113,0.0625,"Pass","Example_Data_14_INFI.csv"
"B14","ID31","Untreated","TNFRSF9","Q07011","OID00553",7.89139629510967,0.416886942007113,0.0625,"Pass","Example_Data_14_INFI.csv"
"B17","ID32","Treated","TNFRSF9","Q07011","OID00553",9.38415443129804,0.416886942007113,0.0625,"Pass","Example_Data_14_INFI.csv"
"B20","ID33","Untreated","TNFRSF9","Q07011","OID00553",7.09199969920893,0.416886942007113,0.0625,"Pass","Example_Data_14_INFI.csv"
"B23","ID34","Untreated","TNFRSF9","Q07011","OID00553",2.37721300011747,0.416886942007113,0.0625,"Pass","Example_Data_14_INFI.csv"
"B26","ID35","Untreated","TNFRSF9","Q07011","OID00553",4.7584433073234,0.416886942007113,0.0625,"Pass","Example_Data_14_INFI.csv"
"B29","ID36","Untreated","TNFRSF9","Q07011","OID00553",9.20785367818195,0.416886942007113,0.0625,"Pass","Example_Data_14_INFI.csv"
"B32","ID37","Treated","TNFRSF9","Q07011","OID00553",4.36738458445201,0.416886942007113,0.0625,"Pass","Example_Data_14_INFI.csv"
"B35","ID38","Treated","TNFRSF9","Q07011","OID00553",5.62339411530582,0.416886942007113,0.0625,"Pass","Example_Data_14_INFI.csv"
"B38","ID39","Untreated","TNFRSF9","Q07011","OID00553",13.1863586194359,0.416886942007113,0.0625,"Pass","Example_Data_14_INFI.csv"
"B41","ID40","Untreated","TNFRSF9","Q07011","OID00553",7.30854110813207,0.416886942007113,0.0625,"Pass","Example_Data_14_INFI.csv"
"B44","ID41","Untreated","TNFRSF9","Q07011","OID00553",0.622037197011213,0.416886942007113,0.0625,"Pass","Example_Data_14_INFI.csv"
"B47","ID42","Treated","TNFRSF9","Q07011","OID00553",5.80910167138151,0.416886942007113,0.0625,"Pass","Example_Data_14_INFI.csv"
"B50","ID43","Treated","TNFRSF9","Q07011","OID00553",7.05539415682642,0.416886942007113,0.0625,"Pass","Example_Data_14_INFI.csv"
"B53","ID44","Treated","TNFRSF9","Q07011","OID00553",14.1331842514272,0.416886942007113,0.0625,"Pass","Example_Data_14_INFI.csv"
"B56","ID45","Treated","TNFRSF9","Q07011","OID00553",4.89299106783214,0.416886942007113,0.0625,"Pass","Example_Data_14_INFI.csv"
"B59","ID46","Treated","TNFRSF9","Q07011","OID00553",2.7045183151171,0.416886942007113,0.0625,"Pass","Example_Data_14_INFI.csv"
"B62","ID47","Treated","TNFRSF9","Q07011","OID00553",14.2896482355468,0.416886942007113,0.0625,"Pass","Example_Data_14_INFI.csv"
"B65","ID48","Treated","TNFRSF9","Q07011","OID00553",8.67231067122418,0.416886942007113,0.0625,"Pass","Example_Data_14_INFI.csv"
"B68","ID49","Treated","TNFRSF9","Q07011","OID00553",-2.35030028598787,0.416886942007113,0.0625,"Pass","Example_Data_14_INFI.csv"
"B71","ID50","Treated","TNFRSF9","Q07011","OID00553",10.5144407787892,0.416886942007113,0.0625,"Pass","Example_Data_14_INFI.csv"
"B74","ID51","Untreated","TNFRSF9","Q07011","OID00553",6.1452703076458,0.416886942007113,0.0625,"Pass","Example_Data_14_INFI.csv"
"B77","ID52","Treated","TNFRSF9","Q07011","OID00553",8.1583122815271,0.416886942007113,0.0625,"Pass","Example_Data_14_INFI.csv"
"A1","ID1","Untreated","NT-3","P20783","OID00554",5.82657292875144,0.0568931758170947,0.0875,"Pass","Example_Data_13_INFI.csv"
"A4","ID2","Untreated","NT-3","P20783","OID00554",-0.645302560316254,0.0568931758170947,0.0875,"Pass","Example_Data_13_INFI.csv"
"A7","ID3","Untreated","NT-3","P20783","OID00554",0.240412857845264,0.0568931758170947,0.0875,"Pass","Example_Data_13_INFI.csv"
"A10","ID4","Untreated","NT-3","P20783","OID00554",12.6537598348894,0.0568931758170947,0.0875,"Pass","Example_Data_13_INFI.csv"
"A13","ID5","Untreated","NT-3","P20783","OID00554",13.6675897541134,0.0568931758170947,0.0875,"Pass","Example_Data_13_INFI.csv"
"A16","ID6","Treated","NT-3","P20783","OID00554",7.74565237405321,0.0568931758170947,0.0875,"Pass","Example_Data_13_INFI.csv"
"A19","ID7","Untreated","NT-3","P20783","OID00554",3.70336018690639,0.0568931758170947,0.0875,"Pass","Example_Data_13_INFI.csv"
"A22","ID8","Treated","NT-3","P20783","OID00554",4.87407915871572,0.0568931758170947,0.0875,"Pass","Example_Data_13_INFI.csv"
"A25","ID9","Untreated","NT-3","P20783","OID00554",10.2451120869981,0.0568931758170947,0.0875,"Pass","Example_Data_13_INFI.csv"
"A28","ID10","Treated","NT-3","P20783","OID00554",9.27866241683117,0.0568931758170947,0.0875,"Pass","Example_Data_13_INFI.csv"
"A31","ID11","Treated","NT-3","P20783","OID00554",11.0842638829593,0.0568931758170947,0.0875,"Pass","Example_Data_13_INFI.csv"
"A37","ID13","Untreated","NT-3","P20783","OID00554",5.62969357233812,0.0568931758170947,0.0875,"Pass","Example_Data_13_INFI.csv"
"A40","ID14","Untreated","NT-3","P20783","OID00554",3.20088306336174,0.0568931758170947,0.0875,"Pass","Example_Data_13_INFI.csv"
"A43","ID15","Treated","NT-3","P20783","OID00554",12.2451972699273,0.0568931758170947,0.0875,"Pass","Example_Data_13_INFI.csv"
"A46","ID16","Untreated","NT-3","P20783","OID00554",6.99454280077075,0.0568931758170947,0.0875,"Pass","Example_Data_13_INFI.csv"
"A49","ID17","Untreated","NT-3","P20783","OID00554",2.9044144715436,0.0568931758170947,0.0875,"Pass","Example_Data_13_INFI.csv"
"A52","ID18","Treated","NT-3","P20783","OID00554",15.1085721568641,0.0568931758170947,0.0875,"Pass","Example_Data_13_INFI.csv"
"A55","ID19","Treated","NT-3","P20783","OID00554",10.9106211577714,0.0568931758170947,0.0875,"Pass","Example_Data_13_INFI.csv"
"A58","ID20","Untreated","NT-3","P20783","OID00554",8.08133826244178,0.0568931758170947,0.0875,"Pass","Example_Data_13_INFI.csv"
"A61","ID21","Untreated","NT-3","P20783","OID00554",3.58690775169626,0.0568931758170947,0.0875,"Pass","Example_Data_13_INFI.csv"
"A64","ID22","Untreated","NT-3","P20783","OID00554",11.0760243124668,0.0568931758170947,0.0875,"Pass","Example_Data_13_INFI.csv"
"A67","ID23","Treated","NT-3","P20783","OID00554",4.33350754515427,0.0568931758170947,0.0875,"Pass","Example_Data_13_INFI.csv"
"A70","ID24","Untreated","NT-3","P20783","OID00554",3.62393879514889,0.0568931758170947,0.0875,"Pass","Example_Data_13_INFI.csv"
"A73","ID25","Untreated","NT-3","P20783","OID00554",10.7251445053221,0.0568931758170947,0.0875,"Pass","Example_Data_13_INFI.csv"
"A76","ID26","Untreated","NT-3","P20783","OID00554",17.577280114184,0.0568931758170947,0.0875,"Pass","Example_Data_13_INFI.csv"
"B2","ID27","Treated","NT-3","P20783","OID00554",11.728682337798,0.0568931758170947,0.0875,"Pass","Example_Data_14_INFI.csv"
"B5","ID28","Treated","NT-3","P20783","OID00554",8.39376396164835,0.0568931758170947,0.0875,"Pass","Example_Data_14_INFI.csv"
"B8","ID29","Untreated","NT-3","P20783","OID00554",17.9926128221658,0.0568931758170947,0.0875,"Pass","Example_Data_14_INFI.csv"
"B11","ID30","Untreated","NT-3","P20783","OID00554",-3.59632745228564,0.0568931758170947,0.0875,"Pass","Example_Data_14_INFI.csv"
"B14","ID31","Untreated","NT-3","P20783","OID00554",2.07788585081392,0.0568931758170947,0.0875,"Pass","Example_Data_14_INFI.csv"
"B17","ID32","Treated","NT-3","P20783","OID00554",3.12582609807834,0.0568931758170947,0.0875,"Pass","Example_Data_14_INFI.csv"
"B20","ID33","Untreated","NT-3","P20783","OID00554",2.44896964529025,0.0568931758170947,0.0875,"Pass","Example_Data_14_INFI.csv"
"B23","ID34","Untreated","NT-3","P20783","OID00554",0.849838635761573,0.0568931758170947,0.0875,"Pass","Example_Data_14_INFI.csv"
"B26","ID35","Untreated","NT-3","P20783","OID00554",3.18820422233533,0.0568931758170947,0.0875,"Pass","Example_Data_14_INFI.csv"
"B29","ID36","Untreated","NT-3","P20783","OID00554",11.260991949564,0.0568931758170947,0.0875,"Pass","Example_Data_14_INFI.csv"
"B32","ID37","Treated","NT-3","P20783","OID00554",2.77998709035514,0.0568931758170947,0.0875,"Pass","Example_Data_14_INFI.csv"
"B35","ID38","Treated","NT-3","P20783","OID00554",7.27809498387864,0.0568931758170947,0.0875,"Pass","Example_Data_14_INFI.csv"
"B38","ID39","Untreated","NT-3","P20783","OID00554",9.83768968558656,0.0568931758170947,0.0875,"Pass","Example_Data_14_INFI.csv"
"B41","ID40","Untreated","NT-3","P20783","OID00554",8.74667138987555,0.0568931758170947,0.0875,"Pass","Example_Data_14_INFI.csv"
"B44","ID41","Untreated","NT-3","P20783","OID00554",11.6344401901446,0.0568931758170947,0.0875,"Pass","Example_Data_14_INFI.csv"
"B47","ID42","Treated","NT-3","P20783","OID00554",11.0832472957378,0.0568931758170947,0.0875,"Pass","Example_Data_14_INFI.csv"
"B50","ID43","Treated","NT-3","P20783","OID00554",12.8612873101601,0.0568931758170947,0.0875,"Pass","Example_Data_14_INFI.csv"
"B53","ID44","Treated","NT-3","P20783","OID00554",6.15580156258927,0.0568931758170947,0.0875,"Pass","Example_Data_14_INFI.csv"
"B56","ID45","Treated","NT-3","P20783","OID00554",-9.1732725927151,0.0568931758170947,0.0875,"Pass","Example_Data_14_INFI.csv"
"B59","ID46","Treated","NT-3","P20783","OID00554",-3.44920350036138,0.0568931758170947,0.0875,"Pass","Example_Data_14_INFI.csv"
"B62","ID47","Treated","NT-3","P20783","OID00554",-5.78906319621297,0.0568931758170947,0.0875,"Pass","Example_Data_14_INFI.csv"
"B65","ID48","Treated","NT-3","P20783","OID00554",7.1194593473305,0.0568931758170947,0.0875,"Pass","Example_Data_14_INFI.csv"
"B68","ID49","Treated","NT-3","P20783","OID00554",0.587843431312923,0.0568931758170947,0.0875,"Pass","Example_Data_14_INFI.csv"
"B71","ID50","Treated","NT-3","P20783","OID00554",7.63224771596109,0.0568931758170947,0.0875,"Pass","Example_Data_14_INFI.csv"
"B74","ID51","Untreated","NT-3","P20783","OID00554",3.71043512069742,0.0568931758170947,0.0875,"Pass","Example_Data_14_INFI.csv"
"B77","ID52","Treated","NT-3","P20783","OID00554",8.40739915130078,0.0568931758170947,0.0875,"Pass","Example_Data_14_INFI.csv"
"A1","ID1","Untreated","TWEAK","O43508","OID00555",6.63264807046145,3.60051582930243,0.05625,"Pass","Example_Data_13_INFI.csv"
"A4","ID2","Untreated","TWEAK","O43508","OID00555",7.40506146283018,3.60051582930243,0.05625,"Pass","Example_Data_13_INFI.csv"
"A7","ID3","Untreated","TWEAK","O43508","OID00555",4.48259345863277,3.60051582930243,0.05625,"Pass","Example_Data_13_INFI.csv"
"A10","ID4","Untreated","TWEAK","O43508","OID00555",6.22226120787727,3.60051582930243,0.05625,"Pass","Example_Data_13_INFI.csv"
"A13","ID5","Untreated","TWEAK","O43508","OID00555",12.5351282982917,3.60051582930243,0.05625,"Pass","Example_Data_13_INFI.csv"
"A16","ID6","Treated","TWEAK","O43508","OID00555",5.56012890643528,3.60051582930243,0.05625,"Pass","Example_Data_13_INFI.csv"
"A19","ID7","Untreated","TWEAK","O43508","OID00555",12.1374044201586,3.60051582930243,0.05625,"Pass","Example_Data_13_INFI.csv"
"A22","ID8","Treated","TWEAK","O43508","OID00555",9.09219800426152,3.60051582930243,0.05625,"Pass","Example_Data_13_INFI.csv"
"A25","ID9","Untreated","TWEAK","O43508","OID00555",10.0953532806809,3.60051582930243,0.05625,"Pass","Example_Data_13_INFI.csv"
"A28","ID10","Treated","TWEAK","O43508","OID00555",5.1889620673843,3.60051582930243,0.05625,"Pass","Example_Data_13_INFI.csv"
"A31","ID11","Treated","TWEAK","O43508","OID00555",9.66421460156781,3.60051582930243,0.05625,"Pass","Example_Data_13_INFI.csv"
"A37","ID13","Untreated","TWEAK","O43508","OID00555",6.91954012973279,3.60051582930243,0.05625,"Pass","Example_Data_13_INFI.csv"
"A40","ID14","Untreated","TWEAK","O43508","OID00555",12.2602890666715,3.60051582930243,0.05625,"Pass","Example_Data_13_INFI.csv"
"A43","ID15","Treated","TWEAK","O43508","OID00555",15.2733120705067,3.60051582930243,0.05625,"Pass","Example_Data_13_INFI.csv"
"A46","ID16","Untreated","TWEAK","O43508","OID00555",9.36659050292358,3.60051582930243,0.05625,"Pass","Example_Data_13_INFI.csv"
"A49","ID17","Untreated","TWEAK","O43508","OID00555",17.1296819084556,3.60051582930243,0.05625,"Pass","Example_Data_13_INFI.csv"
"A52","ID18","Treated","TWEAK","O43508","OID00555",7.3251801772367,3.60051582930243,0.05625,"Pass","Example_Data_13_INFI.csv"
"A55","ID19","Treated","TWEAK","O43508","OID00555",9.50794960481002,3.60051582930243,0.05625,"Pass","Example_Data_13_INFI.csv"
"A58","ID20","Untreated","TWEAK","O43508","OID00555",9.67583785581801,3.60051582930243,0.05625,"Pass","Example_Data_13_INFI.csv"
"A61","ID21","Untreated","TWEAK","O43508","OID00555",7.04522224909452,3.60051582930243,0.05625,"Pass","Example_Data_13_INFI.csv"
"A64","ID22","Untreated","TWEAK","O43508","OID00555",9.95022509102051,3.60051582930243,0.05625,"Pass","Example_Data_13_INFI.csv"
"A67","ID23","Treated","TWEAK","O43508","OID00555",7.75317358559173,3.60051582930243,0.05625,"Pass","Example_Data_13_INFI.csv"
"A70","ID24","Untreated","TWEAK","O43508","OID00555",5.98378565840761,3.60051582930243,0.05625,"Pass","Example_Data_13_INFI.csv"
"A73","ID25","Untreated","TWEAK","O43508","OID00555",9.54141022423849,3.60051582930243,0.05625,"Pass","Example_Data_13_INFI.csv"
"A76","ID26","Untreated","TWEAK","O43508","OID00555",13.5031771499042,3.60051582930243,0.05625,"Pass","Example_Data_13_INFI.csv"
"B2","ID27","Treated","TWEAK","O43508","OID00555",4.87517769076512,3.60051582930243,0.05625,"Pass","Example_Data_14_INFI.csv"
"B5","ID28","Treated","TWEAK","O43508","OID00555",2.76240093832609,3.60051582930243,0.05625,"Pass","Example_Data_14_INFI.csv"
"B8","ID29","Untreated","TWEAK","O43508","OID00555",10.9186589787435,3.60051582930243,0.05625,"Pass","Example_Data_14_INFI.csv"
"B11","ID30","Untreated","TWEAK","O43508","OID00555",9.61267442762964,3.60051582930243,0.05625,"Pass","Example_Data_14_INFI.csv"
"B14","ID31","Untreated","TWEAK","O43508","OID00555",15.6457496024668,3.60051582930243,0.05625,"Pass","Example_Data_14_INFI.csv"
"B17","ID32","Treated","TWEAK","O43508","OID00555",10.1809516922995,3.60051582930243,0.05625,"Pass","Example_Data_14_INFI.csv"
"B20","ID33","Untreated","TWEAK","O43508","OID00555",18.8571163274083,3.60051582930243,0.05625,"Pass","Example_Data_14_INFI.csv"
"B23","ID34","Untreated","TWEAK","O43508","OID00555",6.26110111328802,3.60051582930243,0.05625,"Pass","Example_Data_14_INFI.csv"
"B26","ID35","Untreated","TWEAK","O43508","OID00555",12.5219799796317,3.60051582930243,0.05625,"Pass","Example_Data_14_INFI.csv"
"B29","ID36","Untreated","TWEAK","O43508","OID00555",11.906419311991,3.60051582930243,0.05625,"Pass","Example_Data_14_INFI.csv"
"B32","ID37","Treated","TWEAK","O43508","OID00555",7.63651955626191,3.60051582930243,0.05625,"Pass","Example_Data_14_INFI.csv"
"B35","ID38","Treated","TWEAK","O43508","OID00555",11.0919988435543,3.60051582930243,0.05625,"Pass","Example_Data_14_INFI.csv"
"B38","ID39","Untreated","TWEAK","O43508","OID00555",13.2162269819876,3.60051582930243,0.05625,"Pass","Example_Data_14_INFI.csv"
"B41","ID40","Untreated","TWEAK","O43508","OID00555",9.79426015182889,3.60051582930243,0.05625,"Pass","Example_Data_14_INFI.csv"
"B44","ID41","Untreated","TWEAK","O43508","OID00555",6.78718384073698,3.60051582930243,0.05625,"Pass","Example_Data_14_INFI.csv"
"B47","ID42","Treated","TWEAK","O43508","OID00555",1.60984831948333,3.60051582930243,0.05625,"Pass","Example_Data_14_INFI.csv"
"B50","ID43","Treated","TWEAK","O43508","OID00555",9.39979629759206,3.60051582930243,0.05625,"Pass","Example_Data_14_INFI.csv"
"B53","ID44","Treated","TWEAK","O43508","OID00555",6.04288760478163,3.60051582930243,0.05625,"Pass","Example_Data_14_INFI.csv"
"B56","ID45","Treated","TWEAK","O43508","OID00555",1.96177352319521,3.60051582930243,0.05625,"Pass","Example_Data_14_INFI.csv"
"B59","ID46","Treated","TWEAK","O43508","OID00555",8.87466066812955,3.60051582930243,0.05625,"Pass","Example_Data_14_INFI.csv"
"B62","ID47","Treated","TWEAK","O43508","OID00555",7.11461259551818,3.60051582930243,0.05625,"Pass","Example_Data_14_INFI.csv"
"B65","ID48","Treated","TWEAK","O43508","OID00555",11.2725431647821,3.60051582930243,0.05625,"Pass","Example_Data_14_INFI.csv"
"B68","ID49","Treated","TWEAK","O43508","OID00555",9.17253442943136,3.60051582930243,0.05625,"Pass","Example_Data_14_INFI.csv"
"B71","ID50","Treated","TWEAK","O43508","OID00555",7.71918402788926,3.60051582930243,0.05625,"Pass","Example_Data_14_INFI.csv"
"B74","ID51","Untreated","TWEAK","O43508","OID00555",11.4745833849405,3.60051582930243,0.05625,"Pass","Example_Data_14_INFI.csv"
"B77","ID52","Treated","TWEAK","O43508","OID00555",7.88731398265662,3.60051582930243,0.05625,"Pass","Example_Data_14_INFI.csv"
"A1","ID1","Untreated","CCL20","P78556","OID00556",1.03564526960685,0.147658896783335,0.075,"Pass","Example_Data_13_INFI.csv"
"A4","ID2","Untreated","CCL20","P78556","OID00556",0.141914378511355,0.147658896783335,0.075,"Pass","Example_Data_13_INFI.csv"
"A7","ID3","Untreated","CCL20","P78556","OID00556",1.88409322765547,0.147658896783335,0.075,"Pass","Example_Data_13_INFI.csv"
"A10","ID4","Untreated","CCL20","P78556","OID00556",2.49164539948032,0.147658896783335,0.075,"Pass","Example_Data_13_INFI.csv"
"A13","ID5","Untreated","CCL20","P78556","OID00556",1.94741691405509,0.147658896783335,0.075,"Pass","Example_Data_13_INFI.csv"
"A16","ID6","Treated","CCL20","P78556","OID00556",0.549156731241534,0.147658896783335,0.075,"Pass","Example_Data_13_INFI.csv"
"A19","ID7","Untreated","CCL20","P78556","OID00556",0.16554757402323,0.147658896783335,0.075,"Pass","Example_Data_13_INFI.csv"
"A22","ID8","Treated","CCL20","P78556","OID00556",0.925827137541902,0.147658896783335,0.075,"Pass","Example_Data_13_INFI.csv"
"A25","ID9","Untreated","CCL20","P78556","OID00556",2.65322980758449,0.147658896783335,0.075,"Pass","Example_Data_13_INFI.csv"
"A28","ID10","Treated","CCL20","P78556","OID00556",1.41208049704152,0.147658896783335,0.075,"Pass","Example_Data_13_INFI.csv"
"A31","ID11","Treated","CCL20","P78556","OID00556",0.947567831435088,0.147658896783335,0.075,"Pass","Example_Data_13_INFI.csv"
"A37","ID13","Untreated","CCL20","P78556","OID00556",3.07803004394306,0.147658896783335,0.075,"Pass","Example_Data_13_INFI.csv"
"A40","ID14","Untreated","CCL20","P78556","OID00556",-0.112091405953107,0.147658896783335,0.075,"Pass","Example_Data_13_INFI.csv"
"A43","ID15","Treated","CCL20","P78556","OID00556",2.06251001706539,0.147658896783335,0.075,"Pass","Example_Data_13_INFI.csv"
"A46","ID16","Untreated","CCL20","P78556","OID00556",-0.0678994311409213,0.147658896783335,0.075,"Pass","Example_Data_13_INFI.csv"
"A49","ID17","Untreated","CCL20","P78556","OID00556",2.51690808577482,0.147658896783335,0.075,"Pass","Example_Data_13_INFI.csv"
"A52","ID18","Treated","CCL20","P78556","OID00556",0.567489109703638,0.147658896783335,0.075,"Pass","Example_Data_13_INFI.csv"
"A55","ID19","Treated","CCL20","P78556","OID00556",1.77206818479254,0.147658896783335,0.075,"Pass","Example_Data_13_INFI.csv"
"A58","ID20","Untreated","CCL20","P78556","OID00556",1.5085388069919,0.147658896783335,0.075,"Pass","Example_Data_13_INFI.csv"
"A61","ID21","Untreated","CCL20","P78556","OID00556",2.22441007668049,0.147658896783335,0.075,"Pass","Example_Data_13_INFI.csv"
"A64","ID22","Untreated","CCL20","P78556","OID00556",-0.177883837987803,0.147658896783335,0.075,"Pass","Example_Data_13_INFI.csv"
"A67","ID23","Treated","CCL20","P78556","OID00556",2.1471159834411,0.147658896783335,0.075,"Pass","Example_Data_13_INFI.csv"
"A70","ID24","Untreated","CCL20","P78556","OID00556",1.22660629598153,0.147658896783335,0.075,"Pass","Example_Data_13_INFI.csv"
"A73","ID25","Untreated","CCL20","P78556","OID00556",1.65344773759398,0.147658896783335,0.075,"Pass","Example_Data_13_INFI.csv"
"A76","ID26","Untreated","CCL20","P78556","OID00556",2.49729346857441,0.147658896783335,0.075,"Pass","Example_Data_13_INFI.csv"
"B2","ID27","Treated","CCL20","P78556","OID00556",0.413485893191595,0.147658896783335,0.075,"Pass","Example_Data_14_INFI.csv"
"B5","ID28","Treated","CCL20","P78556","OID00556",0.844516215561061,0.147658896783335,0.075,"Pass","Example_Data_14_INFI.csv"
"B8","ID29","Untreated","CCL20","P78556","OID00556",0.881794608843359,0.147658896783335,0.075,"Pass","Example_Data_14_INFI.csv"
"B11","ID30","Untreated","CCL20","P78556","OID00556",2.00909342932893,0.147658896783335,0.075,"Pass","Example_Data_14_INFI.csv"
"B14","ID31","Untreated","CCL20","P78556","OID00556",1.46814731767554,0.147658896783335,0.075,"Pass","Example_Data_14_INFI.csv"
"B17","ID32","Treated","CCL20","P78556","OID00556",0.832827233161793,0.147658896783335,0.075,"Pass","Example_Data_14_INFI.csv"
"B20","ID33","Untreated","CCL20","P78556","OID00556",2.48204077950342,0.147658896783335,0.075,"Pass","Example_Data_14_INFI.csv"
"B23","ID34","Untreated","CCL20","P78556","OID00556",1.13845020272435,0.147658896783335,0.075,"Pass","Example_Data_14_INFI.csv"
"B26","ID35","Untreated","CCL20","P78556","OID00556",0.94313425029066,0.147658896783335,0.075,"Pass","Example_Data_14_INFI.csv"
"B29","ID36","Untreated","CCL20","P78556","OID00556",1.9620000527896,0.147658896783335,0.075,"Pass","Example_Data_14_INFI.csv"
"B32","ID37","Treated","CCL20","P78556","OID00556",1.74549044394574,0.147658896783335,0.075,"Pass","Example_Data_14_INFI.csv"
"B35","ID38","Treated","CCL20","P78556","OID00556",0.383861501441303,0.147658896783335,0.075,"Pass","Example_Data_14_INFI.csv"
"B38","ID39","Untreated","CCL20","P78556","OID00556",0.626753406966847,0.147658896783335,0.075,"Pass","Example_Data_14_INFI.csv"
"B41","ID40","Untreated","CCL20","P78556","OID00556",0.791448862466611,0.147658896783335,0.075,"Pass","Example_Data_14_INFI.csv"
"B44","ID41","Untreated","CCL20","P78556","OID00556",2.54144418651656,0.147658896783335,0.075,"Pass","Example_Data_14_INFI.csv"
"B47","ID42","Treated","CCL20","P78556","OID00556",1.32790907779866,0.147658896783335,0.075,"Pass","Example_Data_14_INFI.csv"
"B50","ID43","Treated","CCL20","P78556","OID00556",2.62582641568203,0.147658896783335,0.075,"Pass","Example_Data_14_INFI.csv"
"B53","ID44","Treated","CCL20","P78556","OID00556",1.48284806660626,0.147658896783335,0.075,"Pass","Example_Data_14_INFI.csv"
"B56","ID45","Treated","CCL20","P78556","OID00556",3.40012469636764,0.147658896783335,0.075,"Pass","Example_Data_14_INFI.csv"
"B59","ID46","Treated","CCL20","P78556","OID00556",0.737046006721818,0.147658896783335,0.075,"Pass","Example_Data_14_INFI.csv"
"B62","ID47","Treated","CCL20","P78556","OID00556",1.31706992252914,0.147658896783335,0.075,"Pass","Example_Data_14_INFI.csv"
"B65","ID48","Treated","CCL20","P78556","OID00556",2.03203605603143,0.147658896783335,0.075,"Pass","Example_Data_14_INFI.csv"
"B68","ID49","Treated","CCL20","P78556","OID00556",1.13543064829698,0.147658896783335,0.075,"Pass","Example_Data_14_INFI.csv"
"B71","ID50","Treated","CCL20","P78556","OID00556",1.44425615714566,0.147658896783335,0.075,"Pass","Example_Data_14_INFI.csv"
"B74","ID51","Untreated","CCL20","P78556","OID00556",0.9130957612078,0.147658896783335,0.075,"Pass","Example_Data_14_INFI.csv"
"B77","ID52","Treated","CCL20","P78556","OID00556",2.16908793632591,0.147658896783335,0.075,"Pass","Example_Data_14_INFI.csv"
"A1","ID1","Untreated","ST1A1","P50225","OID00557",7.48384107695755,0,0.03125,"Pass","Example_Data_13_INFI.csv"
"A4","ID2","Untreated","ST1A1","P50225","OID00557",6.51396907247768,0,0.03125,"Pass","Example_Data_13_INFI.csv"
"A7","ID3","Untreated","ST1A1","P50225","OID00557",8.67075347993693,0,0.03125,"Pass","Example_Data_13_INFI.csv"
"A10","ID4","Untreated","ST1A1","P50225","OID00557",2.2510711577166,0,0.03125,"Pass","Example_Data_13_INFI.csv"
"A13","ID5","Untreated","ST1A1","P50225","OID00557",-2.05737443364574,0,0.03125,"Pass","Example_Data_13_INFI.csv"
"A16","ID6","Treated","ST1A1","P50225","OID00557",5.27024714816956,0,0.03125,"Pass","Example_Data_13_INFI.csv"
"A19","ID7","Untreated","ST1A1","P50225","OID00557",6.22470330151207,0,0.03125,"Pass","Example_Data_13_INFI.csv"
"A22","ID8","Treated","ST1A1","P50225","OID00557",3.17501931945779,0,0.03125,"Pass","Example_Data_13_INFI.csv"
"A25","ID9","Untreated","ST1A1","P50225","OID00557",4.9681637622442,0,0.03125,"Pass","Example_Data_13_INFI.csv"
"A28","ID10","Treated","ST1A1","P50225","OID00557",-0.244982224279895,0,0.03125,"Pass","Example_Data_13_INFI.csv"
"A31","ID11","Treated","ST1A1","P50225","OID00557",4.61895595041057,0,0.03125,"Pass","Example_Data_13_INFI.csv"
"A37","ID13","Untreated","ST1A1","P50225","OID00557",0.500323736778838,0,0.03125,"Pass","Example_Data_13_INFI.csv"
"A40","ID14","Untreated","ST1A1","P50225","OID00557",2.15696249206009,0,0.03125,"Pass","Example_Data_13_INFI.csv"
"A43","ID15","Treated","ST1A1","P50225","OID00557",2.93023152603514,0,0.03125,"Pass","Example_Data_13_INFI.csv"
"A46","ID16","Untreated","ST1A1","P50225","OID00557",5.45892530804886,0,0.03125,"Pass","Example_Data_13_INFI.csv"
"A49","ID17","Untreated","ST1A1","P50225","OID00557",3.30469420139101,0,0.03125,"Pass","Example_Data_13_INFI.csv"
"A52","ID18","Treated","ST1A1","P50225","OID00557",1.11246945324002,0,0.03125,"Pass","Example_Data_13_INFI.csv"
"A55","ID19","Treated","ST1A1","P50225","OID00557",1.83594325055673,0,0.03125,"Pass","Example_Data_13_INFI.csv"
"A58","ID20","Untreated","ST1A1","P50225","OID00557",5.20600752649252,0,0.03125,"Pass","Example_Data_13_INFI.csv"
"A61","ID21","Untreated","ST1A1","P50225","OID00557",4.23868862309435,0,0.03125,"Pass","Example_Data_13_INFI.csv"
"A64","ID22","Untreated","ST1A1","P50225","OID00557",3.09796023479179,0,0.03125,"Pass","Example_Data_13_INFI.csv"
"A67","ID23","Treated","ST1A1","P50225","OID00557",3.89813476142953,0,0.03125,"Pass","Example_Data_13_INFI.csv"
"A70","ID24","Untreated","ST1A1","P50225","OID00557",1.8049644087384,0,0.03125,"Pass","Example_Data_13_INFI.csv"
"A73","ID25","Untreated","ST1A1","P50225","OID00557",3.6322465279428,0,0.03125,"Pass","Example_Data_13_INFI.csv"
"A76","ID26","Untreated","ST1A1","P50225","OID00557",4.32755744624586,0,0.03125,"Pass","Example_Data_13_INFI.csv"
"B2","ID27","Treated","ST1A1","P50225","OID00557",4.60087438847459,0,0.03125,"Pass","Example_Data_14_INFI.csv"
"B5","ID28","Treated","ST1A1","P50225","OID00557",2.56237632618035,0,0.03125,"Pass","Example_Data_14_INFI.csv"
"B8","ID29","Untreated","ST1A1","P50225","OID00557",5.19395042266993,0,0.03125,"Pass","Example_Data_14_INFI.csv"
"B11","ID30","Untreated","ST1A1","P50225","OID00557",5.7873419225867,0,0.03125,"Pass","Example_Data_14_INFI.csv"
"B14","ID31","Untreated","ST1A1","P50225","OID00557",9.31039654980534,0,0.03125,"Pass","Example_Data_14_INFI.csv"
"B17","ID32","Treated","ST1A1","P50225","OID00557",4.00133452235783,0,0.03125,"Pass","Example_Data_14_INFI.csv"
"B20","ID33","Untreated","ST1A1","P50225","OID00557",6.17437240890427,0,0.03125,"Pass","Example_Data_14_INFI.csv"
"B23","ID34","Untreated","ST1A1","P50225","OID00557",3.18765343187565,0,0.03125,"Pass","Example_Data_14_INFI.csv"
"B26","ID35","Untreated","ST1A1","P50225","OID00557",5.91204379189826,0,0.03125,"Pass","Example_Data_14_INFI.csv"
"B29","ID36","Untreated","ST1A1","P50225","OID00557",4.42050394316784,0,0.03125,"Pass","Example_Data_14_INFI.csv"
"B32","ID37","Treated","ST1A1","P50225","OID00557",1.96866068772023,0,0.03125,"Pass","Example_Data_14_INFI.csv"
"B35","ID38","Treated","ST1A1","P50225","OID00557",2.33033962942902,0,0.03125,"Pass","Example_Data_14_INFI.csv"
"B38","ID39","Untreated","ST1A1","P50225","OID00557",1.98563618257792,0,0.03125,"Pass","Example_Data_14_INFI.csv"
"B41","ID40","Untreated","ST1A1","P50225","OID00557",4.37792934144066,0,0.03125,"Pass","Example_Data_14_INFI.csv"
"B44","ID41","Untreated","ST1A1","P50225","OID00557",7.29182595087804,0,0.03125,"Pass","Example_Data_14_INFI.csv"
"B47","ID42","Treated","ST1A1","P50225","OID00557",6.26982221967557,0,0.03125,"Pass","Example_Data_14_INFI.csv"
"B50","ID43","Treated","ST1A1","P50225","OID00557",6.76124919538458,0,0.03125,"Pass","Example_Data_14_INFI.csv"
"B53","ID44","Treated","ST1A1","P50225","OID00557",5.40624689294351,0,0.03125,"Pass","Example_Data_14_INFI.csv"
"B56","ID45","Treated","ST1A1","P50225","OID00557",7.42896255713824,0,0.03125,"Pass","Example_Data_14_INFI.csv"
"B59","ID46","Treated","ST1A1","P50225","OID00557",4.1465512606279,0,0.03125,"Pass","Example_Data_14_INFI.csv"
"B62","ID47","Treated","ST1A1","P50225","OID00557",2.64966515520571,0,0.03125,"Pass","Example_Data_14_INFI.csv"
"B65","ID48","Treated","ST1A1","P50225","OID00557",1.02706972459725,0,0.03125,"Pass","Example_Data_14_INFI.csv"
"B68","ID49","Treated","ST1A1","P50225","OID00557",4.80958740344296,0,0.03125,"Pass","Example_Data_14_INFI.csv"
"B71","ID50","Treated","ST1A1","P50225","OID00557",8.02446103952736,0,0.03125,"Pass","Example_Data_14_INFI.csv"
"B74","ID51","Untreated","ST1A1","P50225","OID00557",6.6320079802027,0,0.03125,"Pass","Example_Data_14_INFI.csv"
"B77","ID52","Treated","ST1A1","P50225","OID00557",0.181555360392291,0,0.03125,"Pass","Example_Data_14_INFI.csv"
"A1","ID1","Untreated","STAMPB","O95630","OID00558",2.24185812282354,0,0.025,"Pass","Example_Data_13_INFI.csv"
"A4","ID2","Untreated","STAMPB","O95630","OID00558",1.21590281441706,0,0.025,"Pass","Example_Data_13_INFI.csv"
"A7","ID3","Untreated","STAMPB","O95630","OID00558",1.82688896263649,0,0.025,"Pass","Example_Data_13_INFI.csv"
"A10","ID4","Untreated","STAMPB","O95630","OID00558",1.08902857809687,0,0.025,"Pass","Example_Data_13_INFI.csv"
"A13","ID5","Untreated","STAMPB","O95630","OID00558",1.69859531710178,0,0.025,"Pass","Example_Data_13_INFI.csv"
"A16","ID6","Treated","STAMPB","O95630","OID00558",2.69731335404736,0,0.025,"Pass","Example_Data_13_INFI.csv"
"A19","ID7","Untreated","STAMPB","O95630","OID00558",1.4608241428797,0,0.025,"Pass","Example_Data_13_INFI.csv"
"A22","ID8","Treated","STAMPB","O95630","OID00558",0.806285697138711,0,0.025,"Pass","Example_Data_13_INFI.csv"
"A25","ID9","Untreated","STAMPB","O95630","OID00558",2.63948920172784,0,0.025,"Pass","Example_Data_13_INFI.csv"
"A28","ID10","Treated","STAMPB","O95630","OID00558",1.52511340521494,0,0.025,"Pass","Example_Data_13_INFI.csv"
"A31","ID11","Treated","STAMPB","O95630","OID00558",1.44670321597109,0,0.025,"Pass","Example_Data_13_INFI.csv"
"A37","ID13","Untreated","STAMPB","O95630","OID00558",1.20912282686992,0,0.025,"Pass","Example_Data_13_INFI.csv"
"A40","ID14","Untreated","STAMPB","O95630","OID00558",1.97288496709635,0,0.025,"Pass","Example_Data_13_INFI.csv"
"A43","ID15","Treated","STAMPB","O95630","OID00558",1.41495481854641,0,0.025,"Pass","Example_Data_13_INFI.csv"
"A46","ID16","Untreated","STAMPB","O95630","OID00558",1.57873369373834,0,0.025,"Pass","Example_Data_13_INFI.csv"
"A49","ID17","Untreated","STAMPB","O95630","OID00558",2.20107871490404,0,0.025,"Pass","Example_Data_13_INFI.csv"
"A52","ID18","Treated","STAMPB","O95630","OID00558",4.24181152864567,0,0.025,"Pass","Example_Data_13_INFI.csv"
"A55","ID19","Treated","STAMPB","O95630","OID00558",1.53628679145632,0,0.025,"Pass","Example_Data_13_INFI.csv"
"A58","ID20","Untreated","STAMPB","O95630","OID00558",3.14244008536102,0,0.025,"Pass","Example_Data_13_INFI.csv"
"A61","ID21","Untreated","STAMPB","O95630","OID00558",1.65793011980388,0,0.025,"Pass","Example_Data_13_INFI.csv"
"A64","ID22","Untreated","STAMPB","O95630","OID00558",3.41896683716107,0,0.025,"Pass","Example_Data_13_INFI.csv"
"A67","ID23","Treated","STAMPB","O95630","OID00558",2.04604639246873,0,0.025,"Pass","Example_Data_13_INFI.csv"
"A70","ID24","Untreated","STAMPB","O95630","OID00558",3.00445014340573,0,0.025,"Pass","Example_Data_13_INFI.csv"
"A73","ID25","Untreated","STAMPB","O95630","OID00558",1.56337466794823,0,0.025,"Pass","Example_Data_13_INFI.csv"
"A76","ID26","Untreated","STAMPB","O95630","OID00558",3.04073809387287,0,0.025,"Pass","Example_Data_13_INFI.csv"
"B2","ID27","Treated","STAMPB","O95630","OID00558",0.789166081448457,0,0.025,"Pass","Example_Data_14_INFI.csv"
"B5","ID28","Treated","STAMPB","O95630","OID00558",1.38018693359856,0,0.025,"Pass","Example_Data_14_INFI.csv"
"B8","ID29","Untreated","STAMPB","O95630","OID00558",2.02603712394356,0,0.025,"Pass","Example_Data_14_INFI.csv"
"B11","ID30","Untreated","STAMPB","O95630","OID00558",3.58237581583627,0,0.025,"Pass","Example_Data_14_INFI.csv"
"B14","ID31","Untreated","STAMPB","O95630","OID00558",1.79007078008155,0,0.025,"Pass","Example_Data_14_INFI.csv"
"B17","ID32","Treated","STAMPB","O95630","OID00558",2.54052822600133,0,0.025,"Pass","Example_Data_14_INFI.csv"
"B20","ID33","Untreated","STAMPB","O95630","OID00558",0.341935010046273,0,0.025,"Pass","Example_Data_14_INFI.csv"
"B23","ID34","Untreated","STAMPB","O95630","OID00558",2.59905606112148,0,0.025,"Pass","Example_Data_14_INFI.csv"
"B26","ID35","Untreated","STAMPB","O95630","OID00558",3.61462238304268,0,0.025,"Pass","Example_Data_14_INFI.csv"
"B29","ID36","Untreated","STAMPB","O95630","OID00558",2.13059993688369,0,0.025,"Pass","Example_Data_14_INFI.csv"
"B32","ID37","Treated","STAMPB","O95630","OID00558",1.45219035356387,0,0.025,"Pass","Example_Data_14_INFI.csv"
"B35","ID38","Treated","STAMPB","O95630","OID00558",1.71422393570835,0,0.025,"Pass","Example_Data_14_INFI.csv"
"B38","ID39","Untreated","STAMPB","O95630","OID00558",3.61903409660295,0,0.025,"Pass","Example_Data_14_INFI.csv"
"B41","ID40","Untreated","STAMPB","O95630","OID00558",1.81860551671236,0,0.025,"Pass","Example_Data_14_INFI.csv"
"B44","ID41","Untreated","STAMPB","O95630","OID00558",2.70855784953404,0,0.025,"Pass","Example_Data_14_INFI.csv"
"B47","ID42","Treated","STAMPB","O95630","OID00558",1.75940453002328,0,0.025,"Pass","Example_Data_14_INFI.csv"
"B50","ID43","Treated","STAMPB","O95630","OID00558",0.212138548300599,0,0.025,"Pass","Example_Data_14_INFI.csv"
"B53","ID44","Treated","STAMPB","O95630","OID00558",2.08174261397916,0,0.025,"Pass","Example_Data_14_INFI.csv"
"B56","ID45","Treated","STAMPB","O95630","OID00558",2.88627284807316,0,0.025,"Pass","Example_Data_14_INFI.csv"
"B59","ID46","Treated","STAMPB","O95630","OID00558",3.12156465654243,0,0.025,"Pass","Example_Data_14_INFI.csv"
"B62","ID47","Treated","STAMPB","O95630","OID00558",2.14078719383047,0,0.025,"Pass","Example_Data_14_INFI.csv"
"B65","ID48","Treated","STAMPB","O95630","OID00558",1.58458833706657,0,0.025,"Pass","Example_Data_14_INFI.csv"
"B68","ID49","Treated","STAMPB","O95630","OID00558",2.29835436136936,0,0.025,"Pass","Example_Data_14_INFI.csv"
"B71","ID50","Treated","STAMPB","O95630","OID00558",2.30113721634075,0,0.025,"Pass","Example_Data_14_INFI.csv"
"B74","ID51","Untreated","STAMPB","O95630","OID00558",0.642693554941857,0,0.025,"Pass","Example_Data_14_INFI.csv"
"B77","ID52","Treated","STAMPB","O95630","OID00558",2.29272564665412,0,0.025,"Pass","Example_Data_14_INFI.csv"
"A1","ID1","Untreated","IL5","P05113","OID00559",3.38419052435588,0.0602533783893762,0.0125,"Pass","Example_Data_13_INFI.csv"
"A4","ID2","Untreated","IL5","P05113","OID00559",4.9443447320101,0.0602533783893762,0.0125,"Pass","Example_Data_13_INFI.csv"
"A7","ID3","Untreated","IL5","P05113","OID00559",3.47620222518433,0.0602533783893762,0.0125,"Pass","Example_Data_13_INFI.csv"
"A10","ID4","Untreated","IL5","P05113","OID00559",1.94321132333675,0.0602533783893762,0.0125,"Pass","Example_Data_13_INFI.csv"
"A13","ID5","Untreated","IL5","P05113","OID00559",4.87001979022982,0.0602533783893762,0.0125,"Pass","Example_Data_13_INFI.csv"
"A16","ID6","Treated","IL5","P05113","OID00559",4.86455790452561,0.0602533783893762,0.0125,"Pass","Example_Data_13_INFI.csv"
"A19","ID7","Untreated","IL5","P05113","OID00559",5.21261162187938,0.0602533783893762,0.0125,"Pass","Example_Data_13_INFI.csv"
"A22","ID8","Treated","IL5","P05113","OID00559",3.19595706163605,0.0602533783893762,0.0125,"Pass","Example_Data_13_INFI.csv"
"A25","ID9","Untreated","IL5","P05113","OID00559",1.32649377803206,0.0602533783893762,0.0125,"Pass","Example_Data_13_INFI.csv"
"A28","ID10","Treated","IL5","P05113","OID00559",3.64884979577409,0.0602533783893762,0.0125,"Pass","Example_Data_13_INFI.csv"
"A31","ID11","Treated","IL5","P05113","OID00559",3.4974745459563,0.0602533783893762,0.0125,"Pass","Example_Data_13_INFI.csv"
"A37","ID13","Untreated","IL5","P05113","OID00559",2.34377269276168,0.0602533783893762,0.0125,"Pass","Example_Data_13_INFI.csv"
"A40","ID14","Untreated","IL5","P05113","OID00559",3.56960581616977,0.0602533783893762,0.0125,"Pass","Example_Data_13_INFI.csv"
"A43","ID15","Treated","IL5","P05113","OID00559",5.04597212477431,0.0602533783893762,0.0125,"Pass","Example_Data_13_INFI.csv"
"A46","ID16","Untreated","IL5","P05113","OID00559",2.76386993395543,0.0602533783893762,0.0125,"Pass","Example_Data_13_INFI.csv"
"A49","ID17","Untreated","IL5","P05113","OID00559",3.23791040498239,0.0602533783893762,0.0125,"Pass","Example_Data_13_INFI.csv"
"A52","ID18","Treated","IL5","P05113","OID00559",3.5656246884389,0.0602533783893762,0.0125,"Pass","Example_Data_13_INFI.csv"
"A55","ID19","Treated","IL5","P05113","OID00559",-0.328148329489078,0.0602533783893762,0.0125,"Pass","Example_Data_13_INFI.csv"
"A58","ID20","Untreated","IL5","P05113","OID00559",5.56318928497243,0.0602533783893762,0.0125,"Pass","Example_Data_13_INFI.csv"
"A61","ID21","Untreated","IL5","P05113","OID00559",3.98135037711181,0.0602533783893762,0.0125,"Pass","Example_Data_13_INFI.csv"
"A64","ID22","Untreated","IL5","P05113","OID00559",4.28647695772613,0.0602533783893762,0.0125,"Pass","Example_Data_13_INFI.csv"
"A67","ID23","Treated","IL5","P05113","OID00559",3.48079073775425,0.0602533783893762,0.0125,"Pass","Example_Data_13_INFI.csv"
"A70","ID24","Untreated","IL5","P05113","OID00559",3.64484608648641,0.0602533783893762,0.0125,"Pass","Example_Data_13_INFI.csv"
"A73","ID25","Untreated","IL5","P05113","OID00559",2.49417539165955,0.0602533783893762,0.0125,"Pass","Example_Data_13_INFI.csv"
"A76","ID26","Untreated","IL5","P05113","OID00559",3.23881912143743,0.0602533783893762,0.0125,"Pass","Example_Data_13_INFI.csv"
"B2","ID27","Treated","IL5","P05113","OID00559",0.975007008901069,0.0602533783893762,0.0125,"Pass","Example_Data_14_INFI.csv"
"B5","ID28","Treated","IL5","P05113","OID00559",0.586784033390875,0.0602533783893762,0.0125,"Pass","Example_Data_14_INFI.csv"
"B8","ID29","Untreated","IL5","P05113","OID00559",3.16244947777815,0.0602533783893762,0.0125,"Pass","Example_Data_14_INFI.csv"
"B11","ID30","Untreated","IL5","P05113","OID00559",4.02290953450627,0.0602533783893762,0.0125,"Pass","Example_Data_14_INFI.csv"
"B14","ID31","Untreated","IL5","P05113","OID00559",7.27896632117636,0.0602533783893762,0.0125,"Pass","Example_Data_14_INFI.csv"
"B17","ID32","Treated","IL5","P05113","OID00559",2.36951067923828,0.0602533783893762,0.0125,"Pass","Example_Data_14_INFI.csv"
"B20","ID33","Untreated","IL5","P05113","OID00559",3.86835277575729,0.0602533783893762,0.0125,"Pass","Example_Data_14_INFI.csv"
"B23","ID34","Untreated","IL5","P05113","OID00559",3.56910941228584,0.0602533783893762,0.0125,"Pass","Example_Data_14_INFI.csv"
"B26","ID35","Untreated","IL5","P05113","OID00559",3.9858262903454,0.0602533783893762,0.0125,"Pass","Example_Data_14_INFI.csv"
"B29","ID36","Untreated","IL5","P05113","OID00559",4.4893262145699,0.0602533783893762,0.0125,"Pass","Example_Data_14_INFI.csv"
"B32","ID37","Treated","IL5","P05113","OID00559",5.08327512596801,0.0602533783893762,0.0125,"Pass","Example_Data_14_INFI.csv"
"B35","ID38","Treated","IL5","P05113","OID00559",5.06170145156402,0.0602533783893762,0.0125,"Pass","Example_Data_14_INFI.csv"
"B38","ID39","Untreated","IL5","P05113","OID00559",5.76337845437969,0.0602533783893762,0.0125,"Pass","Example_Data_14_INFI.csv"
"B41","ID40","Untreated","IL5","P05113","OID00559",2.64579848818649,0.0602533783893762,0.0125,"Pass","Example_Data_14_INFI.csv"
"B44","ID41","Untreated","IL5","P05113","OID00559",2.76637170171948,0.0602533783893762,0.0125,"Pass","Example_Data_14_INFI.csv"
"B47","ID42","Treated","IL5","P05113","OID00559",4.12758930871248,0.0602533783893762,0.0125,"Pass","Example_Data_14_INFI.csv"
"B50","ID43","Treated","IL5","P05113","OID00559",2.70949931246047,0.0602533783893762,0.0125,"Pass","Example_Data_14_INFI.csv"
"B53","ID44","Treated","IL5","P05113","OID00559",6.03692539398278,0.0602533783893762,0.0125,"Pass","Example_Data_14_INFI.csv"
"B56","ID45","Treated","IL5","P05113","OID00559",0.237498879023675,0.0602533783893762,0.0125,"Pass","Example_Data_14_INFI.csv"
"B59","ID46","Treated","IL5","P05113","OID00559",1.36371869154631,0.0602533783893762,0.0125,"Pass","Example_Data_14_INFI.csv"
"B62","ID47","Treated","IL5","P05113","OID00559",4.9665010262816,0.0602533783893762,0.0125,"Pass","Example_Data_14_INFI.csv"
"B65","ID48","Treated","IL5","P05113","OID00559",3.77729572723949,0.0602533783893762,0.0125,"Pass","Example_Data_14_INFI.csv"
"B68","ID49","Treated","IL5","P05113","OID00559",2.06685350746104,0.0602533783893762,0.0125,"Pass","Example_Data_14_INFI.csv"
"B71","ID50","Treated","IL5","P05113","OID00559",1.2693630813312,0.0602533783893762,0.0125,"Pass","Example_Data_14_INFI.csv"
"B74","ID51","Untreated","IL5","P05113","OID00559",2.67254055856474,0.0602533783893762,0.0125,"Pass","Example_Data_14_INFI.csv"
"B77","ID52","Treated","IL5","P05113","OID00559",2.02168064863021,0.0602533783893762,0.0125,"Pass","Example_Data_14_INFI.csv"
"A1","ID1","Untreated","ADA","P00813","OID00560",3.81260468061001,0,0.025,"Pass","Example_Data_13_INFI.csv"
"A4","ID2","Untreated","ADA","P00813","OID00560",5.22106587870312,0,0.025,"Pass","Example_Data_13_INFI.csv"
"A7","ID3","Untreated","ADA","P00813","OID00560",7.23051836584278,0,0.025,"Pass","Example_Data_13_INFI.csv"
"A10","ID4","Untreated","ADA","P00813","OID00560",5.31890998366922,0,0.025,"Pass","Example_Data_13_INFI.csv"
"A13","ID5","Untreated","ADA","P00813","OID00560",4.07596006476888,0,0.025,"Pass","Example_Data_13_INFI.csv"
"A16","ID6","Treated","ADA","P00813","OID00560",8.74459005590028,0,0.025,"Pass","Example_Data_13_INFI.csv"
"A19","ID7","Untreated","ADA","P00813","OID00560",2.01451465953483,0,0.025,"Pass","Example_Data_13_INFI.csv"
"A22","ID8","Treated","ADA","P00813","OID00560",-1.10523014653234,0,0.025,"Pass","Example_Data_13_INFI.csv"
"A25","ID9","Untreated","ADA","P00813","OID00560",2.7686276051444,0,0.025,"Pass","Example_Data_13_INFI.csv"
"A28","ID10","Treated","ADA","P00813","OID00560",3.41583510979446,0,0.025,"Pass","Example_Data_13_INFI.csv"
"A31","ID11","Treated","ADA","P00813","OID00560",8.27464005936428,0,0.025,"Pass","Example_Data_13_INFI.csv"
"A37","ID13","Untreated","ADA","P00813","OID00560",4.2116407281662,0,0.025,"Pass","Example_Data_13_INFI.csv"
"A40","ID14","Untreated","ADA","P00813","OID00560",6.2916915562094,0,0.025,"Pass","Example_Data_13_INFI.csv"
"A43","ID15","Treated","ADA","P00813","OID00560",5.32376225028877,0,0.025,"Pass","Example_Data_13_INFI.csv"
"A46","ID16","Untreated","ADA","P00813","OID00560",3.81902083863228,0,0.025,"Pass","Example_Data_13_INFI.csv"
"A49","ID17","Untreated","ADA","P00813","OID00560",4.24514938115563,0,0.025,"Pass","Example_Data_13_INFI.csv"
"A52","ID18","Treated","ADA","P00813","OID00560",5.70153361246641,0,0.025,"Pass","Example_Data_13_INFI.csv"
"A55","ID19","Treated","ADA","P00813","OID00560",3.58272834578345,0,0.025,"Pass","Example_Data_13_INFI.csv"
"A58","ID20","Untreated","ADA","P00813","OID00560",8.65524239108663,0,0.025,"Pass","Example_Data_13_INFI.csv"
"A61","ID21","Untreated","ADA","P00813","OID00560",1.55674232922696,0,0.025,"Pass","Example_Data_13_INFI.csv"
"A64","ID22","Untreated","ADA","P00813","OID00560",2.65928925577473,0,0.025,"Pass","Example_Data_13_INFI.csv"
"A67","ID23","Treated","ADA","P00813","OID00560",4.82946713581936,0,0.025,"Pass","Example_Data_13_INFI.csv"
"A70","ID24","Untreated","ADA","P00813","OID00560",6.82885653201899,0,0.025,"Pass","Example_Data_13_INFI.csv"
"A73","ID25","Untreated","ADA","P00813","OID00560",1.44053680175081,0,0.025,"Pass","Example_Data_13_INFI.csv"
"A76","ID26","Untreated","ADA","P00813","OID00560",4.0959128274768,0,0.025,"Pass","Example_Data_13_INFI.csv"
"B2","ID27","Treated","ADA","P00813","OID00560",3.21582097360284,0,0.025,"Pass","Example_Data_14_INFI.csv"
"B5","ID28","Treated","ADA","P00813","OID00560",1.712258711647,0,0.025,"Pass","Example_Data_14_INFI.csv"
"B8","ID29","Untreated","ADA","P00813","OID00560",4.53067848395309,0,0.025,"Pass","Example_Data_14_INFI.csv"
"B11","ID30","Untreated","ADA","P00813","OID00560",7.76447879681257,0,0.025,"Pass","Example_Data_14_INFI.csv"
"B14","ID31","Untreated","ADA","P00813","OID00560",2.09811392178821,0,0.025,"Pass","Example_Data_14_INFI.csv"
"B17","ID32","Treated","ADA","P00813","OID00560",0.741876856162596,0,0.025,"Pass","Example_Data_14_INFI.csv"
"B20","ID33","Untreated","ADA","P00813","OID00560",6.2612675646704,0,0.025,"Pass","Example_Data_14_INFI.csv"
"B23","ID34","Untreated","ADA","P00813","OID00560",4.87942748978373,0,0.025,"Pass","Example_Data_14_INFI.csv"
"B26","ID35","Untreated","ADA","P00813","OID00560",5.13773412900322,0,0.025,"Pass","Example_Data_14_INFI.csv"
"B29","ID36","Untreated","ADA","P00813","OID00560",3.41170325776643,0,0.025,"Pass","Example_Data_14_INFI.csv"
"B32","ID37","Treated","ADA","P00813","OID00560",7.03805103388486,0,0.025,"Pass","Example_Data_14_INFI.csv"
"B35","ID38","Treated","ADA","P00813","OID00560",7.58486184895655,0,0.025,"Pass","Example_Data_14_INFI.csv"
"B38","ID39","Untreated","ADA","P00813","OID00560",9.42929907759199,0,0.025,"Pass","Example_Data_14_INFI.csv"
"B41","ID40","Untreated","ADA","P00813","OID00560",3.5713404356743,0,0.025,"Pass","Example_Data_14_INFI.csv"
"B44","ID41","Untreated","ADA","P00813","OID00560",5.39067687797558,0,0.025,"Pass","Example_Data_14_INFI.csv"
"B47","ID42","Treated","ADA","P00813","OID00560",3.42343472465601,0,0.025,"Pass","Example_Data_14_INFI.csv"
"B50","ID43","Treated","ADA","P00813","OID00560",3.7277261601933,0,0.025,"Pass","Example_Data_14_INFI.csv"
"B53","ID44","Treated","ADA","P00813","OID00560",2.94675245618539,0,0.025,"Pass","Example_Data_14_INFI.csv"
"B56","ID45","Treated","ADA","P00813","OID00560",0.541001076342204,0,0.025,"Pass","Example_Data_14_INFI.csv"
"B59","ID46","Treated","ADA","P00813","OID00560",-1.78298507556845,0,0.025,"Pass","Example_Data_14_INFI.csv"
"B62","ID47","Treated","ADA","P00813","OID00560",1.46830310292524,0,0.025,"Pass","Example_Data_14_INFI.csv"
"B65","ID48","Treated","ADA","P00813","OID00560",-0.473323768395586,0,0.025,"Pass","Example_Data_14_INFI.csv"
"B68","ID49","Treated","ADA","P00813","OID00560",8.15531088013263,0,0.025,"Pass","Example_Data_14_INFI.csv"
"B71","ID50","Treated","ADA","P00813","OID00560",5.9723946736738,0,0.025,"Pass","Example_Data_14_INFI.csv"
"B74","ID51","Untreated","ADA","P00813","OID00560",9.4123401507841,0,0.025,"Pass","Example_Data_14_INFI.csv"
"B77","ID52","Treated","ADA","P00813","OID00560",6.81969323991326,0,0.025,"Pass","Example_Data_14_INFI.csv"
"A1","ID1","Untreated","TNFB","P01374","OID00561",1.91831888596063,0.603702217236513,0.1,"Pass","Example_Data_13_INFI.csv"
"A4","ID2","Untreated","TNFB","P01374","OID00561",1.3971788808844,0.603702217236513,0.1,"Pass","Example_Data_13_INFI.csv"
"A7","ID3","Untreated","TNFB","P01374","OID00561",0.820568515469942,0.603702217236513,0.1,"Pass","Example_Data_13_INFI.csv"
"A10","ID4","Untreated","TNFB","P01374","OID00561",0.467654173975927,0.603702217236513,0.1,"Pass","Example_Data_13_INFI.csv"
"A13","ID5","Untreated","TNFB","P01374","OID00561",2.36016605139833,0.603702217236513,0.1,"Pass","Example_Data_13_INFI.csv"
"A16","ID6","Treated","TNFB","P01374","OID00561",-0.398407868626936,0.603702217236513,0.1,"Pass","Example_Data_13_INFI.csv"
"A19","ID7","Untreated","TNFB","P01374","OID00561",1.45646323793231,0.603702217236513,0.1,"Pass","Example_Data_13_INFI.csv"
"A22","ID8","Treated","TNFB","P01374","OID00561",1.32451304467071,0.603702217236513,0.1,"Pass","Example_Data_13_INFI.csv"
"A25","ID9","Untreated","TNFB","P01374","OID00561",2.83744866842695,0.603702217236513,0.1,"Pass","Example_Data_13_INFI.csv"
"A28","ID10","Treated","TNFB","P01374","OID00561",0.857164650932136,0.603702217236513,0.1,"Pass","Example_Data_13_INFI.csv"
"A31","ID11","Treated","TNFB","P01374","OID00561",2.65604714021173,0.603702217236513,0.1,"Pass","Example_Data_13_INFI.csv"
"A37","ID13","Untreated","TNFB","P01374","OID00561",0.512198051323712,0.603702217236513,0.1,"Pass","Example_Data_13_INFI.csv"
"A40","ID14","Untreated","TNFB","P01374","OID00561",3.24060750386229,0.603702217236513,0.1,"Pass","Example_Data_13_INFI.csv"
"A43","ID15","Treated","TNFB","P01374","OID00561",3.19569130773227,0.603702217236513,0.1,"Pass","Example_Data_13_INFI.csv"
"A46","ID16","Untreated","TNFB","P01374","OID00561",0.497292810608704,0.603702217236513,0.1,"Pass","Example_Data_13_INFI.csv"
"A49","ID17","Untreated","TNFB","P01374","OID00561",2.91726311995472,0.603702217236513,0.1,"Pass","Example_Data_13_INFI.csv"
"A52","ID18","Treated","TNFB","P01374","OID00561",2.78868507077141,0.603702217236513,0.1,"Pass","Example_Data_13_INFI.csv"
"A55","ID19","Treated","TNFB","P01374","OID00561",1.53423184070358,0.603702217236513,0.1,"Pass","Example_Data_13_INFI.csv"
"A58","ID20","Untreated","TNFB","P01374","OID00561",0.671342294331713,0.603702217236513,0.1,"Pass","Example_Data_13_INFI.csv"
"A61","ID21","Untreated","TNFB","P01374","OID00561",2.89371794112515,0.603702217236513,0.1,"Pass","Example_Data_13_INFI.csv"
"A64","ID22","Untreated","TNFB","P01374","OID00561",1.11368841227025,0.603702217236513,0.1,"Pass","Example_Data_13_INFI.csv"
"A67","ID23","Treated","TNFB","P01374","OID00561",3.37028620682281,0.603702217236513,0.1,"Pass","Example_Data_13_INFI.csv"
"A70","ID24","Untreated","TNFB","P01374","OID00561",1.67739639307155,0.603702217236513,0.1,"Pass","Example_Data_13_INFI.csv"
"A73","ID25","Untreated","TNFB","P01374","OID00561",2.15811962089378,0.603702217236513,0.1,"Pass","Example_Data_13_INFI.csv"
"A76","ID26","Untreated","TNFB","P01374","OID00561",3.88764030981032,0.603702217236513,0.1,"Pass","Example_Data_13_INFI.csv"
"B2","ID27","Treated","TNFB","P01374","OID00561",2.50333228038286,0.603702217236513,0.1,"Pass","Example_Data_14_INFI.csv"
"B5","ID28","Treated","TNFB","P01374","OID00561",1.36770009384612,0.603702217236513,0.1,"Pass","Example_Data_14_INFI.csv"
"B8","ID29","Untreated","TNFB","P01374","OID00561",0.835586536261197,0.603702217236513,0.1,"Pass","Example_Data_14_INFI.csv"
"B11","ID30","Untreated","TNFB","P01374","OID00561",3.05580669794041,0.603702217236513,0.1,"Pass","Example_Data_14_INFI.csv"
"B14","ID31","Untreated","TNFB","P01374","OID00561",1.87015229179298,0.603702217236513,0.1,"Pass","Example_Data_14_INFI.csv"
"B17","ID32","Treated","TNFB","P01374","OID00561",2.11960437341928,0.603702217236513,0.1,"Pass","Example_Data_14_INFI.csv"
"B20","ID33","Untreated","TNFB","P01374","OID00561",2.42296329846545,0.603702217236513,0.1,"Pass","Example_Data_14_INFI.csv"
"B23","ID34","Untreated","TNFB","P01374","OID00561",2.65912986064413,0.603702217236513,0.1,"Pass","Example_Data_14_INFI.csv"
"B26","ID35","Untreated","TNFB","P01374","OID00561",0.525928816241751,0.603702217236513,0.1,"Pass","Example_Data_14_INFI.csv"
"B29","ID36","Untreated","TNFB","P01374","OID00561",3.99256542767571,0.603702217236513,0.1,"Pass","Example_Data_14_INFI.csv"
"B32","ID37","Treated","TNFB","P01374","OID00561",2.54544223407601,0.603702217236513,0.1,"Pass","Example_Data_14_INFI.csv"
"B35","ID38","Treated","TNFB","P01374","OID00561",-0.768712848034339,0.603702217236513,0.1,"Pass","Example_Data_14_INFI.csv"
"B38","ID39","Untreated","TNFB","P01374","OID00561",2.55902551427866,0.603702217236513,0.1,"Pass","Example_Data_14_INFI.csv"
"B41","ID40","Untreated","TNFB","P01374","OID00561",2.81419764997494,0.603702217236513,0.1,"Pass","Example_Data_14_INFI.csv"
"B44","ID41","Untreated","TNFB","P01374","OID00561",2.02675079205206,0.603702217236513,0.1,"Pass","Example_Data_14_INFI.csv"
"B47","ID42","Treated","TNFB","P01374","OID00561",1.18139861826164,0.603702217236513,0.1,"Pass","Example_Data_14_INFI.csv"
"B50","ID43","Treated","TNFB","P01374","OID00561",2.37601807068151,0.603702217236513,0.1,"Pass","Example_Data_14_INFI.csv"
"B53","ID44","Treated","TNFB","P01374","OID00561",1.07921288179748,0.603702217236513,0.1,"Pass","Example_Data_14_INFI.csv"
"B56","ID45","Treated","TNFB","P01374","OID00561",2.75014387132495,0.603702217236513,0.1,"Pass","Example_Data_14_INFI.csv"
"B59","ID46","Treated","TNFB","P01374","OID00561",2.39033031394104,0.603702217236513,0.1,"Pass","Example_Data_14_INFI.csv"
"B62","ID47","Treated","TNFB","P01374","OID00561",1.21377600923606,0.603702217236513,0.1,"Pass","Example_Data_14_INFI.csv"
"B65","ID48","Treated","TNFB","P01374","OID00561",3.15029649452961,0.603702217236513,0.1,"Pass","Example_Data_14_INFI.csv"
"B68","ID49","Treated","TNFB","P01374","OID00561",2.12833912641162,0.603702217236513,0.1,"Pass","Example_Data_14_INFI.csv"
"B71","ID50","Treated","TNFB","P01374","OID00561",2.40578775711687,0.603702217236513,0.1,"Pass","Example_Data_14_INFI.csv"
"B74","ID51","Untreated","TNFB","P01374","OID00561",1.48627689346843,0.603702217236513,0.1,"Pass","Example_Data_14_INFI.csv"
"B77","ID52","Treated","TNFB","P01374","OID00561",-0.244564568692568,0.603702217236513,0.1,"Pass","Example_Data_14_INFI.csv"
"A1","ID1","Untreated","CSF-1","P09603","OID00562",3.13498952068797,0,0.00625,"Pass","Example_Data_13_INFI.csv"
"A4","ID2","Untreated","CSF-1","P09603","OID00562",2.30792967292192,0,0.00625,"Pass","Example_Data_13_INFI.csv"
"A7","ID3","Untreated","CSF-1","P09603","OID00562",1.80688207925546,0,0.00625,"Pass","Example_Data_13_INFI.csv"
"A10","ID4","Untreated","CSF-1","P09603","OID00562",2.4330491763047,0,0.00625,"Pass","Example_Data_13_INFI.csv"
"A13","ID5","Untreated","CSF-1","P09603","OID00562",1.37226404109603,0,0.00625,"Pass","Example_Data_13_INFI.csv"
"A16","ID6","Treated","CSF-1","P09603","OID00562",4.81954040431626,0,0.00625,"Pass","Example_Data_13_INFI.csv"
"A19","ID7","Untreated","CSF-1","P09603","OID00562",4.06430233263563,0,0.00625,"Pass","Example_Data_13_INFI.csv"
"A22","ID8","Treated","CSF-1","P09603","OID00562",2.37575815124365,0,0.00625,"Pass","Example_Data_13_INFI.csv"
"A25","ID9","Untreated","CSF-1","P09603","OID00562",4.02241853386287,0,0.00625,"Pass","Example_Data_13_INFI.csv"
"A28","ID10","Treated","CSF-1","P09603","OID00562",3.1032995445425,0,0.00625,"Pass","Example_Data_13_INFI.csv"
"A31","ID11","Treated","CSF-1","P09603","OID00562",4.69634130966945,0,0.00625,"Pass","Example_Data_13_INFI.csv"
"A37","ID13","Untreated","CSF-1","P09603","OID00562",3.59102024643594,0,0.00625,"Pass","Example_Data_13_INFI.csv"
"A40","ID14","Untreated","CSF-1","P09603","OID00562",1.89195418901824,0,0.00625,"Pass","Example_Data_13_INFI.csv"
"A43","ID15","Treated","CSF-1","P09603","OID00562",2.6984305694619,0,0.00625,"Pass","Example_Data_13_INFI.csv"
"A46","ID16","Untreated","CSF-1","P09603","OID00562",6.2029825307931,0,0.00625,"Pass","Example_Data_13_INFI.csv"
"A49","ID17","Untreated","CSF-1","P09603","OID00562",4.15007954961701,0,0.00625,"Pass","Example_Data_13_INFI.csv"
"A52","ID18","Treated","CSF-1","P09603","OID00562",3.59059715677222,0,0.00625,"Pass","Example_Data_13_INFI.csv"
"A55","ID19","Treated","CSF-1","P09603","OID00562",3.33584755341778,0,0.00625,"Pass","Example_Data_13_INFI.csv"
"A58","ID20","Untreated","CSF-1","P09603","OID00562",4.15290619797471,0,0.00625,"Pass","Example_Data_13_INFI.csv"
"A61","ID21","Untreated","CSF-1","P09603","OID00562",3.881719816935,0,0.00625,"Pass","Example_Data_13_INFI.csv"
"A64","ID22","Untreated","CSF-1","P09603","OID00562",3.12636480370374,0,0.00625,"Pass","Example_Data_13_INFI.csv"
"A67","ID23","Treated","CSF-1","P09603","OID00562",6.36050078095712,0,0.00625,"Pass","Example_Data_13_INFI.csv"
"A70","ID24","Untreated","CSF-1","P09603","OID00562",2.47522796860606,0,0.00625,"Pass","Example_Data_13_INFI.csv"
"A73","ID25","Untreated","CSF-1","P09603","OID00562",3.54220246619806,0,0.00625,"Pass","Example_Data_13_INFI.csv"
"A76","ID26","Untreated","CSF-1","P09603","OID00562",4.07326223973024,0,0.00625,"Pass","Example_Data_13_INFI.csv"
"B2","ID27","Treated","CSF-1","P09603","OID00562",2.57089819280242,0,0.00625,"Pass","Example_Data_14_INFI.csv"
"B5","ID28","Treated","CSF-1","P09603","OID00562",1.52035547216547,0,0.00625,"Pass","Example_Data_14_INFI.csv"
"B8","ID29","Untreated","CSF-1","P09603","OID00562",2.85932765323513,0,0.00625,"Pass","Example_Data_14_INFI.csv"
"B11","ID30","Untreated","CSF-1","P09603","OID00562",2.15931295563439,0,0.00625,"Pass","Example_Data_14_INFI.csv"
"B14","ID31","Untreated","CSF-1","P09603","OID00562",2.88062592519651,0,0.00625,"Pass","Example_Data_14_INFI.csv"
"B17","ID32","Treated","CSF-1","P09603","OID00562",5.52040174067156,0,0.00625,"Pass","Example_Data_14_INFI.csv"
"B20","ID33","Untreated","CSF-1","P09603","OID00562",4.30386130335088,0,0.00625,"Pass","Example_Data_14_INFI.csv"
"B23","ID34","Untreated","CSF-1","P09603","OID00562",2.23207331510024,0,0.00625,"Pass","Example_Data_14_INFI.csv"
"B26","ID35","Untreated","CSF-1","P09603","OID00562",2.13274131646665,0,0.00625,"Pass","Example_Data_14_INFI.csv"
"B29","ID36","Untreated","CSF-1","P09603","OID00562",5.84866132812571,0,0.00625,"Pass","Example_Data_14_INFI.csv"
"B32","ID37","Treated","CSF-1","P09603","OID00562",3.35224830953183,0,0.00625,"Pass","Example_Data_14_INFI.csv"
"B35","ID38","Treated","CSF-1","P09603","OID00562",4.91732063927113,0,0.00625,"Pass","Example_Data_14_INFI.csv"
"B38","ID39","Untreated","CSF-1","P09603","OID00562",4.24015670853323,0,0.00625,"Pass","Example_Data_14_INFI.csv"
"B41","ID40","Untreated","CSF-1","P09603","OID00562",3.47578779072158,0,0.00625,"Pass","Example_Data_14_INFI.csv"
"B44","ID41","Untreated","CSF-1","P09603","OID00562",4.05177103597918,0,0.00625,"Pass","Example_Data_14_INFI.csv"
"B47","ID42","Treated","CSF-1","P09603","OID00562",3.57409942630033,0,0.00625,"Pass","Example_Data_14_INFI.csv"
"B50","ID43","Treated","CSF-1","P09603","OID00562",2.17758541781694,0,0.00625,"Pass","Example_Data_14_INFI.csv"
"B53","ID44","Treated","CSF-1","P09603","OID00562",5.8444095217782,0,0.00625,"Pass","Example_Data_14_INFI.csv"
"B56","ID45","Treated","CSF-1","P09603","OID00562",4.86343393784133,0,0.00625,"Pass","Example_Data_14_INFI.csv"
"B59","ID46","Treated","CSF-1","P09603","OID00562",0.944601725974625,0,0.00625,"Pass","Example_Data_14_INFI.csv"
"B62","ID47","Treated","CSF-1","P09603","OID00562",4.61292307955972,0,0.00625,"Pass","Example_Data_14_INFI.csv"
"B65","ID48","Treated","CSF-1","P09603","OID00562",0.52807027609582,0,0.00625,"Pass","Example_Data_14_INFI.csv"
"B68","ID49","Treated","CSF-1","P09603","OID00562",4.21453608897323,0,0.00625,"Pass","Example_Data_14_INFI.csv"
"B71","ID50","Treated","CSF-1","P09603","OID00562",3.96530143916855,0,0.00625,"Pass","Example_Data_14_INFI.csv"
"B74","ID51","Untreated","CSF-1","P09603","OID00562",3.01491355044297,0,0.00625,"Pass","Example_Data_14_INFI.csv"
"B77","ID52","Treated","CSF-1","P09603","OID00562",4.10827520087564,0,0.00625,"Pass","Example_Data_14_INFI.csv"
"A1","ID1","Untreated","DNER","Q8NFT8","OID01213",12.1016834151185,5.78660347133251,0.0625,"Pass","Example_Data_13_INFI.csv"
"A4","ID2","Untreated","DNER","Q8NFT8","OID01213",3.15914576281112,5.78660347133251,0.0625,"Pass","Example_Data_13_INFI.csv"
"A7","ID3","Untreated","DNER","Q8NFT8","OID01213",11.3566055616754,5.78660347133251,0.0625,"Pass","Example_Data_13_INFI.csv"
"A10","ID4","Untreated","DNER","Q8NFT8","OID01213",7.23329944085679,5.78660347133251,0.0625,"Pass","Example_Data_13_INFI.csv"
"A13","ID5","Untreated","DNER","Q8NFT8","OID01213",5.10688362933394,5.78660347133251,0.0625,"Pass","Example_Data_13_INFI.csv"
"A16","ID6","Treated","DNER","Q8NFT8","OID01213",5.80750672836067,5.78660347133251,0.0625,"Pass","Example_Data_13_INFI.csv"
"A19","ID7","Untreated","DNER","Q8NFT8","OID01213",11.6816329698682,5.78660347133251,0.0625,"Pass","Example_Data_13_INFI.csv"
"A22","ID8","Treated","DNER","Q8NFT8","OID01213",10.6465287073057,5.78660347133251,0.0625,"Pass","Example_Data_13_INFI.csv"
"A25","ID9","Untreated","DNER","Q8NFT8","OID01213",6.90006958880697,5.78660347133251,0.0625,"Pass","Example_Data_13_INFI.csv"
"A28","ID10","Treated","DNER","Q8NFT8","OID01213",11.7042735434175,5.78660347133251,0.0625,"Pass","Example_Data_13_INFI.csv"
"A31","ID11","Treated","DNER","Q8NFT8","OID01213",12.5892817914955,5.78660347133251,0.0625,"Pass","Example_Data_13_INFI.csv"
"A37","ID13","Untreated","DNER","Q8NFT8","OID01213",13.5238932424754,5.78660347133251,0.0625,"Pass","Example_Data_13_INFI.csv"
"A40","ID14","Untreated","DNER","Q8NFT8","OID01213",8.3395931303057,5.78660347133251,0.0625,"Pass","Example_Data_13_INFI.csv"
"A43","ID15","Treated","DNER","Q8NFT8","OID01213",9.77818367621868,5.78660347133251,0.0625,"Pass","Example_Data_13_INFI.csv"
"A46","ID16","Untreated","DNER","Q8NFT8","OID01213",9.98112396120382,5.78660347133251,0.0625,"Pass","Example_Data_13_INFI.csv"
"A49","ID17","Untreated","DNER","Q8NFT8","OID01213",9.36052208882836,5.78660347133251,0.0625,"Pass","Example_Data_13_INFI.csv"
"A52","ID18","Treated","DNER","Q8NFT8","OID01213",10.269828383777,5.78660347133251,0.0625,"Pass","Example_Data_13_INFI.csv"
"A55","ID19","Treated","DNER","Q8NFT8","OID01213",6.30070382672461,5.78660347133251,0.0625,"Pass","Example_Data_13_INFI.csv"
"A58","ID20","Untreated","DNER","Q8NFT8","OID01213",11.8258984685237,5.78660347133251,0.0625,"Pass","Example_Data_13_INFI.csv"
"A61","ID21","Untreated","DNER","Q8NFT8","OID01213",10.9727906260063,5.78660347133251,0.0625,"Pass","Example_Data_13_INFI.csv"
"A64","ID22","Untreated","DNER","Q8NFT8","OID01213",17.4550155260794,5.78660347133251,0.0625,"Pass","Example_Data_13_INFI.csv"
"A67","ID23","Treated","DNER","Q8NFT8","OID01213",12.0137440409942,5.78660347133251,0.0625,"Pass","Example_Data_13_INFI.csv"
"A70","ID24","Untreated","DNER","Q8NFT8","OID01213",1.95559762811781,5.78660347133251,0.0625,"Pass","Example_Data_13_INFI.csv"
"A73","ID25","Untreated","DNER","Q8NFT8","OID01213",9.32510253891735,5.78660347133251,0.0625,"Pass","Example_Data_13_INFI.csv"
"A76","ID26","Untreated","DNER","Q8NFT8","OID01213",11.6299951388795,5.78660347133251,0.0625,"Pass","Example_Data_13_INFI.csv"
"B2","ID27","Treated","DNER","Q8NFT8","OID01213",13.9232342833094,5.78660347133251,0.0625,"Pass","Example_Data_14_INFI.csv"
"B5","ID28","Treated","DNER","Q8NFT8","OID01213",9.08180849522513,5.78660347133251,0.0625,"Pass","Example_Data_14_INFI.csv"
"B8","ID29","Untreated","DNER","Q8NFT8","OID01213",13.1515187746667,5.78660347133251,0.0625,"Pass","Example_Data_14_INFI.csv"
"B11","ID30","Untreated","DNER","Q8NFT8","OID01213",11.4383399771555,5.78660347133251,0.0625,"Pass","Example_Data_14_INFI.csv"
"B14","ID31","Untreated","DNER","Q8NFT8","OID01213",8.52735451727237,5.78660347133251,0.0625,"Pass","Example_Data_14_INFI.csv"
"B17","ID32","Treated","DNER","Q8NFT8","OID01213",8.41644867333359,5.78660347133251,0.0625,"Pass","Example_Data_14_INFI.csv"
"B20","ID33","Untreated","DNER","Q8NFT8","OID01213",12.781788193632,5.78660347133251,0.0625,"Pass","Example_Data_14_INFI.csv"
"B23","ID34","Untreated","DNER","Q8NFT8","OID01213",6.30970182325339,5.78660347133251,0.0625,"Pass","Example_Data_14_INFI.csv"
"B26","ID35","Untreated","DNER","Q8NFT8","OID01213",10.4806039121415,5.78660347133251,0.0625,"Pass","Example_Data_14_INFI.csv"
"B29","ID36","Untreated","DNER","Q8NFT8","OID01213",8.24489703909448,5.78660347133251,0.0625,"Pass","Example_Data_14_INFI.csv"
"B32","ID37","Treated","DNER","Q8NFT8","OID01213",6.54878303372114,5.78660347133251,0.0625,"Pass","Example_Data_14_INFI.csv"
"B35","ID38","Treated","DNER","Q8NFT8","OID01213",9.34227561521993,5.78660347133251,0.0625,"Pass","Example_Data_14_INFI.csv"
"B38","ID39","Untreated","DNER","Q8NFT8","OID01213",8.47223129590628,5.78660347133251,0.0625,"Pass","Example_Data_14_INFI.csv"
"B41","ID40","Untreated","DNER","Q8NFT8","OID01213",6.63089121769647,5.78660347133251,0.0625,"Pass","Example_Data_14_INFI.csv"
"B44","ID41","Untreated","DNER","Q8NFT8","OID01213",4.38567854938268,5.78660347133251,0.0625,"Pass","Example_Data_14_INFI.csv"
"B47","ID42","Treated","DNER","Q8NFT8","OID01213",8.63047917020876,5.78660347133251,0.0625,"Pass","Example_Data_14_INFI.csv"
"B50","ID43","Treated","DNER","Q8NFT8","OID01213",15.7016465678456,5.78660347133251,0.0625,"Pass","Example_Data_14_INFI.csv"
"B53","ID44","Treated","DNER","Q8NFT8","OID01213",13.0176019901683,5.78660347133251,0.0625,"Pass","Example_Data_14_INFI.csv"
"B56","ID45","Treated","DNER","Q8NFT8","OID01213",15.0468338611751,5.78660347133251,0.0625,"Pass","Example_Data_14_INFI.csv"
"B59","ID46","Treated","DNER","Q8NFT8","OID01213",8.10338646059918,5.78660347133251,0.0625,"Pass","Example_Data_14_INFI.csv"
"B62","ID47","Treated","DNER","Q8NFT8","OID01213",9.50178605230556,5.78660347133251,0.0625,"Pass","Example_Data_14_INFI.csv"
"B65","ID48","Treated","DNER","Q8NFT8","OID01213",12.6515602519594,5.78660347133251,0.0625,"Pass","Example_Data_14_INFI.csv"
"B68","ID49","Treated","DNER","Q8NFT8","OID01213",14.2654784740251,5.78660347133251,0.0625,"Pass","Example_Data_14_INFI.csv"
"B71","ID50","Treated","DNER","Q8NFT8","OID01213",11.9224765981671,5.78660347133251,0.0625,"Pass","Example_Data_14_INFI.csv"
"B74","ID51","Untreated","DNER","Q8NFT8","OID01213",12.4146362673471,5.78660347133251,0.0625,"Pass","Example_Data_14_INFI.csv"
"B77","ID52","Treated","DNER","Q8NFT8","OID01213",6.35268259869485,5.78660347133251,0.0625,"Pass","Example_Data_14_INFI.csv"
"A1","ID1","Untreated","CD8A","P01732","OID05124",12.2603118446612,4.61169855431883,0.075,"Pass","Example_Data_13_INFI.csv"
"A4","ID2","Untreated","CD8A","P01732","OID05124",7.4201217099339,4.61169855431883,0.075,"Pass","Example_Data_13_INFI.csv"
"A7","ID3","Untreated","CD8A","P01732","OID05124",6.36622677176519,4.61169855431883,0.075,"Pass","Example_Data_13_INFI.csv"
"A10","ID4","Untreated","CD8A","P01732","OID05124",10.6499665319318,4.61169855431883,0.075,"Pass","Example_Data_13_INFI.csv"
"A13","ID5","Untreated","CD8A","P01732","OID05124",8.55035969922688,4.61169855431883,0.075,"Pass","Example_Data_13_INFI.csv"
"A16","ID6","Treated","CD8A","P01732","OID05124",11.1445317525684,4.61169855431883,0.075,"Pass","Example_Data_13_INFI.csv"
"A19","ID7","Untreated","CD8A","P01732","OID05124",10.827844649511,4.61169855431883,0.075,"Pass","Example_Data_13_INFI.csv"
"A22","ID8","Treated","CD8A","P01732","OID05124",9.37604642941336,4.61169855431883,0.075,"Pass","Example_Data_13_INFI.csv"
"A25","ID9","Untreated","CD8A","P01732","OID05124",9.55022101197894,4.61169855431883,0.075,"Pass","Example_Data_13_INFI.csv"
"A28","ID10","Treated","CD8A","P01732","OID05124",10.101202506452,4.61169855431883,0.075,"Pass","Example_Data_13_INFI.csv"
"A31","ID11","Treated","CD8A","P01732","OID05124",6.62916922270297,4.61169855431883,0.075,"Pass","Example_Data_13_INFI.csv"
"A37","ID13","Untreated","CD8A","P01732","OID05124",4.76156439108032,4.61169855431883,0.075,"Pass","Example_Data_13_INFI.csv"
"A40","ID14","Untreated","CD8A","P01732","OID05124",7.97502464515435,4.61169855431883,0.075,"Pass","Example_Data_13_INFI.csv"
"A43","ID15","Treated","CD8A","P01732","OID05124",8.59353593716584,4.61169855431883,0.075,"Pass","Example_Data_13_INFI.csv"
"A46","ID16","Untreated","CD8A","P01732","OID05124",10.7226349402808,4.61169855431883,0.075,"Pass","Example_Data_13_INFI.csv"
"A49","ID17","Untreated","CD8A","P01732","OID05124",9.98283150803388,4.61169855431883,0.075,"Pass","Example_Data_13_INFI.csv"
"A52","ID18","Treated","CD8A","P01732","OID05124",9.61455351845589,4.61169855431883,0.075,"Pass","Example_Data_13_INFI.csv"
"A55","ID19","Treated","CD8A","P01732","OID05124",8.85696729229295,4.61169855431883,0.075,"Pass","Example_Data_13_INFI.csv"
"A58","ID20","Untreated","CD8A","P01732","OID05124",5.17258189540939,4.61169855431883,0.075,"Pass","Example_Data_13_INFI.csv"
"A61","ID21","Untreated","CD8A","P01732","OID05124",9.75995989089123,4.61169855431883,0.075,"Pass","Example_Data_13_INFI.csv"
"A64","ID22","Untreated","CD8A","P01732","OID05124",12.6717541313015,4.61169855431883,0.075,"Pass","Example_Data_13_INFI.csv"
"A67","ID23","Treated","CD8A","P01732","OID05124",11.176442815168,4.61169855431883,0.075,"Pass","Example_Data_13_INFI.csv"
"A70","ID24","Untreated","CD8A","P01732","OID05124",6.72164900534332,4.61169855431883,0.075,"Pass","Example_Data_13_INFI.csv"
"A73","ID25","Untreated","CD8A","P01732","OID05124",9.94949613735942,4.61169855431883,0.075,"Pass","Example_Data_13_INFI.csv"
"A76","ID26","Untreated","CD8A","P01732","OID05124",11.0137283044601,4.61169855431883,0.075,"Pass","Example_Data_13_INFI.csv"
"B2","ID27","Treated","CD8A","P01732","OID05124",4.70854205899151,4.61169855431883,0.075,"Pass","Example_Data_14_INFI.csv"
"B5","ID28","Treated","CD8A","P01732","OID05124",7.19917474528978,4.61169855431883,0.075,"Pass","Example_Data_14_INFI.csv"
"B8","ID29","Untreated","CD8A","P01732","OID05124",11.4376654757035,4.61169855431883,0.075,"Pass","Example_Data_14_INFI.csv"
"B11","ID30","Untreated","CD8A","P01732","OID05124",4.07676896064308,4.61169855431883,0.075,"Pass","Example_Data_14_INFI.csv"
"B14","ID31","Untreated","CD8A","P01732","OID05124",11.4257077822974,4.61169855431883,0.075,"Pass","Example_Data_14_INFI.csv"
"B17","ID32","Treated","CD8A","P01732","OID05124",10.6879596648693,4.61169855431883,0.075,"Pass","Example_Data_14_INFI.csv"
"B20","ID33","Untreated","CD8A","P01732","OID05124",8.18554313088484,4.61169855431883,0.075,"Pass","Example_Data_14_INFI.csv"
"B23","ID34","Untreated","CD8A","P01732","OID05124",8.58468903921547,4.61169855431883,0.075,"Pass","Example_Data_14_INFI.csv"
"B26","ID35","Untreated","CD8A","P01732","OID05124",11.8570657482143,4.61169855431883,0.075,"Pass","Example_Data_14_INFI.csv"
"B29","ID36","Untreated","CD8A","P01732","OID05124",7.42215504236795,4.61169855431883,0.075,"Pass","Example_Data_14_INFI.csv"
"B32","ID37","Treated","CD8A","P01732","OID05124",6.93916979151322,4.61169855431883,0.075,"Pass","Example_Data_14_INFI.csv"
"B35","ID38","Treated","CD8A","P01732","OID05124",11.9986751984527,4.61169855431883,0.075,"Pass","Example_Data_14_INFI.csv"
"B38","ID39","Untreated","CD8A","P01732","OID05124",6.51454117001911,4.61169855431883,0.075,"Pass","Example_Data_14_INFI.csv"
"B41","ID40","Untreated","CD8A","P01732","OID05124",8.79933910736506,4.61169855431883,0.075,"Pass","Example_Data_14_INFI.csv"
"B44","ID41","Untreated","CD8A","P01732","OID05124",8.89970268963681,4.61169855431883,0.075,"Pass","Example_Data_14_INFI.csv"
"B47","ID42","Treated","CD8A","P01732","OID05124",10.610407535199,4.61169855431883,0.075,"Pass","Example_Data_14_INFI.csv"
"B50","ID43","Treated","CD8A","P01732","OID05124",10.0658501428682,4.61169855431883,0.075,"Pass","Example_Data_14_INFI.csv"
"B53","ID44","Treated","CD8A","P01732","OID05124",9.05240989495421,4.61169855431883,0.075,"Pass","Example_Data_14_INFI.csv"
"B56","ID45","Treated","CD8A","P01732","OID05124",8.8920397941262,4.61169855431883,0.075,"Pass","Example_Data_14_INFI.csv"
"B59","ID46","Treated","CD8A","P01732","OID05124",1.82164083923888,4.61169855431883,0.075,"Pass","Example_Data_14_INFI.csv"
"B62","ID47","Treated","CD8A","P01732","OID05124",6.21581425264384,4.61169855431883,0.075,"Pass","Example_Data_14_INFI.csv"
"B65","ID48","Treated","CD8A","P01732","OID05124",8.03694179511432,4.61169855431883,0.075,"Pass","Example_Data_14_INFI.csv"
"B68","ID49","Treated","CD8A","P01732","OID05124",10.4052804382356,4.61169855431883,0.075,"Pass","Example_Data_14_INFI.csv"
"B71","ID50","Treated","CD8A","P01732","OID05124",8.01872150571428,4.61169855431883,0.075,"Pass","Example_Data_14_INFI.csv"
"B74","ID51","Untreated","CD8A","P01732","OID05124",10.369455142379,4.61169855431883,0.075,"Pass","Example_Data_14_INFI.csv"
"B77","ID52","Treated","CD8A","P01732","OID05124",8.49297371250952,4.61169855431883,0.075,"Pass","Example_Data_14_INFI.csv"
